"variant","case_id","sample","warmup","total_load_us","file_json_us","file_open_us","json_chunk_us","strict_parse_us","validation_dom_us","schema_compile_us","schema_locate_us","schema_parse_us","schema_populate_us","validate_us","typed_us","resources_us","accessors_us","animations_us","buffers_us","buffer_views_us","cameras_us","images_us","materials_us","meshes_us","nodes_us","samplers_us","scenes_us","skins_us","textures_us","typed_other_us","serializer_dom_us","serializer_text_us","resource_write_us","cache_setup_us","input_bytes","json_bytes","resource_bytes","buffer_read_us","image_read_us","buffer_bytes","image_bytes","after_input_ws","after_input_private","after_input_peak","after_parse_ws","after_parse_private","after_parse_peak","after_validation_dom_ws","after_validation_dom_private","after_validation_dom_peak","after_schema_ws","after_schema_private","after_schema_peak","after_validation_ws","after_validation_private","after_validation_peak","after_typed_ws","after_typed_private","after_typed_peak","after_resources_ws","after_resources_private","after_resources_peak","after_serialization_ws","after_serialization_private","after_serialization_peak","schema_locator_calls","schema_documents_parsed","schema_bytes_parsed","parser_parent_scan_loops","parser_parent_scan_elements","schema_adapter_find_calls","schema_adapter_find_scans","schema_adapter_members","schema_adapter_constructions","schema_constraints","schema_traversals","validation_adapter_find_calls","validation_adapter_find_scans","validation_adapter_members","validation_adapter_constructions","validation_string_copies","validation_string_bytes","validation_index_builds","validation_index_members","validation_constraints","validation_traversals","validation_allof","validation_anyof","validation_oneof","validation_properties","validation_required","validation_items","validation_types","validation_unique_items","validation_unique_comparisons","validation_unique_scalar_values","typed_find_calls","typed_find_scans","status","pair","execution_order"
"current","Avocado-glb","0","false","37019.599999999999","918.70000000000005","845","73.700000000000003","312","0.10000000000000001","7679.6999999999998","3572.9000000000001","3486.9000000000001","7355.3999999999996","389.80000000000001","328.30000000000001","27357.099999999999","59.799999999999997","0.69999999999999996","12.1","42.899999999999999","2.5","16.100000000000001","20.899999999999999","18.600000000000001","7.9000000000000004","0.69999999999999996","6","0.69999999999999996","42.600000000000001","19.700000000000003","0","0","0","0","8110040","1524","16193390","14581.200000000001","12775.9","8108488","8084902","5341184","851968","5341184","5525504","851968","5525504","5525504","851968","5525504","6250496","1314816","6250496","6320128","1314816","6320128","6569984","1335296","6569984","22798336","17571840","22798336","0","0","0","33","33","71456","0","0","0","0","0","0","0","0","0","0","0","0","0","0","0","0","0","0","0","0","0","0","0","0","0","0","0","0","0","0","ok","1","1"
"sax-scalar-unique-fallback","Avocado-glb","0","false","25043.900000000001","670.80000000000007","623.10000000000002","47.700000000000003","181.30000000000001","0.10000000000000001","4881.6000000000004","2262.1999999999998","2214.3999999999996","4636.3000000000002","218.30000000000001","212.69999999999999","18855.099999999999","60.399999999999999","0.40000000000000002","8.1999999999999993","28.399999999999999","1.8999999999999999","10.9","13.6","12.699999999999999","4.7000000000000002","0.69999999999999996","4.7000000000000002","0.40000000000000002","5.7000000000000002","14.4","0","0","0","0","8110040","1524","16193390","9389.5","9465.6000000000004","8108488","8084902","5337088","888832","5337088","5484544","888832","5484544","5484544","888832","5484544","6275072","1368064","6275072","6344704","1368064","6344704","6586368","1380352","6586368","22822912","17616896","22822912","0","0","0","33","33","71456","0","0","0","0","0","0","0","0","0","0","0","0","0","0","0","0","0","0","0","0","0","0","0","0","0","0","0","0","0","0","ok","1","2"
"sax-scalar-unique-fallback","Avocado-glb","0","false","23980.900000000001","703.39999999999998","652.5","50.899999999999999","184.90000000000001","0.10000000000000001","4350.5","2071.5","2025.4999999999995","4129.6999999999998","203.09999999999999","213.30000000000001","18302.900000000001","39.100000000000001","0.5","7.9000000000000004","48.899999999999999","1.8999999999999999","10.4","12.800000000000001","12.5","4.7999999999999998","0.59999999999999998","4.2000000000000002","0.5","5.7000000000000002","14.4","0","0","0","0","8110040","1524","16193390","9237.1000000000004","9065.7999999999993","8108488","8084902","5357568","888832","5357568","5505024","892928","5505024","5505024","892928","5505024","6291456","1368064","6291456","6361088","1368064","6361088","6606848","1384448","6606848","22835200","17616896","22835200","0","0","0","33","33","71456","0","0","0","0","0","0","0","0","0","0","0","0","0","0","0","0","0","0","0","0","0","0","0","0","0","0","0","0","0","0","ok","2","1"
"current","Avocado-glb","0","false","25043.400000000001","683.79999999999995","634","49.799999999999997","224.40000000000001","0","4318.3000000000002","2034.1999999999998","1985.9999999999998","4117.3999999999996","233.80000000000001","288.5","19267.799999999999","34.700000000000003","0.40000000000000002","8.4000000000000004","30.300000000000001","2.6000000000000001","16.100000000000001","65","19.399999999999999","7.7000000000000002","21.199999999999999","7.0999999999999996","0.69999999999999996","9.8000000000000007","14.299999999999999","0","0","0","0","8110040","1524","16193390","9838.5","9429.2999999999993","8108488","8084902","5365760","888832","5365760","5566464","888832","5566464","5566464","888832","5566464","6283264","1355776","6283264","6352896","1355776","6352896","6615040","1368064","6615040","22847488","17600512","22847488","0","0","0","33","33","71456","0","0","0","0","0","0","0","0","0","0","0","0","0","0","0","0","0","0","0","0","0","0","0","0","0","0","0","0","0","0","ok","2","2"
"current","Avocado-glb","0","false","30307.299999999999","870.79999999999995","810.89999999999998","59.899999999999999","279.10000000000002","0.20000000000000001","5113.3999999999996","2439.3999999999992","2381.0000000000005","4793.5","340.80000000000001","257.39999999999998","23412.199999999997","57.299999999999997","0.59999999999999998","10.6","30.5","2.5","14.300000000000001","17.100000000000001","16.600000000000001","7","0.80000000000000004","5.2999999999999998","0.59999999999999998","17","17.399999999999999","0","0","0","0","8110040","1524","16193390","12261.9","11150.299999999999","8108488","8084902","5353472","884736","5353472","5533696","884736","5533696","5533696","884736","5533696","6266880","1355776","6266880","6336512","1355776","6336512","6574080","1376256","6574080","22822912","17608704","22822912","0","0","0","33","33","71456","0","0","0","0","0","0","0","0","0","0","0","0","0","0","0","0","0","0","0","0","0","0","0","0","0","0","0","0","0","0","ok","3","1"
"sax-scalar-unique-fallback","Avocado-glb","0","false","37988.099999999999","911.19999999999993","843.89999999999998","67.299999999999997","278","0.10000000000000001","7388.8000000000002","3426.7999999999997","3350.9999999999995","7020.6000000000004","359.10000000000002","294","28720.099999999999","62.600000000000001","0.69999999999999996","11.9","41.600000000000001","3","16.199999999999999","19.600000000000001","20.600000000000001","7.9000000000000004","0.59999999999999998","6.2999999999999998","0.90000000000000002","10.699999999999999","27.400000000000002","0","0","0","0","8110040","1524","16193390","13012.6","15707.5","8108488","8084902","5357568","897024","5357568","5505024","897024","5505024","5505024","897024","5505024","6270976","1347584","6270976","6348800","1355776","6348800","6578176","1372160","6578176","22822912","17608704","22822912","0","0","0","33","33","71456","0","0","0","0","0","0","0","0","0","0","0","0","0","0","0","0","0","0","0","0","0","0","0","0","0","0","0","0","0","0","ok","3","2"
"sax-scalar-unique-fallback","Avocado-glb","0","false","29192.599999999999","789.79999999999995","738","51.799999999999997","180","0.10000000000000001","6897.6999999999998","3227.0999999999999","3158.0000000000005","6678.8999999999996","345.60000000000002","303.89999999999998","20644.299999999999","75.900000000000006","0.59999999999999998","11.300000000000001","41.600000000000001","3","16.5","20.699999999999999","25.399999999999999","8.0999999999999996","0.59999999999999998","6.2999999999999998","0.69999999999999996","9.6999999999999993","18.5","0","0","0","0","8110040","1524","16193390","11537.4","9106.8999999999996","8108488","8084902","5349376","888832","5349376","5492736","888832","5492736","5492736","888832","5492736","6279168","1363968","6279168","6348800","1363968","6348800","6590464","1392640","6590464","22827008","17625088","22827008","0","0","0","33","33","71456","0","0","0","0","0","0","0","0","0","0","0","0","0","0","0","0","0","0","0","0","0","0","0","0","0","0","0","0","0","0","ok","4","1"
"current","Avocado-glb","0","false","24214.599999999999","697.5","650.5","47","201.90000000000001","0.10000000000000001","4316.1999999999998","2008.0000000000002","1960.6000000000001","4083.5999999999999","231.90000000000001","184.09999999999999","18556.299999999999","37.200000000000003","0.40000000000000002","8.3000000000000007","25","1.8999999999999999","10.6","13","12.6","5","0.5","4.2000000000000002","0.5","6","13.699999999999999","0","0","0","0","8110040","1524","16193390","9340.7999999999993","9215.5","8108488","8084902","5349376","897024","5349376","5529600","897024","5529600","5529600","897024","5529600","6254592","1355776","6254592","6332416","1363968","6332416","6561792","1380352","6561792","22790144","17616896","22790144","0","0","0","33","33","71456","0","0","0","0","0","0","0","0","0","0","0","0","0","0","0","0","0","0","0","0","0","0","0","0","0","0","0","0","0","0","ok","4","2"
"current","Avocado-glb","0","false","24294.900000000001","726.10000000000002","675.39999999999998","50.700000000000003","201.69999999999999","0.10000000000000001","4350.5","2083.4000000000001","2038.0999999999999","4147.8999999999996","234.5","212.40000000000001","18543.799999999999","61.799999999999997","0.5","10.4","26.600000000000001","1.8999999999999999","10.5","13.199999999999999","12.4","4.7999999999999998","0.5","4.0999999999999996","0.40000000000000002","6","14","0","0","0","0","8110040","1524","16193390","9569.8999999999996","8973.8999999999996","8108488","8084902","5386240","897024","5386240","5566464","897024","5566464","5566464","897024","5566464","6316032","1384448","6316032","6385664","1384448","6385664","6627328","1396736","6627328","22867968","17633280","22867968","0","0","0","33","33","71456","0","0","0","0","0","0","0","0","0","0","0","0","0","0","0","0","0","0","0","0","0","0","0","0","0","0","0","0","0","0","ok","5","1"
"sax-scalar-unique-fallback","Avocado-glb","0","false","24274.099999999999","665.29999999999995","606.79999999999995","58.5","179.19999999999999","0.10000000000000001","4390.1999999999998","2123.3999999999996","2073.0999999999999","4159.6000000000004","192.09999999999999","199.5","18617.900000000001","36.600000000000001","0.5","7.9000000000000004","25.399999999999999","1.8","10.199999999999999","12.5","12.1","4.5999999999999996","0.69999999999999996","4.4000000000000004","0.5","5.5999999999999996","33.600000000000001","0","0","0","0","8110040","1524","16193390","9572.1000000000004","9045.7999999999993","8108488","8084902","5345280","892928","5345280","5492736","892928","5492736","5492736","892928","5492736","6279168","1376256","6279168","6348800","1376256","6348800","6594560","1388544","6594560","22831104","17625088","22831104","0","0","0","33","33","71456","0","0","0","0","0","0","0","0","0","0","0","0","0","0","0","0","0","0","0","0","0","0","0","0","0","0","0","0","0","0","ok","5","2"
"sax-scalar-unique-fallback","Avocado-glb","0","false","23789.299999999999","668.39999999999998","624.10000000000002","44.299999999999997","168.09999999999999","0.20000000000000001","4379.6000000000004","2033.6000000000006","1983.2999999999995","4156.8000000000002","221.5","190.5","18138.900000000001","38.899999999999999","0.40000000000000002","7.9000000000000004","24.899999999999999","2.1000000000000001","10.699999999999999","13.199999999999999","12.800000000000001","5.0999999999999996","0.5","4.5","0.5","6.2000000000000002","13.9","0","0","0","0","8110040","1524","16193390","8997.2999999999993","9141.6000000000004","8108488","8084902","5353472","897024","5353472","5496832","897024","5496832","5496832","897024","5496832","6262784","1359872","6262784","6332416","1359872","6332416","6565888","1376256","6565888","22802432","17612800","22802432","0","0","0","33","33","71456","0","0","0","0","0","0","0","0","0","0","0","0","0","0","0","0","0","0","0","0","0","0","0","0","0","0","0","0","0","0","ok","6","1"
"current","Avocado-glb","0","false","31931.799999999999","998.29999999999995","930.89999999999998","67.400000000000006","319.60000000000002","0.10000000000000001","6839.3000000000002","3419.5","3334.5000000000005","6520.8000000000002","244.09999999999999","209.69999999999999","23289.199999999997","38","0.5","15.199999999999999","28.300000000000001","1.8999999999999999","10.9","14.9","17.399999999999999","7.9000000000000004","0.59999999999999998","5.7000000000000002","0.40000000000000002","6.0999999999999996","13.9","0","0","0","0","8110040","1524","16193390","11634.4","11654.799999999999","8108488","8084902","5357568","897024","5357568","5545984","897024","5545984","5545984","897024","5545984","6299648","1380352","6299648","6369280","1380352","6369280","6598656","1392640","6598656","22831104","17629184","22831104","0","0","0","33","33","71456","0","0","0","0","0","0","0","0","0","0","0","0","0","0","0","0","0","0","0","0","0","0","0","0","0","0","0","0","0","0","ok","6","2"
"current","Avocado-glb","0","false","25819.599999999999","707.39999999999998","659.39999999999998","48","201.40000000000001","0.10000000000000001","4357.1999999999998","2066.2000000000003","2018.2","4151.8999999999996","251.40000000000001","185.40000000000001","20092.699999999997","36.399999999999999","0.5","8","25.800000000000001","1.8999999999999999","10.800000000000001","13.5","12.800000000000001","4.7999999999999998","0.5","4.2999999999999998","0.40000000000000002","6.0999999999999996","13.799999999999999","0","0","0","0","8110040","1524","16193390","11010.299999999999","9082.3999999999996","8108488","8084902","5341184","892928","5341184","5521408","892928","5521408","5521408","892928","5521408","6254592","1355776","6254592","6324224","1355776","6324224","6553600","1368064","6553600","22806528","17604608","22806528","0","0","0","33","33","71456","0","0","0","0","0","0","0","0","0","0","0","0","0","0","0","0","0","0","0","0","0","0","0","0","0","0","0","0","0","0","ok","7","1"
"sax-scalar-unique-fallback","Avocado-glb","0","false","24845.400000000001","724.20000000000005","676.10000000000002","48.100000000000001","181.80000000000001","0.10000000000000001","4370.3000000000002","2065.5","2018.5999999999999","4150.6000000000004","204.59999999999999","215.90000000000001","19125.799999999999","37.799999999999997","0.40000000000000002","8.1999999999999993","27.199999999999999","1.8999999999999999","10.699999999999999","13.4","12.800000000000001","4.9000000000000004","0.59999999999999998","4.2999999999999998","0.5","5.7999999999999998","14.9","0","0","0","0","8110040","1524","16193390","9649.7999999999993","9476","8108488","8084902","5361664","901120","5361664","5505024","901120","5505024","5505024","901120","5505024","6283264","1372160","6283264","6352896","1372160","6352896","6598656","1384448","6598656","22835200","17620992","22835200","0","0","0","33","33","71456","0","0","0","0","0","0","0","0","0","0","0","0","0","0","0","0","0","0","0","0","0","0","0","0","0","0","0","0","0","0","ok","7","2"
"sax-scalar-unique-fallback","Avocado-glb","0","false","24390.700000000001","794.10000000000002","744.5","49.600000000000001","185.09999999999999","0.20000000000000001","4382.3999999999996","2082.9000000000001","2027.1000000000001","4162.1999999999998","203.30000000000001","210.09999999999999","18594","61.600000000000001","0.5","8.0999999999999996","25.800000000000001","1.8999999999999999","10.9","13.4","12.4","4.7000000000000002","0.90000000000000002","4.7000000000000002","0.5","5.5999999999999996","13.4","0","0","0","0","8110040","1524","16193390","9241.6000000000004","9352.3999999999996","8108488","8084902","5349376","892928","5349376","5496832","892928","5496832","5496832","892928","5496832","6283264","1363968","6283264","6352896","1363968","6352896","6594560","1380352","6594560","22818816","17616896","22818816","0","0","0","33","33","71456","0","0","0","0","0","0","0","0","0","0","0","0","0","0","0","0","0","0","0","0","0","0","0","0","0","0","0","0","0","0","ok","8","1"
"current","Avocado-glb","0","false","23839.700000000001","694.70000000000005","646.60000000000002","48.100000000000001","200.59999999999999","0.20000000000000001","4335.8000000000002","2056.9000000000001","2004.8","4134.5","223.30000000000001","209.69999999999999","18153.099999999999","37.600000000000001","0.5","8","49.700000000000003","2.2000000000000002","10.6","13.300000000000001","12.1","4.9000000000000004","0.59999999999999998","5","0.5","5.7000000000000002","13.9","0","0","0","0","8110040","1524","16193390","9225.7000000000007","8927.3999999999996","8108488","8084902","5386240","888832","5386240","5570560","888832","5570560","5570560","888832","5570560","6328320","1376256","6328320","6397952","1376256","6397952","6639616","1388544","6639616","22859776","17620992","22859776","0","0","0","33","33","71456","0","0","0","0","0","0","0","0","0","0","0","0","0","0","0","0","0","0","0","0","0","0","0","0","0","0","0","0","0","0","ok","8","2"
"current","Avocado-glb","0","false","24560.099999999999","672.89999999999998","625","47.899999999999999","203.5","0.10000000000000001","4425.3000000000002","2060.0000000000005","2010.9000000000001","4196.8999999999996","243.40000000000001","190","18800.400000000001","38.5","0.5","7.9000000000000004","27.100000000000001","2","10.800000000000001","13.4","12.6","4.5999999999999996","0.5","4.0999999999999996","0.5","5.7000000000000002","14","0","0","0","0","8110040","1524","16193390","9435","9365.3999999999996","8108488","8084902","5341184","897024","5341184","5521408","897024","5521408","5521408","897024","5521408","6254592","1372160","6254592","6324224","1372160","6324224","6557696","1384448","6557696","22798336","17620992","22798336","0","0","0","33","33","71456","0","0","0","0","0","0","0","0","0","0","0","0","0","0","0","0","0","0","0","0","0","0","0","0","0","0","0","0","0","0","ok","9","1"
"sax-scalar-unique-fallback","Avocado-glb","0","false","23873.200000000001","718.10000000000002","668.60000000000002","49.5","181.5","0.20000000000000001","4306","2041.1000000000004","1980.3999999999999","4064.3000000000002","189.90000000000001","183.19999999999999","18270.400000000001","38.600000000000001","0.40000000000000002","7.9000000000000004","24.600000000000001","1.8","10.4","13.1","12.5","4.5999999999999996","0.59999999999999998","4.2999999999999998","0.40000000000000002","5.9000000000000004","13.4","0","0","0","0","8110040","1524","16193390","9289.6000000000004","8980.7999999999993","8108488","8084902","5328896","892928","5328896","5476352","892928","5476352","5476352","892928","5476352","6250496","1372160","6250496","6320128","1372160","6320128","6549504","1384448","6549504","22786048","17616896","22786048","0","0","0","33","33","71456","0","0","0","0","0","0","0","0","0","0","0","0","0","0","0","0","0","0","0","0","0","0","0","0","0","0","0","0","0","0","ok","9","2"
"sax-scalar-unique-fallback","Avocado-glb","0","false","24488.200000000001","668.29999999999995","620","48.299999999999997","176.90000000000001","0.10000000000000001","4216.3000000000002","1954.8000000000002","1907.1999999999996","4006.1999999999998","197.30000000000001","180.90000000000001","19009.400000000001","37.600000000000001","0.40000000000000002","7.7999999999999998","24.199999999999999","1.8999999999999999","10.4","13.300000000000001","12.1","4.4000000000000004","0.5","4.5999999999999996","0.5","5.7999999999999998","13.6","0","0","0","0","8110040","1524","16193390","9194.7999999999993","9814.6000000000004","8108488","8084902","5349376","897024","5349376","5496832","897024","5496832","5496832","897024","5496832","6283264","1368064","6283264","6352896","1368064","6352896","6582272","1384448","6582272","22798336","17620992","22798336","0","0","0","33","33","71456","0","0","0","0","0","0","0","0","0","0","0","0","0","0","0","0","0","0","0","0","0","0","0","0","0","0","0","0","0","0","ok","10","1"
"current","Avocado-glb","0","false","24632.299999999999","705.20000000000005","656","49.200000000000003","205","0.20000000000000001","4977.1999999999998","2636.1999999999998","2358.1999999999998","4776.6999999999998","265.60000000000002","188.69999999999999","18264.099999999999","38.100000000000001","0.40000000000000002","8.1999999999999993","27","2","10.6","12.699999999999999","12.4","5","0.5","4.0999999999999996","0.5","5.7000000000000002","13.799999999999999","0","0","0","0","8110040","1524","16193390","9344.7000000000007","8919.3999999999996","8108488","8084902","5341184","897024","5341184","5521408","897024","5521408","5521408","897024","5521408","6266880","1372160","6266880","6340608","1372160","6340608","6574080","1384448","6574080","22802432","17620992","22802432","0","0","0","33","33","71456","0","0","0","0","0","0","0","0","0","0","0","0","0","0","0","0","0","0","0","0","0","0","0","0","0","0","0","0","0","0","ok","10","2"
"current","Avocado-glb","0","false","28836.700000000001","882.10000000000002","829.60000000000002","52.5","203.30000000000001","0.20000000000000001","4328.6000000000004","2068.3999999999996","2018.1999999999996","4125.5","242.59999999999999","190.5","22964.700000000001","37","0.40000000000000002","8.1999999999999993","26.5","1.8999999999999999","11.5","13.5","12.4","5","0.59999999999999998","4.2000000000000002","0.5","6.2000000000000002","13.9","0","0","0","0","8110040","1524","16193390","10446.5","12518.200000000001","8108488","8084902","5337088","884736","5337088","5517312","884736","5517312","5517312","884736","5517312","6246400","1339392","6246400","6316032","1339392","6316032","6549504","1359872","6549504","22798336","17596416","22798336","0","0","0","33","33","71456","0","0","0","0","0","0","0","0","0","0","0","0","0","0","0","0","0","0","0","0","0","0","0","0","0","0","0","0","0","0","ok","11","1"
"sax-scalar-unique-fallback","Avocado-glb","0","false","24922.400000000001","704.89999999999998","622.60000000000002","82.299999999999997","210.30000000000001","0.10000000000000001","4839.1000000000004","2333.0000000000009","2281.1000000000004","4499","200.59999999999999","182","18759.900000000001","35.5","0.40000000000000002","7.7000000000000002","25.600000000000001","1.8","10.199999999999999","12.6","12","4.5","0.59999999999999998","3.8999999999999999","0.40000000000000002","5.7000000000000002","13.5","0","0","0","0","8110040","1524","16193390","9450.5","9309.3999999999996","8108488","8084902","5382144","847872","5382144","5525504","888832","5525504","5525504","888832","5525504","6324224","1363968","6324224","6393856","1363968","6393856","6623232","1376256","6623232","22839296","17612800","22839296","0","0","0","33","33","71456","0","0","0","0","0","0","0","0","0","0","0","0","0","0","0","0","0","0","0","0","0","0","0","0","0","0","0","0","0","0","ok","11","2"
"sax-scalar-unique-fallback","Avocado-glb","0","false","24853.5","830.60000000000002","783.89999999999998","46.700000000000003","177.80000000000001","0.10000000000000001","4264.5","1925.9999999999993","1880.4000000000003","4055.4000000000001","198.59999999999999","189.09999999999999","19169.800000000003","37.700000000000003","0.5","8.0999999999999996","25.300000000000001","1.8","10.300000000000001","13","12.699999999999999","4.5","0.40000000000000002","4.0999999999999996","0.5","5.9000000000000004","13.6","0","0","0","0","8110040","1524","16193390","10026.700000000001","9143.1000000000004","8108488","8084902","5328896","892928","5328896","5476352","892928","5476352","5476352","892928","5476352","6242304","1343488","6242304","6311936","1343488","6311936","6549504","1368064","6549504","22798336","17604608","22798336","0","0","0","33","33","71456","0","0","0","0","0","0","0","0","0","0","0","0","0","0","0","0","0","0","0","0","0","0","0","0","0","0","0","0","0","0","ok","12","1"
"current","Avocado-glb","0","false","27976.900000000001","835.80000000000007","784.70000000000005","51.100000000000001","203.30000000000001","0.10000000000000001","5178.8000000000002","2411.1999999999998","2351","4940","384.80000000000001","271.39999999999998","21067.5","62.399999999999999","0.59999999999999998","10.800000000000001","39","2.5","16.600000000000001","18.399999999999999","16","7.5","0.90000000000000002","6.0999999999999996","0.59999999999999998","8","19.399999999999999","0","0","0","0","8110040","1524","16193390","10358.200000000001","10709.299999999999","8108488","8084902","5373952","892928","5373952","5554176","892928","5554176","5554176","892928","5554176","6291456","1351680","6291456","6361088","1351680","6361088","6594560","1372160","6594560","22835200","17608704","22835200","0","0","0","33","33","71456","0","0","0","0","0","0","0","0","0","0","0","0","0","0","0","0","0","0","0","0","0","0","0","0","0","0","0","0","0","0","ok","12","2"
"current","Avocado-glb","0","false","39610.800000000003","1203.2","1134.2","69","298.89999999999998","0.20000000000000001","7088.6000000000004","3401.0999999999995","3317.1999999999998","6784.1000000000004","411.60000000000002","281.60000000000002","30282.099999999999","53.399999999999999","0.59999999999999998","11.699999999999999","46.200000000000003","2.6000000000000001","16.399999999999999","20.699999999999999","17.699999999999999","7.7000000000000002","0.69999999999999996","6.2000000000000002","0.59999999999999998","9.8000000000000007","19.399999999999999","0","0","0","0","8110040","1524","16193390","13159.799999999999","17122.299999999999","8108488","8084902","5361664","892928","5361664","5541888","892928","5541888","5541888","892928","5541888","6279168","1351680","6279168","6348800","1351680","6348800","6574080","1363968","6574080","22822912","17600512","22822912","0","0","0","33","33","71456","0","0","0","0","0","0","0","0","0","0","0","0","0","0","0","0","0","0","0","0","0","0","0","0","0","0","0","0","0","0","ok","13","1"
"sax-scalar-unique-fallback","Avocado-glb","0","false","27743.599999999999","915.29999999999995","843.79999999999995","71.5","316.89999999999998","0.29999999999999999","6134.8000000000002","2874.4000000000005","2800.6000000000004","5868.3000000000002","226.09999999999999","198.59999999999999","19921.5","44","0.5","8.4000000000000004","21.300000000000001","2","10.9","13.4","12.800000000000001","4.4000000000000004","0.40000000000000002","4.4000000000000004","0.5","11.800000000000001","13.799999999999999","0","0","0","0","8110040","1524","16193390","10611.200000000001","9310.2999999999993","8108488","8084902","5361664","884736","5361664","5525504","884736","5525504","5525504","884736","5525504","6283264","1359872","6283264","6352896","1359872","6352896","6594560","1380352","6594560","22827008","17616896","22827008","0","0","0","33","33","71456","0","0","0","0","0","0","0","0","0","0","0","0","0","0","0","0","0","0","0","0","0","0","0","0","0","0","0","0","0","0","ok","13","2"
"sax-scalar-unique-fallback","Avocado-glb","0","false","23872.599999999999","672.10000000000002","626","46.100000000000001","206.59999999999999","0.20000000000000001","4325.1999999999998","2055.2999999999997","2003.3","4101","198.19999999999999","189.90000000000001","18257","44.100000000000001","0.5","8.0999999999999996","25.199999999999999","1.8999999999999999","10.800000000000001","13.199999999999999","12.300000000000001","4.5999999999999996","0.5","4.2000000000000002","0.59999999999999998","5.7000000000000002","13.4","0","0","0","0","8110040","1524","16193390","9294.5","8962.5","8108488","8084902","5341184","897024","5341184","5513216","897024","5513216","5513216","897024","5513216","6270976","1359872","6270976","6340608","1359872","6340608","6574080","1380352","6574080","22794240","17616896","22794240","0","0","0","33","33","71456","0","0","0","0","0","0","0","0","0","0","0","0","0","0","0","0","0","0","0","0","0","0","0","0","0","0","0","0","0","0","ok","14","1"
"current","Avocado-glb","0","false","24655.200000000001","678.5","627.79999999999995","50.700000000000003","201.40000000000001","0.10000000000000001","4263.1999999999998","2007.7999999999997","1939.8999999999996","4037.8000000000002","239.59999999999999","181.5","19067.099999999999","34.399999999999999","0.5","8.4000000000000004","26.100000000000001","2.1000000000000001","10.5","12.4","12.4","5.2999999999999998","0.5","4.4000000000000004","0.5","6.2000000000000002","13.299999999999999","0","0","0","0","8110040","1524","16193390","9660.7000000000007","9406.3999999999996","8108488","8084902","5361664","901120","5361664","5541888","901120","5541888","5541888","901120","5541888","6283264","1368064","6283264","6352896","1368064","6352896","6578176","1380352","6578176","22794240","17616896","22794240","0","0","0","33","33","71456","0","0","0","0","0","0","0","0","0","0","0","0","0","0","0","0","0","0","0","0","0","0","0","0","0","0","0","0","0","0","ok","14","2"
"current","Avocado-glb","0","false","26565.799999999999","718.70000000000005","670.70000000000005","48","207.5","0.10000000000000001","5881.5","2778.3000000000002","2720.9999999999995","5683.6000000000004","264.60000000000002","221.59999999999999","19230.599999999999","38.799999999999997","0.5","7.9000000000000004","26.199999999999999","1.8999999999999999","40.799999999999997","14.4","13.199999999999999","5.2000000000000002","1","4.2000000000000002","0.5","6.0999999999999996","14","0","0","0","0","8110040","1524","16193390","10006.4","9224.2000000000007","8108488","8084902","5341184","897024","5341184","5525504","897024","5525504","5525504","897024","5525504","6238208","1343488","6238208","6316032","1351680","6316032","6557696","1368064","6557696","22806528","17600512","22806528","0","0","0","33","33","71456","0","0","0","0","0","0","0","0","0","0","0","0","0","0","0","0","0","0","0","0","0","0","0","0","0","0","0","0","0","0","ok","15","1"
"sax-scalar-unique-fallback","Avocado-glb","0","false","24676.200000000001","731.60000000000002","679.70000000000005","51.899999999999999","214.80000000000001","0.20000000000000001","4536.3000000000002","2102.9000000000005","2047.3999999999999","4317.1999999999998","220.69999999999999","219.19999999999999","18728.300000000003","35.899999999999999","0.40000000000000002","32.899999999999999","28.600000000000001","1.8999999999999999","11","13.699999999999999","13.699999999999999","5.4000000000000004","0.5","4.2999999999999998","0.5","6.0999999999999996","13.899999999999999","0","0","0","0","8110040","1524","16193390","9540.6000000000004","9187.7000000000007","8108488","8084902","5353472","897024","5353472","5517312","901120","5517312","5517312","901120","5517312","6258688","1359872","6258688","6328320","1359872","6328320","6569984","1372160","6569984","22806528","17604608","22806528","0","0","0","33","33","71456","0","0","0","0","0","0","0","0","0","0","0","0","0","0","0","0","0","0","0","0","0","0","0","0","0","0","0","0","0","0","ok","15","2"
"sax-scalar-unique-fallback","Avocado-glb","0","false","24197.200000000001","688.10000000000002","642.70000000000005","45.399999999999999","179.5","0.10000000000000001","4506.6000000000004","2095.1999999999998","2045.7000000000005","4257","224.09999999999999","192.90000000000001","18382.800000000003","38.600000000000001","0.40000000000000002","8.3000000000000007","29.300000000000001","1.8999999999999999","11.300000000000001","13.699999999999999","12.9","4.7000000000000002","0.40000000000000002","4.2999999999999998","0.40000000000000002","5.7000000000000002","13.799999999999999","0","0","0","0","8110040","1524","16193390","9255.6000000000004","9127.2000000000007","8108488","8084902","5402624","901120","5402624","5545984","901120","5545984","5545984","901120","5545984","6332416","1376256","6332416","6402048","1376256","6402048","6631424","1388544","6631424","22872064","17625088","22872064","0","0","0","33","33","71456","0","0","0","0","0","0","0","0","0","0","0","0","0","0","0","0","0","0","0","0","0","0","0","0","0","0","0","0","0","0","ok","16","1"
"current","Avocado-glb","0","false","25141.5","750.70000000000005","700.70000000000005","50","229.80000000000001","0.20000000000000001","4676.1000000000004","2183.5000000000005","2128.5999999999995","4470.8999999999996","266.89999999999998","195.59999999999999","18995.700000000001","41.200000000000003","0.5","8.4000000000000004","27.100000000000001","2","11.300000000000001","13.4","13.1","4.9000000000000004","0.5","5.0999999999999996","0.69999999999999996","6","13.9","0","0","0","0","8110040","1524","16193390","9648.6000000000004","9347.1000000000004","8108488","8084902","5369856","892928","5369856","5566464","892928","5566464","5566464","892928","5566464","6291456","1363968","6291456","6361088","1363968","6361088","6590464","1380352","6590464","22818816","17616896","22818816","0","0","0","33","33","71456","0","0","0","0","0","0","0","0","0","0","0","0","0","0","0","0","0","0","0","0","0","0","0","0","0","0","0","0","0","0","ok","16","2"
"current","Avocado-glb","0","false","23965.799999999999","760","709.79999999999995","50.200000000000003","203.69999999999999","0.10000000000000001","4336.1999999999998","1993.1000000000001","1941.0000000000002","4132.3999999999996","255.69999999999999","191.19999999999999","18192.900000000001","42.399999999999999","0.40000000000000002","8.0999999999999996","26.100000000000001","1.8999999999999999","10.699999999999999","13","12.300000000000001","5.0999999999999996","0.5","4.5999999999999996","0.5","6","13.6","0","0","0","0","8110040","1524","16193390","9230.8999999999996","8962","8108488","8084902","5357568","901120","5357568","5537792","901120","5537792","5537792","901120","5537792","6258688","1355776","6258688","6332416","1355776","6332416","6565888","1376256","6565888","22810624","17612800","22810624","0","0","0","33","33","71456","0","0","0","0","0","0","0","0","0","0","0","0","0","0","0","0","0","0","0","0","0","0","0","0","0","0","0","0","0","0","ok","17","1"
"sax-scalar-unique-fallback","Avocado-glb","0","false","26437.599999999999","661.39999999999998","590","71.400000000000006","175.30000000000001","0.20000000000000001","4586.1999999999998","2073.9000000000001","2027.1999999999998","4373.8999999999996","205.69999999999999","223.80000000000001","20561.699999999997","40.299999999999997","0.40000000000000002","8.4000000000000004","29.899999999999999","2","10.6","12.699999999999999","12.4","4.7000000000000002","0.5","35.399999999999999","0.5","6.0999999999999996","13.899999999999999","0","0","0","0","8110040","1524","16193390","9528.7999999999993","11032.9","8108488","8084902","5394432","888832","5394432","5537792","888832","5537792","5537792","888832","5537792","6295552","1339392","6295552","6365184","1339392","6365184","6610944","1355776","6610944","22831104","17592320","22831104","0","0","0","33","33","71456","0","0","0","0","0","0","0","0","0","0","0","0","0","0","0","0","0","0","0","0","0","0","0","0","0","0","0","0","0","0","ok","17","2"
"sax-scalar-unique-fallback","Avocado-glb","0","false","24542.900000000001","696","648.39999999999998","47.600000000000001","187.59999999999999","0.10000000000000001","4454.6999999999998","2094.4000000000001","2039.3999999999996","4199.6000000000004","213","198.59999999999999","18769.599999999999","46.700000000000003","0.5","8.1999999999999993","19.699999999999999","1.8999999999999999","10.9","13.6","12.9","4.7999999999999998","0.5","4.2000000000000002","0.5","12","14.5","0","0","0","0","8110040","1524","16193390","9519.5","9250.1000000000004","8108488","8084902","5369856","905216","5369856","5525504","905216","5525504","5525504","905216","5525504","6307840","1380352","6307840","6377472","1380352","6377472","6619136","1409024","6619136","22855680","17645568","22855680","0","0","0","33","33","71456","0","0","0","0","0","0","0","0","0","0","0","0","0","0","0","0","0","0","0","0","0","0","0","0","0","0","0","0","0","0","ok","18","1"
"current","Avocado-glb","0","false","24066.099999999999","736.70000000000005","659.60000000000002","77.099999999999994","213.90000000000001","0.10000000000000001","4327","2004.5999999999999","1948.4000000000003","4122","235.19999999999999","212.09999999999999","18314.5","37.899999999999999","0.5","7.9000000000000004","23.800000000000001","2","36.5","13.9","12.699999999999999","4.7000000000000002","0.59999999999999998","4.2000000000000002","0.5","5.5999999999999996","13.9","0","0","0","0","8110040","1524","16193390","9315.2999999999993","8999.2000000000007","8108488","8084902","5386240","892928","5386240","5570560","892928","5570560","5570560","892928","5570560","6307840","1363968","6307840","6381568","1363968","6381568","6623232","1380352","6623232","22851584","17612800","22851584","0","0","0","33","33","71456","0","0","0","0","0","0","0","0","0","0","0","0","0","0","0","0","0","0","0","0","0","0","0","0","0","0","0","0","0","0","ok","18","2"
"current","Avocado-glb","0","false","24073.700000000001","668.40000000000009","622.20000000000005","46.200000000000003","205.69999999999999","0.10000000000000001","4415","2034.4000000000003","1986.5999999999999","4209.1000000000004","248","192.90000000000001","18316.799999999999","38.299999999999997","0.5","8.0999999999999996","27","2","10.6","13","12.9","4.9000000000000004","0.69999999999999996","4.2999999999999998","0.59999999999999998","5.9000000000000004","14","0","0","0","0","8110040","1524","16193390","9336","8980.7999999999993","8108488","8084902","5328896","888832","5328896","5513216","888832","5513216","5513216","888832","5513216","6238208","1359872","6238208","6307840","1359872","6307840","6537216","1372160","6537216","22790144","17608704","22790144","0","0","0","33","33","71456","0","0","0","0","0","0","0","0","0","0","0","0","0","0","0","0","0","0","0","0","0","0","0","0","0","0","0","0","0","0","ok","19","1"
"sax-scalar-unique-fallback","Avocado-glb","0","false","24096.5","711.60000000000002","654.10000000000002","57.5","189.30000000000001","0.10000000000000001","4317.3999999999996","2070.6999999999998","2010.1999999999996","4113.5","208.80000000000001","183.80000000000001","18464.5","38.200000000000003","0.40000000000000002","7.9000000000000004","25.399999999999999","1.8999999999999999","10.6","13.199999999999999","12.800000000000001","4.7000000000000002","0.5","4.5","0.5","5.7000000000000002","13.4","0","0","0","0","8110040","1524","16193390","9100.7000000000007","9363.7999999999993","8108488","8084902","5341184","888832","5341184","5488640","888832","5488640","5488640","888832","5488640","6258688","1359872","6258688","6328320","1359872","6328320","6557696","1376256","6557696","22810624","17612800","22810624","0","0","0","33","33","71456","0","0","0","0","0","0","0","0","0","0","0","0","0","0","0","0","0","0","0","0","0","0","0","0","0","0","0","0","0","0","ok","19","2"
"sax-scalar-unique-fallback","Avocado-glb","0","false","25820.5","1008","957","51","204.40000000000001","0.20000000000000001","4991.1999999999998","2363.9000000000001","2302.4000000000001","4680.5","314.39999999999998","294.80000000000001","18973.900000000001","63","0.69999999999999996","11","30.300000000000001","1.8999999999999999","11.1","17","18.699999999999999","7.5","0.59999999999999998","5.9000000000000004","0.59999999999999998","9.0999999999999996","42.800000000000004","0","0","0","0","8110040","1524","16193390","9671","9302.8999999999996","8108488","8084902","5345280","884736","5345280","5492736","888832","5492736","5492736","888832","5492736","6270976","1355776","6270976","6340608","1355776","6340608","6582272","1372160","6582272","22822912","17608704","22822912","0","0","0","33","33","71456","0","0","0","0","0","0","0","0","0","0","0","0","0","0","0","0","0","0","0","0","0","0","0","0","0","0","0","0","0","0","ok","20","1"
"current","Avocado-glb","0","false","24593.799999999999","833.30000000000007","779.60000000000002","53.700000000000003","207.80000000000001","0.29999999999999999","4315.6000000000004","2082.5999999999999","2030.5","4115.3999999999996","263.10000000000002","190.80000000000001","18756.400000000001","38.399999999999999","0.5","8.0999999999999996","25","2","10.699999999999999","12.5","12.5","5","0.59999999999999998","4.2000000000000002","0.5","6","14.299999999999999","0","0","0","0","8110040","1524","16193390","9386.7999999999993","9369.6000000000004","8108488","8084902","5349376","897024","5349376","5529600","897024","5529600","5529600","897024","5529600","6266880","1363968","6266880","6340608","1363968","6340608","6574080","1384448","6574080","22814720","17620992","22814720","0","0","0","33","33","71456","0","0","0","0","0","0","0","0","0","0","0","0","0","0","0","0","0","0","0","0","0","0","0","0","0","0","0","0","0","0","ok","20","2"
"current","SpecularTest-glb","0","false","8562.5","751","689.10000000000002","61.899999999999999","763.5","0.10000000000000001","4470.1000000000004","2116.2000000000003","2064.3000000000002","4283.8999999999996","1034","1100.7","424.5","69.200000000000003","0.40000000000000002","8","40","1.8","14.1","656.10000000000002","141.80000000000001","89.799999999999997","2.7999999999999998","4.7000000000000002","0.59999999999999998","8.5","14.699999999999999","0","0","0","0","223376","12084","242432","349","75.5","211264","31168","5341184","884736","5341184","5652480","962560","5652480","5652480","962560","5652480","6311936","1413120","6311936","6385664","1413120","6385664","7024640","1789952","7024640","7290880","2035712","7290880","0","0","0","33","33","71456","0","0","0","0","0","0","0","0","0","0","0","0","0","0","0","0","0","0","0","0","0","0","0","0","0","0","0","0","0","0","ok","1","1"
"sax-scalar-unique-fallback","SpecularTest-glb","0","false","8149.3000000000002","738.79999999999995","681.29999999999995","57.5","737.79999999999995","0.10000000000000001","4325.3000000000002","2012.7999999999997","1964.4000000000001","4116.6000000000004","853.39999999999998","1120.8","353.29999999999995","70.900000000000006","0.59999999999999998","7.9000000000000004","49","1.8999999999999999","13.199999999999999","664.10000000000002","137.40000000000001","96.700000000000003","2.7999999999999998","5","0.59999999999999998","8.0999999999999996","14.699999999999999","0","0","0","0","223376","12084","242432","280.69999999999999","72.599999999999994","211264","31168","5402624","905216","5402624","5664768","987136","5664768","5664768","987136","5664768","6361088","1421312","6361088","6434816","1421312","6434816","7139328","1851392","7139328","7397376","2097152","7397376","0","0","0","33","33","71456","0","0","0","0","0","0","0","0","0","0","0","0","0","0","0","0","0","0","0","0","0","0","0","0","0","0","0","0","0","0","ok","1","2"
"sax-scalar-unique-fallback","SpecularTest-glb","0","false","8519.2000000000007","1006.7","953","53.700000000000003","723.89999999999998","0.10000000000000001","4290.8999999999996","1995.3","1932.4000000000001","4084.3000000000002","881.29999999999995","1221.9000000000001","374.09999999999997","66.099999999999994","0.5","8.4000000000000004","63.100000000000001","1.8999999999999999","13.699999999999999","644.60000000000002","185.90000000000001","136.09999999999999","4.5999999999999996","9.8000000000000007","0.90000000000000002","13.800000000000001","16","0","0","0","0","223376","12084","242432","305.89999999999998","68.200000000000003","211264","31168","5345280","888832","5345280","5607424","966656","5607424","5607424","966656","5607424","6344704","1441792","6344704","6414336","1441792","6414336","7045120","1802240","7045120","7307264","2052096","7307264","0","0","0","33","33","71456","0","0","0","0","0","0","0","0","0","0","0","0","0","0","0","0","0","0","0","0","0","0","0","0","0","0","0","0","0","0","ok","2","1"
"current","SpecularTest-glb","0","false","8472.2999999999993","714.39999999999998","636.60000000000002","77.799999999999997","756.5","0.10000000000000001","4390.1999999999998","2076.3000000000002","2022.7000000000003","4169.1000000000004","1026.2","1189.0999999999999","373.19999999999999","77.700000000000003","0.5","8.5","35.600000000000001","1.8999999999999999","14","674.5","192.5","98.599999999999994","2.8999999999999999","5.5999999999999996","0.80000000000000004","8.8000000000000007","15.699999999999999","0","0","0","0","223376","12084","242432","284.69999999999999","88.5","211264","31168","5398528","909312","5398528","5689344","987136","5689344","5689344","987136","5689344","6361088","1429504","6361088","6430720","1429504","6430720","7069696","1806336","7069696","7315456","2052096","7315456","0","0","0","33","33","71456","0","0","0","0","0","0","0","0","0","0","0","0","0","0","0","0","0","0","0","0","0","0","0","0","0","0","0","0","0","0","ok","2","2"
"current","SpecularTest-glb","0","false","8298.1000000000004","714.60000000000002","650.20000000000005","64.400000000000006","811.60000000000002","0.10000000000000001","4298.3999999999996","1998.6999999999998","1950.5000000000007","4104.8000000000002","989.89999999999998","1111.7","352.29999999999995","65.299999999999997","0.40000000000000002","8.1999999999999993","41.5","1.8999999999999999","13.4","670.20000000000005","141.59999999999999","88.400000000000006","2.7000000000000002","4.7000000000000002","0.59999999999999998","7.7999999999999998","15.300000000000001","0","0","0","0","223376","12084","242432","273.89999999999998","78.400000000000006","211264","31168","5361664","892928","5361664","5677056","970752","5677056","5677056","970752","5677056","6328320","1413120","6328320","6397952","1413120","6397952","7053312","1798144","7053312","7319552","2043904","7319552","0","0","0","33","33","71456","0","0","0","0","0","0","0","0","0","0","0","0","0","0","0","0","0","0","0","0","0","0","0","0","0","0","0","0","0","0","ok","3","1"
"sax-scalar-unique-fallback","SpecularTest-glb","0","false","8135.3000000000002","683.69999999999993","631.29999999999995","52.399999999999999","699.20000000000005","0.10000000000000001","4431.6000000000004","2065.6999999999998","2013.8","4191.8999999999996","878.29999999999995","1081.5999999999999","341.70000000000005","67.5","0.5","8.6999999999999993","50.799999999999997","1.8999999999999999","13.6","612.20000000000005","166.59999999999999","79","3.1000000000000001","4.7000000000000002","0.69999999999999996","8.0999999999999996","14.800000000000001","0","0","0","0","223376","12084","242432","273.10000000000002","68.599999999999994","211264","31168","5332992","888832","5332992","5586944","962560","5586944","5586944","962560","5586944","6311936","1409024","6311936","6385664","1409024","6385664","7016448","1777664","7016448","7278592","2023424","7278592","0","0","0","33","33","71456","0","0","0","0","0","0","0","0","0","0","0","0","0","0","0","0","0","0","0","0","0","0","0","0","0","0","0","0","0","0","ok","3","2"
"sax-scalar-unique-fallback","SpecularTest-glb","0","false","13295","901.70000000000005","817.70000000000005","84","1228.7","0.40000000000000002","7120","3355.1000000000004","3270.8999999999996","6779.5","1608.3","1870.0999999999999","528.79999999999995","111.40000000000001","0.59999999999999998","12.300000000000001","80.700000000000003","2.7000000000000002","22.600000000000001","1081.7","256.60000000000002","176.40000000000001","4.7000000000000002","11","0.80000000000000004","13.300000000000001","21","0","0","0","0","223376","12084","242432","429.19999999999999","99.599999999999994","211264","31168","5373952","892928","5373952","5652480","970752","5652480","5652480","970752","5652480","6348800","1409024","6348800","6418432","1409024","6418432","7069696","1798144","7069696","7327744","2043904","7327744","0","0","0","33","33","71456","0","0","0","0","0","0","0","0","0","0","0","0","0","0","0","0","0","0","0","0","0","0","0","0","0","0","0","0","0","0","ok","4","1"
"current","SpecularTest-glb","0","false","13415.6","983.19999999999993","908.89999999999998","74.299999999999997","1261.9000000000001","0.29999999999999999","7046.1999999999998","3484.4000000000005","3397.5999999999995","6684.8999999999996","1717.3","1864.2","505.70000000000005","117","0.59999999999999998","11.199999999999999","59","2.5","20.899999999999999","1150.3","236","146.59999999999999","5.0999999999999996","8","0.80000000000000004","13.6","22.100000000000001","0","0","0","0","223376","12084","242432","371.60000000000002","134.09999999999999","211264","31168","5365760","847872","5365760","5664768","929792","5664768","5664768","929792","5664768","6356992","1396736","6356992","6434816","1404928","6434816","7045120","1740800","7045120","7303168","1986560","7303168","0","0","0","33","33","71456","0","0","0","0","0","0","0","0","0","0","0","0","0","0","0","0","0","0","0","0","0","0","0","0","0","0","0","0","0","0","ok","4","2"
"current","SpecularTest-glb","0","false","13326.4","955.10000000000002","873.5","81.599999999999994","1171.9000000000001","0.10000000000000001","7092.1999999999998","3375.5","3282","6779","1732.5","1853.4000000000001","485.10000000000002","119.59999999999999","0.59999999999999998","11.1","61.200000000000003","2.5","20.399999999999999","1080.4000000000001","263.19999999999999","150","25.399999999999999","8.9000000000000004","0.80000000000000004","14.6","22","0","0","0","0","223376","12084","242432","390","95.099999999999994","211264","31168","5378048","897024","5378048","5693440","974848","5693440","5693440","974848","5693440","6377472","1449984","6377472","6447104","1449984","6447104","7045120","1785856","7045120","7303168","2031616","7303168","0","0","0","33","33","71456","0","0","0","0","0","0","0","0","0","0","0","0","0","0","0","0","0","0","0","0","0","0","0","0","0","0","0","0","0","0","ok","5","1"
"sax-scalar-unique-fallback","SpecularTest-glb","0","false","8712.1000000000004","680.89999999999998","625.60000000000002","55.299999999999997","709.39999999999998","0.10000000000000001","4957.5","2321.5999999999995","2247.9000000000001","4748","906.5","1086.7","350.80000000000001","67.200000000000003","0.5","8.4000000000000004","39.5","1.8999999999999999","13.699999999999999","636.39999999999998","145.30000000000001","86.200000000000003","2.8999999999999999","4.7999999999999998","0.5","7.9000000000000004","14.9","0","0","0","0","223376","12084","242432","283","67.799999999999997","211264","31168","5353472","888832","5353472","5607424","966656","5607424","5607424","966656","5607424","6340608","1437696","6340608","6414336","1437696","6414336","7028736","1785856","7028736","7290880","2031616","7290880","0","0","0","33","33","71456","0","0","0","0","0","0","0","0","0","0","0","0","0","0","0","0","0","0","0","0","0","0","0","0","0","0","0","0","0","0","ok","5","2"
"sax-scalar-unique-fallback","SpecularTest-glb","0","false","8233.6000000000004","715","659.89999999999998","55.100000000000001","730.39999999999998","0.10000000000000001","4322.8000000000002","2009.4000000000003","1953.0999999999999","4119.1000000000004","953.70000000000005","1094.3","394.30000000000001","73","0.40000000000000002","8.0999999999999996","70","1.8999999999999999","13.699999999999999","616.10000000000002","139.69999999999999","92.700000000000003","2.8999999999999999","4.7000000000000002","0.5","7.7999999999999998","15.4","0","0","0","0","223376","12084","242432","312.30000000000001","82","211264","31168","5369856","892928","5369856","5648384","970752","5648384","5648384","970752","5648384","6348800","1413120","6348800","6418432","1413120","6418432","7086080","1818624","7086080","7335936","2068480","7335936","0","0","0","33","33","71456","0","0","0","0","0","0","0","0","0","0","0","0","0","0","0","0","0","0","0","0","0","0","0","0","0","0","0","0","0","0","ok","6","1"
"current","SpecularTest-glb","0","false","8178.8000000000002","696.80000000000007","643.10000000000002","53.700000000000003","753.89999999999998","0.10000000000000001","4365.3000000000002","2074.8000000000002","2011.1999999999998","4145.8999999999996","969.89999999999998","1048.3","327.89999999999998","63.5","0.5","8","39.299999999999997","1.8999999999999999","12.800000000000001","616.70000000000005","138.80000000000001","87.700000000000003","2.7000000000000002","4.9000000000000004","0.5","8.0999999999999996","15.699999999999999","0","0","0","0","223376","12084","242432","260.19999999999999","67.700000000000003","211264","31168","5332992","892928","5332992","5623808","970752","5623808","5623808","970752","5623808","6336512","1441792","6336512","6422528","1454080","6422528","7024640","1798144","7024640","7290880","2043904","7290880","0","0","0","33","33","71456","0","0","0","0","0","0","0","0","0","0","0","0","0","0","0","0","0","0","0","0","0","0","0","0","0","0","0","0","0","0","ok","6","2"
"current","SpecularTest-glb","0","false","8073.5","663.39999999999998","610","53.399999999999999","790.60000000000002","0.10000000000000001","4251.8999999999996","1960.8999999999996","1913.2","4059.4000000000001","935.29999999999995","1077.8","337.19999999999999","67","0.5","8.0999999999999996","34.299999999999997","1.8999999999999999","13.1","628.79999999999995","140.19999999999999","86.299999999999997","2.7000000000000002","4.2999999999999998","0.59999999999999998","24.300000000000001","14.1","0","0","0","0","223376","12084","242432","271.39999999999998","65.799999999999997","211264","31168","5402624","888832","5402624","5718016","966656","5718016","5718016","966656","5718016","6377472","1417216","6377472","6447104","1417216","6447104","7090176","1798144","7090176","7348224","2043904","7348224","0","0","0","33","33","71456","0","0","0","0","0","0","0","0","0","0","0","0","0","0","0","0","0","0","0","0","0","0","0","0","0","0","0","0","0","0","ok","7","1"
"sax-scalar-unique-fallback","SpecularTest-glb","0","false","8293.7999999999993","826.30000000000007","769.60000000000002","56.700000000000003","711.5","0","4317.6000000000004","2035.6999999999998","1989.9999999999998","4072.6999999999998","937.29999999999995","1110.2","371.89999999999998","62.299999999999997","0.59999999999999998","7.7000000000000002","46.399999999999999","1.8","12.5","681.29999999999995","140.09999999999999","81.599999999999994","3.1000000000000001","5","0.90000000000000002","8","13.6","0","0","0","0","223376","12084","242432","304.80000000000001","67.099999999999994","211264","31168","5369856","884736","5369856","5627904","962560","5627904","5627904","962560","5627904","6332416","1396736","6332416","6406144","1396736","6406144","7041024","1773568","7041024","7294976","2023424","7294976","0","0","0","33","33","71456","0","0","0","0","0","0","0","0","0","0","0","0","0","0","0","0","0","0","0","0","0","0","0","0","0","0","0","0","0","0","ok","7","2"
"sax-scalar-unique-fallback","SpecularTest-glb","0","false","8243.7000000000007","687.29999999999995","633.39999999999998","53.899999999999999","716.79999999999995","0","4330.6000000000004","2071","2023.3000000000006","4118.3999999999996","810.89999999999998","1301.2","378.30000000000001","66.400000000000006","0.40000000000000002","7.7999999999999998","57.700000000000003","1.8999999999999999","13.6","842.89999999999998","144.40000000000001","88.400000000000006","2.7999999999999998","4.9000000000000004","0.5","8.0999999999999996","14.4","0","0","0","0","223376","12084","242432","308.5","69.799999999999997","211264","31168","5361664","888832","5361664","5627904","966656","5627904","5627904","966656","5627904","6336512","1417216","6336512","6406144","1417216","6406144","7053312","1794048","7053312","7311360","2039808","7311360","0","0","0","33","33","71456","0","0","0","0","0","0","0","0","0","0","0","0","0","0","0","0","0","0","0","0","0","0","0","0","0","0","0","0","0","0","ok","8","1"
"current","SpecularTest-glb","0","false","8150.1999999999998","679.5","621.70000000000005","57.799999999999997","753.10000000000002","0","4200.6999999999998","1976.1000000000004","1924.1999999999991","4021.9000000000001","940.60000000000002","1212","346.80000000000001","84.900000000000006","0.59999999999999998","11","77.099999999999994","3.2000000000000002","20.300000000000001","689.39999999999998","150.90000000000001","94.799999999999997","3","4.7999999999999998","0.5","8.4000000000000004","14.9","0","0","0","0","223376","12084","242432","277","69.799999999999997","211264","31168","5361664","897024","5361664","5685248","974848","5685248","5685248","974848","5685248","6348800","1441792","6348800","6430720","1449984","6430720","7028736","1785856","7028736","7294976","2035712","7294976","0","0","0","33","33","71456","0","0","0","0","0","0","0","0","0","0","0","0","0","0","0","0","0","0","0","0","0","0","0","0","0","0","0","0","0","0","ok","8","2"
"current","SpecularTest-glb","0","false","8080.6999999999998","693.69999999999993","636.79999999999995","56.899999999999999","785.70000000000005","0","4226","2016.0999999999999","1960.5","4022.5","961.89999999999998","1057.9000000000001","336.40000000000003","64.099999999999994","0.5","8","38.5","1.8999999999999999","13.1","628","142.40000000000001","81.799999999999997","2.7000000000000002","5.0999999999999996","1","8.3000000000000007","14.5","0","0","0","0","223376","12084","242432","263.10000000000002","73.299999999999997","211264","31168","5369856","892928","5369856","5677056","970752","5677056","5677056","970752","5677056","6348800","1441792","6348800","6418432","1441792","6418432","7036928","1806336","7036928","7303168","2052096","7303168","0","0","0","33","33","71456","0","0","0","0","0","0","0","0","0","0","0","0","0","0","0","0","0","0","0","0","0","0","0","0","0","0","0","0","0","0","ok","9","1"
"sax-scalar-unique-fallback","SpecularTest-glb","0","false","9155.2000000000007","764.39999999999998","709","55.399999999999999","797.70000000000005","0.20000000000000001","4624.1999999999998","2166.5999999999999","2114.7999999999997","4349.5","1078.7","1431.9000000000001","364.19999999999999","74.099999999999994","0.5","8.0999999999999996","47.399999999999999","2.1000000000000001","13.5","938.89999999999998","157.19999999999999","82.900000000000006","3","5","0.59999999999999998","8.3000000000000007","15.6","0","0","0","0","223376","12084","242432","276.89999999999998","87.299999999999997","211264","31168","5349376","892928","5349376","5623808","970752","5623808","5623808","970752","5623808","6340608","1433600","6340608","6410240","1433600","6410240","7032832","1781760","7032832","7290880","2031616","7290880","0","0","0","33","33","71456","0","0","0","0","0","0","0","0","0","0","0","0","0","0","0","0","0","0","0","0","0","0","0","0","0","0","0","0","0","0","ok","9","2"
"sax-scalar-unique-fallback","SpecularTest-glb","0","false","8093.3000000000002","734.30000000000007","677.60000000000002","56.700000000000003","694.39999999999998","0.20000000000000001","4358.8000000000002","2052","1999.1000000000001","4117.3000000000002","897","1036.7","336.80000000000001","72.299999999999997","0.5","7.7999999999999998","35","1.7","12.800000000000001","600.5","132.80000000000001","97.400000000000006","2.5","4.2000000000000002","0.59999999999999998","7.2000000000000002","14.9","0","0","0","0","223376","12084","242432","267.10000000000002","69.700000000000003","211264","31168","5369856","892928","5369856","5619712","970752","5619712","5619712","970752","5619712","6336512","1404928","6336512","6410240","1404928","6410240","7106560","1835008","7106560","7360512","2080768","7360512","0","0","0","33","33","71456","0","0","0","0","0","0","0","0","0","0","0","0","0","0","0","0","0","0","0","0","0","0","0","0","0","0","0","0","0","0","ok","10","1"
"current","SpecularTest-glb","0","false","8531.3999999999996","701","644.60000000000002","56.399999999999999","790.20000000000005","0.10000000000000001","4313","2023.5000000000002","1974.9999999999998","4119.8999999999996","974.20000000000005","1142.4000000000001","581.10000000000002","66.099999999999994","0.5","8.4000000000000004","40.200000000000003","1.8999999999999999","12.9","630.60000000000002","144.40000000000001","138","4.2999999999999998","9.4000000000000004","0.90000000000000002","13.699999999999999","16.199999999999999","0","0","0","0","223376","12084","242432","478.30000000000001","102.8","211264","31168","5337088","884736","5337088","5656576","962560","5656576","5656576","962560","5656576","6336512","1441792","6336512","6406144","1441792","6406144","7020544","1794048","7020544","7282688","2039808","7282688","0","0","0","33","33","71456","0","0","0","0","0","0","0","0","0","0","0","0","0","0","0","0","0","0","0","0","0","0","0","0","0","0","0","0","0","0","ok","10","2"
"current","SpecularTest-glb","0","false","10304.700000000001","859.20000000000005","788.70000000000005","70.5","952.10000000000002","0","5874.1000000000004","2681.7000000000003","2601","5676.8999999999996","1071.4000000000001","1161.2","361.79999999999995","71.400000000000006","0.5","8.9000000000000004","45.600000000000001","1.8999999999999999","13.9","681.5","140.19999999999999","91","3.6000000000000001","7","0.80000000000000004","12.800000000000001","29.099999999999998","0","0","0","0","223376","12084","242432","294.19999999999999","67.599999999999994","211264","31168","5373952","892928","5373952","5693440","970752","5693440","5693440","970752","5693440","6340608","1417216","6340608","6410240","1417216","6410240","7049216","1798144","7049216","7311360","2043904","7311360","0","0","0","33","33","71456","0","0","0","0","0","0","0","0","0","0","0","0","0","0","0","0","0","0","0","0","0","0","0","0","0","0","0","0","0","0","ok","11","1"
"sax-scalar-unique-fallback","SpecularTest-glb","0","false","8605.6000000000004","941.39999999999998","878.5","62.899999999999999","714.20000000000005","0.10000000000000001","4602.8999999999996","2199.7000000000003","2143.7999999999997","4389.3000000000002","861.70000000000005","1103.2","354.70000000000005","89.5","0.5","8.0999999999999996","35.100000000000001","2","13.800000000000001","629.10000000000002","143.09999999999999","79.299999999999997","2.8999999999999999","4.4000000000000004","0.5","30.399999999999999","14.700000000000001","0","0","0","0","223376","12084","242432","285.30000000000001","69.400000000000006","211264","31168","5361664","884736","5361664","5615616","962560","5615616","5615616","962560","5615616","6311936","1392640","6311936","6381568","1392640","6381568","7053312","1806336","7053312","7315456","2052096","7315456","0","0","0","33","33","71456","0","0","0","0","0","0","0","0","0","0","0","0","0","0","0","0","0","0","0","0","0","0","0","0","0","0","0","0","0","0","ok","11","2"
"sax-scalar-unique-fallback","SpecularTest-glb","0","false","8699.8999999999996","705.40000000000009","651.20000000000005","54.200000000000003","723.70000000000005","0.10000000000000001","4390.1999999999998","2073.8999999999996","1999.7","4186.3999999999996","1047.5","1462.7","344.89999999999998","88.400000000000006","0.59999999999999998","12.4","85","3","16.5","870.60000000000002","154.19999999999999","132.30000000000001","4.7999999999999998","9.9000000000000004","0.80000000000000004","12.4","16.300000000000001","0","0","0","0","223376","12084","242432","276.30000000000001","68.599999999999994","211264","31168","5373952","892928","5373952","5640192","970752","5640192","5640192","970752","5640192","6336512","1413120","6336512","6410240","1413120","6410240","7077888","1818624","7077888","7327744","2064384","7327744","0","0","0","33","33","71456","0","0","0","0","0","0","0","0","0","0","0","0","0","0","0","0","0","0","0","0","0","0","0","0","0","0","0","0","0","0","ok","12","1"
"current","SpecularTest-glb","0","false","8623.7999999999993","848.59999999999991","787.79999999999995","60.799999999999997","763.70000000000005","0.10000000000000001","4565.6999999999998","2140","2092.5","4354","989.5","1091.4000000000001","345.5","73.5","0.5","8.5999999999999996","35.100000000000001","1.8999999999999999","13.5","649.89999999999998","142.59999999999999","84.200000000000003","3","5","0.5","8","15.5","0","0","0","0","223376","12084","242432","277.39999999999998","68.099999999999994","211264","31168","5369856","892928","5369856","5660672","974848","5660672","5660672","974848","5660672","6332416","1417216","6332416","6406144","1417216","6406144","7061504","1810432","7061504","7311360","2056192","7311360","0","0","0","33","33","71456","0","0","0","0","0","0","0","0","0","0","0","0","0","0","0","0","0","0","0","0","0","0","0","0","0","0","0","0","0","0","ok","12","2"
"current","SpecularTest-glb","0","false","8213","670.89999999999998","613.79999999999995","57.100000000000001","781.60000000000002","0.10000000000000001","4317.5","2043.5","1994.7000000000003","4126.1000000000004","962.70000000000005","1107.9000000000001","354.40000000000003","69.400000000000006","0.5","7.9000000000000004","44.899999999999999","1.8999999999999999","13.199999999999999","651.70000000000005","151.90000000000001","86.900000000000006","2.7000000000000002","4.5","0.5","8.4000000000000004","14.799999999999999","0","0","0","0","223376","12084","242432","277.10000000000002","77.299999999999997","211264","31168","5341184","892928","5341184","5644288","970752","5644288","5644288","970752","5644288","6340608","1458176","6340608","6410240","1458176","6410240","7024640","1798144","7024640","7290880","2043904","7290880","0","0","0","33","33","71456","0","0","0","0","0","0","0","0","0","0","0","0","0","0","0","0","0","0","0","0","0","0","0","0","0","0","0","0","0","0","ok","13","1"
"sax-scalar-unique-fallback","SpecularTest-glb","0","false","8579.8999999999996","927.39999999999998","870","57.399999999999999","764.89999999999998","0.20000000000000001","4387.6000000000004","2141.8999999999996","2081.9000000000001","4175.3000000000002","966.20000000000005","1116.9000000000001","397.19999999999999","69.400000000000006","0.5","8.5","46.899999999999999","2","32.5","651.29999999999995","144.40000000000001","80.799999999999997","3","4.7000000000000002","0.59999999999999998","8.0999999999999996","15.199999999999999","0","0","0","0","223376","12084","242432","319","78.200000000000003","211264","31168","5357568","905216","5357568","5623808","978944","5623808","5623808","978944","5623808","6320128","1417216","6320128","6393856","1417216","6393856","7032832","1794048","7032832","7303168","2039808","7303168","0","0","0","33","33","71456","0","0","0","0","0","0","0","0","0","0","0","0","0","0","0","0","0","0","0","0","0","0","0","0","0","0","0","0","0","0","ok","13","2"
"sax-scalar-unique-fallback","SpecularTest-glb","0","false","8066.8999999999996","708.19999999999993","655.89999999999998","52.299999999999997","720.70000000000005","0","4330.6999999999998","2042.3000000000002","1989.8000000000002","4126.1999999999998","885.29999999999995","1048","353.20000000000005","65","0.5","7.5999999999999996","49.799999999999997","1.8","12.6","629.39999999999998","126.59999999999999","79.5","2.6000000000000001","4.2999999999999998","0.59999999999999998","7.5","13.899999999999999","0","0","0","0","223376","12084","242432","264.60000000000002","88.599999999999994","211264","31168","5369856","905216","5369856","5632000","983040","5632000","5632000","983040","5632000","6340608","1425408","6340608","6410240","1425408","6410240","7069696","1814528","7069696","7335936","2060288","7335936","0","0","0","33","33","71456","0","0","0","0","0","0","0","0","0","0","0","0","0","0","0","0","0","0","0","0","0","0","0","0","0","0","0","0","0","0","ok","14","1"
"current","SpecularTest-glb","0","false","8144.5","692.29999999999995","638.5","53.799999999999997","758.70000000000005","0.10000000000000001","4327","2015.4000000000003","1947.9999999999998","4098","950.89999999999998","1052.5","343.39999999999998","63","0.5","11.4","40.200000000000003","2.7000000000000002","16.199999999999999","616.60000000000002","132.80000000000001","83.599999999999994","2.6000000000000001","6.0999999999999996","0.59999999999999998","7.7999999999999998","16.599999999999998","0","0","0","0","223376","12084","242432","254.30000000000001","89.099999999999994","211264","31168","5373952","897024","5373952","5664768","974848","5664768","5664768","974848","5664768","6340608","1421312","6340608","6410240","1421312","6410240","7049216","1802240","7049216","7315456","2048000","7315456","0","0","0","33","33","71456","0","0","0","0","0","0","0","0","0","0","0","0","0","0","0","0","0","0","0","0","0","0","0","0","0","0","0","0","0","0","ok","14","2"
"current","SpecularTest-glb","0","false","8762","926.5","867.39999999999998","59.100000000000001","789.20000000000005","0.10000000000000001","4308.1999999999998","1994.3000000000002","1942.7000000000003","4119.3999999999996","1097.7","1219.0999999999999","393.59999999999997","115.40000000000001","0.59999999999999998","11.5","53.299999999999997","2.2000000000000002","14.9","689.89999999999998","146.40000000000001","79.400000000000006","2.8999999999999999","4.5","0.5","8.0999999999999996","22","0","0","0","0","223376","12084","242432","299.89999999999998","93.700000000000003","211264","31168","5357568","905216","5357568","5677056","983040","5677056","5677056","983040","5677056","6311936","1417216","6311936","6389760","1417216","6389760","7061504","1814528","7061504","7323648","2060288","7323648","0","0","0","33","33","71456","0","0","0","0","0","0","0","0","0","0","0","0","0","0","0","0","0","0","0","0","0","0","0","0","0","0","0","0","0","0","ok","15","1"
"sax-scalar-unique-fallback","SpecularTest-glb","0","false","8371.1000000000004","743","689","54","693.89999999999998","0","4509.1999999999998","2112.3000000000002","2056.5999999999999","4276.3000000000002","903","1133.5999999999999","368.89999999999998","91.5","0.5","8.0999999999999996","51.5","1.8999999999999999","13.800000000000001","614.5","139.80000000000001","85.400000000000006","3","15.300000000000001","0.59999999999999998","7.7999999999999998","33.5","0","0","0","0","223376","12084","242432","285.19999999999999","83.700000000000003","211264","31168","5341184","843776","5341184","5591040","962560","5591040","5591040","962560","5591040","6307840","1404928","6307840","6377472","1404928","6377472","7032832","1806336","7032832","7299072","2052096","7299072","0","0","0","33","33","71456","0","0","0","0","0","0","0","0","0","0","0","0","0","0","0","0","0","0","0","0","0","0","0","0","0","0","0","0","0","0","ok","15","2"
"sax-scalar-unique-fallback","SpecularTest-glb","0","false","8309","857.70000000000005","801.70000000000005","56","718.29999999999995","0","4377.1000000000004","2020.4000000000001","1948.8000000000002","4165.3999999999996","890.20000000000005","1100.8","344.30000000000001","68.200000000000003","0.5","8.5","46.799999999999997","1.8999999999999999","13.199999999999999","663.39999999999998","134","83.700000000000003","2.7999999999999998","4.9000000000000004","0.59999999999999998","7.5","14.5","0","0","0","0","223376","12084","242432","274.60000000000002","69.700000000000003","211264","31168","5361664","897024","5361664","5615616","970752","5615616","5615616","970752","5615616","6328320","1417216","6328320","6397952","1417216","6397952","7032832","1785856","7032832","7294976","2031616","7294976","0","0","0","33","33","71456","0","0","0","0","0","0","0","0","0","0","0","0","0","0","0","0","0","0","0","0","0","0","0","0","0","0","0","0","0","0","ok","16","1"
"current","SpecularTest-glb","0","false","8485","700.89999999999998","619.29999999999995","81.599999999999994","777.20000000000005","0","4471.3999999999996","2139.9000000000001","2007.4000000000003","4261.1999999999998","1008.8","1149.2","359.30000000000001","68.5","0.40000000000000002","8.4000000000000004","41.899999999999999","1.8999999999999999","12.9","684.5","146.30000000000001","105.8","2.6000000000000001","4.5999999999999996","0.59999999999999998","7.7999999999999998","15.300000000000001","0","0","0","0","223376","12084","242432","287.60000000000002","71.700000000000003","211264","31168","5382144","901120","5382144","5668864","978944","5668864","5668864","978944","5668864","6352896","1441792","6352896","6434816","1454080","6434816","7041024","1789952","7041024","7282688","2035712","7282688","0","0","0","33","33","71456","0","0","0","0","0","0","0","0","0","0","0","0","0","0","0","0","0","0","0","0","0","0","0","0","0","0","0","0","0","0","ok","16","2"
"current","SpecularTest-glb","0","false","8577","680.09999999999991","622.79999999999995","57.299999999999997","820","0.20000000000000001","4361.5","2079.5000000000005","2031.7","4170.8000000000002","1220.0999999999999","1136","339.89999999999998","82.5","0.40000000000000002","8.0999999999999996","36.899999999999999","1.8","14.1","678.10000000000002","132.30000000000001","96.299999999999997","2.7000000000000002","4.2999999999999998","0.59999999999999998","7.4000000000000004","16.699999999999999","0","0","0","0","223376","12084","242432","274.69999999999999","65.200000000000003","211264","31168","5373952","905216","5373952","5677056","983040","5677056","5677056","983040","5677056","6352896","1437696","6352896","6434816","1441792","6434816","7122944","1851392","7122944","7376896","2097152","7376896","0","0","0","33","33","71456","0","0","0","0","0","0","0","0","0","0","0","0","0","0","0","0","0","0","0","0","0","0","0","0","0","0","0","0","0","0","ok","17","1"
"sax-scalar-unique-fallback","SpecularTest-glb","0","false","8263.5","669.89999999999998","618.5","51.399999999999999","685.79999999999995","0.20000000000000001","4571.3999999999996","2275.1999999999998","2223.1999999999998","4342.6999999999998","862.70000000000005","1092.8","363.10000000000002","62.399999999999999","0.5","8.3000000000000007","42.100000000000001","1.8999999999999999","13.5","660.10000000000002","134.59999999999999","85.900000000000006","2.8999999999999999","4.2999999999999998","0.5","7.5999999999999996","14.799999999999999","0","0","0","0","223376","12084","242432","266.10000000000002","97","211264","31168","5361664","880640","5361664","5623808","958464","5623808","5623808","958464","5623808","6316032","1400832","6316032","6385664","1400832","6385664","7028736","1781760","7028736","7294976","2027520","7294976","0","0","0","33","33","71456","0","0","0","0","0","0","0","0","0","0","0","0","0","0","0","0","0","0","0","0","0","0","0","0","0","0","0","0","0","0","ok","17","2"
"sax-scalar-unique-fallback","SpecularTest-glb","0","false","7843.6999999999998","681.30000000000007","627.60000000000002","53.700000000000003","716","0.20000000000000001","4172.8000000000002","1946.3999999999999","1895.4999999999995","3965.3000000000002","841.5","1067.0999999999999","347.30000000000001","64.700000000000003","0.40000000000000002","7.7999999999999998","48.299999999999997","1.8","13.1","641.79999999999995","131.30000000000001","82.5","2.7000000000000002","4.7999999999999998","0.5","8","14.5","0","0","0","0","223376","12084","242432","279.60000000000002","67.700000000000003","211264","31168","5369856","888832","5369856","5632000","966656","5632000","5632000","966656","5632000","6336512","1413120","6336512","6418432","1413120","6418432","7057408","1781760","7057408","7319552","2027520","7319552","0","0","0","33","33","71456","0","0","0","0","0","0","0","0","0","0","0","0","0","0","0","0","0","0","0","0","0","0","0","0","0","0","0","0","0","0","ok","18","1"
"current","SpecularTest-glb","0","false","14459.5","885.79999999999995","814.79999999999995","71","1304","0.20000000000000001","7353.3999999999996","3525.4999999999995","3426.5000000000005","7036.3999999999996","2101.4000000000001","2276.3000000000002","500","121.7","0.69999999999999996","11.5","78.900000000000006","2.7000000000000002","23","1507.5","251.90000000000001","157.5","4.7999999999999998","8","0.90000000000000002","14.300000000000001","21.300000000000001","0","0","0","0","223376","12084","242432","394.5","105.5","211264","31168","5394432","888832","5394432","5718016","966656","5718016","5718016","966656","5718016","6369280","1413120","6369280","6443008","1413120","6443008","7094272","1794048","7094272","7348224","2043904","7348224","0","0","0","33","33","71456","0","0","0","0","0","0","0","0","0","0","0","0","0","0","0","0","0","0","0","0","0","0","0","0","0","0","0","0","0","0","ok","18","2"
"current","SpecularTest-glb","0","false","12782.4","942.20000000000005","872.20000000000005","70","1490.0999999999999","0.10000000000000001","7561","3607.0000000000005","3520.5999999999985","7231.8999999999996","1201.4000000000001","1196.4000000000001","365.40000000000003","133.19999999999999","0.5","8.8000000000000007","40.899999999999999","1.8999999999999999","13.5","680.70000000000005","144.09999999999999","89.200000000000003","2.8999999999999999","5.2999999999999998","0.5","7.7999999999999998","16.900000000000002","0","0","0","0","223376","12084","242432","297.10000000000002","68.299999999999997","211264","31168","5353472","888832","5353472","5668864","966656","5668864","5668864","966656","5668864","6365184","1454080","6365184","6434816","1454080","6434816","7036928","1794048","7036928","7294976","2039808","7294976","0","0","0","33","33","71456","0","0","0","0","0","0","0","0","0","0","0","0","0","0","0","0","0","0","0","0","0","0","0","0","0","0","0","0","0","0","ok","19","1"
"sax-scalar-unique-fallback","SpecularTest-glb","0","false","8734.7000000000007","777.20000000000005","719.5","57.700000000000003","708","0.10000000000000001","4367.8999999999996","2087.0999999999999","2032.8999999999999","4140.3000000000002","1195.8","1266.8","392.30000000000001","90.400000000000006","0.5","8.3000000000000007","61.700000000000003","1.8999999999999999","15.5","758.29999999999995","139.40000000000001","94.900000000000006","2.8999999999999999","13.4","0.5","8.5999999999999996","16.199999999999999","0","0","0","0","223376","12084","242432","308.30000000000001","84","211264","31168","5332992","901120","5332992","5591040","978944","5591040","5591040","978944","5591040","6307840","1421312","6307840","6377472","1421312","6377472","7024640","1810432","7024640","7290880","2056192","7290880","0","0","0","33","33","71456","0","0","0","0","0","0","0","0","0","0","0","0","0","0","0","0","0","0","0","0","0","0","0","0","0","0","0","0","0","0","ok","19","2"
"sax-scalar-unique-fallback","SpecularTest-glb","0","false","12004.4","945.19999999999993","869.39999999999998","75.799999999999997","1166.8","0.40000000000000002","7348.8000000000002","3621.5999999999995","3540.4000000000005","6963.1999999999998","937.60000000000002","1184.0999999999999","396.19999999999999","77.5","0.5","8.5","50.5","2","14.300000000000001","678.70000000000005","146.90000000000001","115","4.7000000000000002","6.7999999999999998","0.90000000000000002","9","15.9","0","0","0","0","223376","12084","242432","313.89999999999998","82.299999999999997","211264","31168","5373952","892928","5373952","5636096","970752","5636096","5636096","970752","5636096","6344704","1413120","6344704","6414336","1413120","6414336","7061504","1802240","7061504","7315456","2052096","7315456","0","0","0","33","33","71456","0","0","0","0","0","0","0","0","0","0","0","0","0","0","0","0","0","0","0","0","0","0","0","0","0","0","0","0","0","0","ok","20","1"
"current","SpecularTest-glb","0","false","8243","714.39999999999998","636.89999999999998","77.5","769.29999999999995","0.20000000000000001","4355.8999999999996","1998.6999999999998","1951.2999999999997","4163.1000000000004","980.10000000000002","1079.5","323.30000000000001","65.200000000000003","0.5","8","36.299999999999997","1.8999999999999999","13.800000000000001","608.20000000000005","164.30000000000001","99.700000000000003","2.7999999999999998","5.0999999999999996","0.59999999999999998","8.1999999999999993","15.100000000000001","0","0","0","0","223376","12084","242432","256.80000000000001","66.5","211264","31168","5382144","884736","5382144","5672960","966656","5672960","5672960","966656","5672960","6356992","1429504","6356992","6443008","1441792","6443008","7098368","1835008","7098368","7348224","2080768","7348224","0","0","0","33","33","71456","0","0","0","0","0","0","0","0","0","0","0","0","0","0","0","0","0","0","0","0","0","0","0","0","0","0","0","0","0","0","ok","20","2"
"current","ABeautifulGame-glb","0","false","83864.199999999997","731.09999999999991","640.29999999999995","90.799999999999997","2202.9000000000001","0.10000000000000001","4165.8000000000002","1922.6000000000004","1882","3993.0999999999999","2705.0999999999999","1457.4000000000001","72578.800000000003","333","0.5","9.3000000000000007","303.69999999999999","2","74.099999999999994","292.69999999999999","102.90000000000001","184.09999999999999","2.7000000000000002","7.5","0.5","79.5","15.399999999999999","0","0","0","0","42977928","32208","61875787","49730.599999999999","22848.200000000001","42945692","18930095","5365760","884736","5365760","5869568","1179648","5869568","5869568","1179648","5869568","6410240","1515520","6410240","6483968","1515520","6483968","7274496","2064384","7274496","69201920","64184320","69201920","0","0","0","33","33","71456","0","0","0","0","0","0","0","0","0","0","0","0","0","0","0","0","0","0","0","0","0","0","0","0","0","0","0","0","0","0","ok","1","1"
"sax-scalar-unique-fallback","ABeautifulGame-glb","0","false","82381.300000000003","763.30000000000007","675.20000000000005","88.099999999999994","1845.2","0.10000000000000001","4289.6000000000004","2036.9000000000001","1998.2","4097.3999999999996","2360.3000000000002","1479.3","71613.699999999997","344.69999999999999","0.5","8.4000000000000004","284.60000000000002","2.1000000000000001","74.200000000000003","338.89999999999998","106.2","177.80000000000001","2.7000000000000002","8.0999999999999996","0.5","64.799999999999997","15.5","0","0","0","0","42977928","32208","61875787","49621.599999999999","21992.099999999999","42945692","18930095","5382144","892928","5382144","5832704","1183744","5832704","5832704","1183744","5832704","6430720","1507328","6430720","6500352","1507328","6500352","7294976","2060288","7294976","69226496","64180224","69226496","0","0","0","33","33","71456","0","0","0","0","0","0","0","0","0","0","0","0","0","0","0","0","0","0","0","0","0","0","0","0","0","0","0","0","0","0","ok","1","2"
"sax-scalar-unique-fallback","ABeautifulGame-glb","0","false","86673.800000000003","796.60000000000002","704.39999999999998","92.200000000000003","1917.9000000000001","0.29999999999999999","4188.8000000000002","1939.3000000000002","1895","3998.5","2289.4000000000001","1498","75956.699999999997","365.5","0.5","8","303.5","2.3999999999999999","67.5","287.39999999999998","141.69999999999999","183.30000000000001","2.7000000000000002","8.0999999999999996","0.40000000000000002","63.100000000000001","15.899999999999999","0","0","0","0","42977928","32208","61875787","52684.900000000001","23271.799999999999","42945692","18930095","5365760","897024","5365760","5804032","1167360","5836800","5804032","1167360","5836800","6414336","1523712","6414336","6483968","1523712","6483968","7274496","2060288","7274496","69218304","64163840","69218304","0","0","0","33","33","71456","0","0","0","0","0","0","0","0","0","0","0","0","0","0","0","0","0","0","0","0","0","0","0","0","0","0","0","0","0","0","ok","2","1"
"current","ABeautifulGame-glb","0","false","93879.800000000003","751.60000000000002","661.89999999999998","89.700000000000003","2029.5999999999999","0","4165.6999999999998","1887.0000000000005","1825.5999999999999","3996.1999999999998","3055.1999999999998","1885.4000000000001","81960.100000000006","463.39999999999998","0.69999999999999996","11.800000000000001","387.60000000000002","2.3999999999999999","83.700000000000003","340.19999999999999","107.59999999999999","216.80000000000001","2.8999999999999999","8.5999999999999996","0.5","68.400000000000006","21.100000000000001","0","0","0","0","42977928","32208","61875787","59859.800000000003","22100.299999999999","42945692","18930095","5365760","884736","5365760","5881856","1183744","5881856","5881856","1183744","5881856","6426624","1515520","6426624","6500352","1515520","6500352","7335936","2101248","7335936","69283840","64200704","69283840","0","0","0","33","33","71456","0","0","0","0","0","0","0","0","0","0","0","0","0","0","0","0","0","0","0","0","0","0","0","0","0","0","0","0","0","0","ok","2","2"
"current","ABeautifulGame-glb","0","false","83425","727.70000000000005","637","90.700000000000003","2060.5","0","4126.8000000000002","1878.1000000000001","1838.6000000000001","3958.6999999999998","2703.6999999999998","1688","72093.399999999994","572.60000000000002","0.80000000000000004","9.0999999999999996","278.30000000000001","2","68.599999999999994","301.60000000000002","100.5","212.30000000000001","2.8999999999999999","8.1999999999999993","0.5","68","15.5","0","0","0","0","42977928","32208","61875787","49762.400000000001","22331","42945692","18930095","5386240","905216","5386240","5890048","1191936","5890048","5890048","1191936","5890048","6443008","1540096","6443008","6533120","1552384","6533120","7327744","2101248","7327744","69279744","64204800","69279744","0","0","0","33","33","71456","0","0","0","0","0","0","0","0","0","0","0","0","0","0","0","0","0","0","0","0","0","0","0","0","0","0","0","0","0","0","ok","3","1"
"sax-scalar-unique-fallback","ABeautifulGame-glb","0","false","87564.800000000003","717","628.5","88.5","1895.9000000000001","0.10000000000000001","4447.5","2003.7999999999995","1958.9000000000003","4225.5","2334.0999999999999","1502.0999999999999","76636.300000000003","365.10000000000002","0.40000000000000002","8.4000000000000004","288","2.6000000000000001","69.099999999999994","305.89999999999998","104.90000000000001","212.40000000000001","2.8999999999999999","7.7999999999999998","0.5","66.200000000000003","15.699999999999999","0","0","0","0","42977928","32208","61875787","50726","25910.299999999999","42945692","18930095","5390336","880640","5390336","5861376","1179648","5861376","5861376","1179648","5861376","6467584","1536000","6467584","6541312","1536000","6541312","7327744","2076672","7327744","69255168","64184320","69255168","0","0","0","33","33","71456","0","0","0","0","0","0","0","0","0","0","0","0","0","0","0","0","0","0","0","0","0","0","0","0","0","0","0","0","0","0","ok","3","2"
"sax-scalar-unique-fallback","ABeautifulGame-glb","0","false","88524.899999999994","927.19999999999993","835.29999999999995","91.900000000000006","1847.0999999999999","0.10000000000000001","4731.1000000000004","2099.5000000000005","2056.1999999999998","4535.6000000000004","2346.1999999999998","1473","77171.899999999994","370.19999999999999","0.5","8.3000000000000007","281.10000000000002","2","72.900000000000006","296.30000000000001","124.2","180.19999999999999","2.7999999999999998","8","0.5","60.200000000000003","16.100000000000001","0","0","0","0","42977928","32208","61875787","54421.199999999997","22750.700000000001","42945692","18930095","5398528","888832","5398528","5844992","1171456","5844992","5844992","1171456","5844992","6459392","1515520","6459392","6529024","1515520","6529024","7323648","2060288","7323648","69246976","64176128","69246976","0","0","0","33","33","71456","0","0","0","0","0","0","0","0","0","0","0","0","0","0","0","0","0","0","0","0","0","0","0","0","0","0","0","0","0","0","ok","4","1"
"current","ABeautifulGame-glb","0","false","115400.89999999999","871.80000000000007","784.10000000000002","87.700000000000003","2349.4000000000001","0.10000000000000001","4568.5","1963.5999999999999","1909.4000000000001","4389.3999999999996","3141.3000000000002","1503.7","102932.5","349.19999999999999","0.40000000000000002","8.5999999999999996","306","2.1000000000000001","75.299999999999997","331.69999999999999","103.3","179.30000000000001","2.7999999999999998","7.7999999999999998","0.5","68.400000000000006","16.399999999999999","0","0","0","0","42977928","32208","61875787","69451.199999999997","33481.300000000003","42945692","18930095","5398528","897024","5398528","5902336","1183744","5902336","5902336","1183744","5902336","6447104","1511424","6447104","6529024","1523712","6529024","7323648","2064384","7323648","69251072","64180224","69251072","0","0","0","33","33","71456","0","0","0","0","0","0","0","0","0","0","0","0","0","0","0","0","0","0","0","0","0","0","0","0","0","0","0","0","0","0","ok","4","2"
"current","ABeautifulGame-glb","0","false","127814.89999999999","1687","1559.5","127.5","3690.5","0.20000000000000001","8204.5","3485.4000000000001","3417","7868.6999999999998","4992.8000000000002","2793.4000000000001","106400.5","655.10000000000002","1.2","15.699999999999999","553.39999999999998","4.7000000000000002","128.59999999999999","590.20000000000005","202.69999999999999","373.30000000000001","5.9000000000000004","26.699999999999999","0.90000000000000002","125","24.300000000000001","0","0","0","0","42977928","32208","61875787","77538.600000000006","28861.900000000001","42945692","18930095","5365760","847872","5365760","5885952","1150976","5885952","5885952","1150976","5885952","6414336","1478656","6414336","6483968","1478656","6483968","7290880","2027520","7290880","69222400","64147456","69222400","0","0","0","33","33","71456","0","0","0","0","0","0","0","0","0","0","0","0","0","0","0","0","0","0","0","0","0","0","0","0","0","0","0","0","0","0","ok","5","1"
"sax-scalar-unique-fallback","ABeautifulGame-glb","0","false","91717.699999999997","927.5","831.39999999999998","96.099999999999994","1947.2","0.20000000000000001","4639.3000000000002","2092.6000000000004","2047.1999999999998","4444.8999999999996","2419.5","1647.4000000000001","80100.199999999997","426","0.5","14.199999999999999","284.30000000000001","2.1000000000000001","91","344.19999999999999","114.40000000000001","186.30000000000001","2.7999999999999998","8.4000000000000004","0.5","66.400000000000006","20.700000000000003","0","0","0","0","42977928","32208","61875787","53701.599999999999","26398.599999999999","42945692","18930095","5382144","897024","5382144","5853184","1196032","5853184","5853184","1196032","5853184","6438912","1527808","6438912","6508544","1527808","6508544","7307264","2068480","7307264","69246976","64184320","69246976","0","0","0","33","33","71456","0","0","0","0","0","0","0","0","0","0","0","0","0","0","0","0","0","0","0","0","0","0","0","0","0","0","0","0","0","0","ok","5","2"
"sax-scalar-unique-fallback","ABeautifulGame-glb","0","false","100771.5","978.20000000000005","879.60000000000002","98.599999999999994","1890.7","0.20000000000000001","4348.8000000000002","2031","1991.3999999999999","4160.8000000000002","2413","1722.4000000000001","89386.800000000003","363.80000000000001","0.5","9","286.69999999999999","2.5","71","537.29999999999995","115.59999999999999","193.90000000000001","3.2999999999999998","8.5","0.5","63","15.800000000000001","0","0","0","0","42977928","32208","61875787","57082","32304.799999999999","42945692","18930095","5361664","897024","5361664","5836800","1196032","5836800","5836800","1196032","5836800","6397952","1515520","6397952","6471680","1515520","6471680","7270400","2056192","7270400","69218304","64163840","69218304","0","0","0","33","33","71456","0","0","0","0","0","0","0","0","0","0","0","0","0","0","0","0","0","0","0","0","0","0","0","0","0","0","0","0","0","0","ok","6","1"
"current","ABeautifulGame-glb","0","false","103352.10000000001","931.60000000000002","804","127.59999999999999","2546.1999999999998","0.20000000000000001","4641.8000000000002","2081.5999999999999","2037.5000000000002","4460.6000000000004","3669.9000000000001","1845","89682.5","443.60000000000002","0.69999999999999996","10.9","336.89999999999998","2.7000000000000002","96","431.30000000000001","124.2","230.30000000000001","3.2000000000000002","8.4000000000000004","0.5","74.900000000000006","23","0","0","0","0","42977928","32208","61875787","64940.199999999997","24742.299999999999","42945692","18930095","5414912","888832","5414912","5910528","1171456","5910528","5910528","1171456","5910528","6467584","1523712","6467584","6541312","1523712","6541312","7352320","2080768","7352320","69275648","64180224","69275648","0","0","0","33","33","71456","0","0","0","0","0","0","0","0","0","0","0","0","0","0","0","0","0","0","0","0","0","0","0","0","0","0","0","0","0","0","ok","6","2"
"current","ABeautifulGame-glb","0","false","87215.899999999994","1030.7","921","109.7","3016.3000000000002","0.20000000000000001","4311.6000000000004","2039.9000000000005","1997.3000000000004","4134.5","2977","1534","74314.399999999994","371.30000000000001","0.5","8.4000000000000004","295.80000000000001","2.2999999999999998","75","326.39999999999998","125.8","186.19999999999999","2.7000000000000002","8","0.5","64.700000000000003","15.800000000000001","0","0","0","0","42977928","32208","61875787","51636.800000000003","22677.599999999999","42945692","18930095","5378048","892928","5378048","5898240","1191936","5898240","5898240","1191936","5898240","6430720","1523712","6430720","6508544","1523712","6508544","7299072","2072576","7299072","69242880","64192512","69242880","0","0","0","33","33","71456","0","0","0","0","0","0","0","0","0","0","0","0","0","0","0","0","0","0","0","0","0","0","0","0","0","0","0","0","0","0","ok","7","1"
"sax-scalar-unique-fallback","ABeautifulGame-glb","0","false","84204.800000000003","789","700.20000000000005","88.799999999999997","1842.5999999999999","0.10000000000000001","4209.3999999999996","1950.2000000000003","1912.0999999999999","4022.3000000000002","2361","1491.0999999999999","73485.100000000006","388.60000000000002","0.5","8.1999999999999993","279.39999999999998","2","67.700000000000003","296.39999999999998","103.09999999999999","197.5","2.7999999999999998","7.5","0.5","72.599999999999994","15.699999999999999","0","0","0","0","42977928","32208","61875787","51748.5","21736.599999999999","42945692","18930095","5398528","892928","5398528","5865472","1187840","5865472","5865472","1187840","5865472","6455296","1519616","6455296","6524928","1519616","6524928","7331840","2080768","7331840","69267456","64188416","69267456","0","0","0","33","33","71456","0","0","0","0","0","0","0","0","0","0","0","0","0","0","0","0","0","0","0","0","0","0","0","0","0","0","0","0","0","0","ok","7","2"
"sax-scalar-unique-fallback","ABeautifulGame-glb","0","false","81834.100000000006","753.30000000000007","672.10000000000002","81.200000000000003","2240.8000000000002","0.29999999999999999","4369.6000000000004","2137.6000000000004","2081.2000000000003","4028","2310.8000000000002","1447.9000000000001","70660.200000000012","333.10000000000002","0.40000000000000002","8.6999999999999993","298.39999999999998","2.7999999999999998","69.299999999999997","297.10000000000002","104.3","186.69999999999999","2.8999999999999999","7.5","0.5","60.700000000000003","15.5","0","0","0","0","42977928","32208","61875787","48617.800000000003","22042.400000000001","42945692","18930095","5390336","892928","5390336","5828608","1167360","5853184","5828608","1167360","5853184","6447104","1519616","6447104","6529024","1519616","6529024","7303168","2064384","7303168","69246976","64188416","69246976","0","0","0","33","33","71456","0","0","0","0","0","0","0","0","0","0","0","0","0","0","0","0","0","0","0","0","0","0","0","0","0","0","0","0","0","0","ok","8","1"
"current","ABeautifulGame-glb","0","false","85058.199999999997","736","648.10000000000002","87.900000000000006","2249.8000000000002","0.20000000000000001","4193.6000000000004","1915.4000000000003","1871.1000000000004","4015.1999999999998","2821.4000000000001","1429.8","73590.300000000003","313.30000000000001","0.40000000000000002","8","295.19999999999999","2","71.700000000000003","314.5","104.8","181.59999999999999","2.8999999999999999","8","0.40000000000000002","64.400000000000006","15.399999999999999","0","0","0","0","42977928","32208","61875787","49272.599999999999","24317.700000000001","42945692","18930095","5373952","901120","5373952","5898240","1200128","5898240","5898240","1200128","5898240","6430720","1531904","6430720","6504448","1531904","6504448","7278592","2068480","7278592","69214208","64172032","69214208","0","0","0","33","33","71456","0","0","0","0","0","0","0","0","0","0","0","0","0","0","0","0","0","0","0","0","0","0","0","0","0","0","0","0","0","0","ok","8","2"
"current","ABeautifulGame-glb","0","false","103771.3","856.29999999999995","764","92.299999999999997","2051","0.10000000000000001","5163.1999999999998","2374.6999999999998","2316.5999999999999","4990.3000000000002","2893.0999999999999","2305.4000000000001","90468.600000000006","537.10000000000002","0.90000000000000002","14.4","462.60000000000002","4.2000000000000002","118.90000000000001","502.10000000000002","167.19999999999999","286.5","5.2999999999999998","14.5","1.2","104.90000000000001","19.600000000000001","0","0","0","0","42977928","32208","61875787","66150.300000000003","24318.299999999999","42945692","18930095","5386240","897024","5386240","5902336","1196032","5902336","5902336","1196032","5902336","6438912","1527808","6438912","6516736","1527808","6516736","7311360","2072576","7311360","69246976","64192512","69246976","0","0","0","33","33","71456","0","0","0","0","0","0","0","0","0","0","0","0","0","0","0","0","0","0","0","0","0","0","0","0","0","0","0","0","0","0","ok","9","1"
"sax-scalar-unique-fallback","ABeautifulGame-glb","0","false","87050.899999999994","1020.3000000000001","899.10000000000002","121.2","2131.5","0.10000000000000001","6943.1999999999998","3178.1999999999994","3105.0000000000014","6727","2468.9000000000001","1492.5999999999999","72962.800000000003","348.10000000000002","0.5","8.4000000000000004","319.19999999999999","2.7000000000000002","75","300.89999999999998","106","186.5","3.1000000000000001","9","0.5","65","15.699999999999999","0","0","0","0","42977928","32208","61875787","50904.400000000001","22058.400000000001","42945692","18930095","5373952","901120","5373952","5840896","1183744","5840896","5840896","1183744","5840896","6422528","1515520","6422528","6492160","1515520","6492160","7294976","2072576","7294976","69238784","64188416","69238784","0","0","0","33","33","71456","0","0","0","0","0","0","0","0","0","0","0","0","0","0","0","0","0","0","0","0","0","0","0","0","0","0","0","0","0","0","ok","9","2"
"sax-scalar-unique-fallback","ABeautifulGame-glb","0","false","93895.899999999994","771.20000000000005","680.60000000000002","90.599999999999994","1879.7","0.20000000000000001","4379.8999999999996","2027.3","1989.0999999999995","4187","2321.0999999999999","1479.2","83036.5","357.30000000000001","0.5","8","282.69999999999999","2.3999999999999999","71.5","295.10000000000002","140.09999999999999","181.5","2.7000000000000002","7.9000000000000004","0.5","64.099999999999994","15.5","0","0","0","0","42977928","32208","61875787","53699.900000000001","29336.599999999999","42945692","18930095","5390336","897024","5390336","5861376","1191936","5861376","5861376","1191936","5861376","6447104","1519616","6447104","6520832","1519616","6520832","7323648","2068480","7323648","69251072","64184320","69251072","0","0","0","33","33","71456","0","0","0","0","0","0","0","0","0","0","0","0","0","0","0","0","0","0","0","0","0","0","0","0","0","0","0","0","0","0","ok","10","1"
"current","ABeautifulGame-glb","0","false","85382.899999999994","762.5","675.20000000000005","87.299999999999997","2054.6999999999998","0.10000000000000001","4181.3000000000002","1906.4999999999998","1872.9000000000001","4010.9000000000001","2632.6999999999998","1461.0999999999999","74266.100000000006","327","0.5","8","301.10000000000002","2.1000000000000001","72.299999999999997","315.89999999999998","110.40000000000001","186","2.7999999999999998","8.5","0.59999999999999998","62.899999999999999","15.300000000000001","0","0","0","0","42977928","32208","61875787","49201.099999999999","25065","42945692","18930095","5357568","901120","5357568","5869568","1196032","5869568","5869568","1196032","5869568","6406144","1523712","6406144","6479872","1523712","6479872","7282688","2072576","7282688","69222400","64196608","69222400","0","0","0","33","33","71456","0","0","0","0","0","0","0","0","0","0","0","0","0","0","0","0","0","0","0","0","0","0","0","0","0","0","0","0","0","0","ok","10","2"
"current","ABeautifulGame-glb","0","false","82400","808","718.60000000000002","89.400000000000006","2024.2","0.10000000000000001","4002.6999999999998","1821.3999999999999","1785.8999999999999","3840.5","2904","1503.3","71127.199999999997","361.80000000000001","0.5","8.6999999999999993","304.60000000000002","2.1000000000000001","87","304.30000000000001","104.8","188.40000000000001","3","8.1999999999999993","0.59999999999999998","63.299999999999997","16","0","0","0","0","42977928","32208","61875787","49092.400000000001","22034.799999999999","42945692","18930095","5382144","897024","5382144","5902336","1196032","5902336","5902336","1196032","5902336","6430720","1515520","6430720","6512640","1527808","6512640","7299072","2068480","7299072","69238784","64188416","69238784","0","0","0","33","33","71456","0","0","0","0","0","0","0","0","0","0","0","0","0","0","0","0","0","0","0","0","0","0","0","0","0","0","0","0","0","0","ok","11","1"
"sax-scalar-unique-fallback","ABeautifulGame-glb","0","false","90853.899999999994","755.10000000000002","648.60000000000002","106.5","1910.3","0.10000000000000001","4171","1931.8","1894.0999999999999","3977.4000000000001","2295.8000000000002","1585.7","80093.300000000003","348.89999999999998","0.5","8.8000000000000007","286.10000000000002","2.5","65.099999999999994","297","204.40000000000001","209.09999999999999","3.2999999999999998","9.8000000000000007","0.5","81.200000000000003","16.399999999999999","0","0","0","0","42977928","32208","61875787","57665.400000000001","22427.900000000001","42945692","18930095","5369856","897024","5369856","5844992","1191936","5844992","5844992","1191936","5844992","6463488","1548288","6463488","6533120","1548288","6533120","7303168","2072576","7303168","69222400","64188416","69222400","0","0","0","33","33","71456","0","0","0","0","0","0","0","0","0","0","0","0","0","0","0","0","0","0","0","0","0","0","0","0","0","0","0","0","0","0","ok","11","2"
"sax-scalar-unique-fallback","ABeautifulGame-glb","0","false","82759.399999999994","735.39999999999998","649","86.400000000000006","1841","0.10000000000000001","4373.8000000000002","2063.4999999999995","2027.6999999999998","4190.6000000000004","2280.9000000000001","1455.5","72045.899999999994","334.69999999999999","0.40000000000000002","8.0999999999999996","291.10000000000002","1.8999999999999999","72.599999999999994","316.10000000000002","106.5","186.30000000000001","2.7000000000000002","7.9000000000000004","0.5","64.299999999999997","15.6","0","0","0","0","42977928","32208","61875787","49904.699999999997","22141.200000000001","42945692","18930095","5386240","892928","5386240","5849088","1191936","5849088","5849088","1191936","5849088","6434816","1511424","6434816","6504448","1511424","6504448","7303168","2064384","7303168","69234688","64184320","69234688","0","0","0","33","33","71456","0","0","0","0","0","0","0","0","0","0","0","0","0","0","0","0","0","0","0","0","0","0","0","0","0","0","0","0","0","0","ok","12","1"
"current","ABeautifulGame-glb","0","false","84339.399999999994","796.89999999999998","710.10000000000002","86.799999999999997","2048.5","0.20000000000000001","4069.3000000000002","1888.0999999999999","1850.4999999999995","3878.3000000000002","2690.5","1456.0999999999999","73246.699999999997","343.69999999999999","0.40000000000000002","8.3000000000000007","304.30000000000001","2.1000000000000001","81.900000000000006","291.80000000000001","115.40000000000001","174.80000000000001","2.6000000000000001","7.5999999999999996","0.5","60.700000000000003","14.4","0","0","0","0","42977928","32208","61875787","50582.699999999997","22664","42945692","18930095","5357568","888832","5357568","5873664","1183744","5873664","5873664","1183744","5873664","6418432","1519616","6418432","6492160","1519616","6492160","7286784","2068480","7286784","69226496","64184320","69226496","0","0","0","33","33","71456","0","0","0","0","0","0","0","0","0","0","0","0","0","0","0","0","0","0","0","0","0","0","0","0","0","0","0","0","0","0","ok","12","2"
"current","ABeautifulGame-glb","0","false","94549.199999999997","822.79999999999995","731.89999999999998","90.900000000000006","2586","0.5","6867.8000000000002","3224.5","3151.1999999999998","6547.6999999999998","4737.8000000000002","2626.6999999999998","76869.399999999994","590.20000000000005","0.80000000000000004","12.1","471.19999999999999","3.5","124.40000000000001","683.20000000000005","181.69999999999999","325.39999999999998","4.4000000000000004","13.6","1","105.5","21.800000000000001","0","0","0","0","42977928","32208","61875787","54442.5","22426.900000000001","42945692","18930095","5369856","892928","5369856","5853184","1175552","5890048","5853184","1175552","5890048","6414336","1511424","6414336","6512640","1523712","6512640","7278592","2060288","7278592","69206016","64172032","69206016","0","0","0","33","33","71456","0","0","0","0","0","0","0","0","0","0","0","0","0","0","0","0","0","0","0","0","0","0","0","0","0","0","0","0","0","0","ok","13","1"
"sax-scalar-unique-fallback","ABeautifulGame-glb","0","false","93693","985.39999999999998","845.79999999999995","139.59999999999999","2933.0999999999999","0.20000000000000001","4763.1999999999998","2249.8000000000002","2210.4000000000005","4570.3999999999996","2468.4000000000001","1810.3","80697","372.69999999999999","0.40000000000000002","8.5","281.10000000000002","2","75","300.30000000000001","132.59999999999999","421.39999999999998","3.3999999999999999","11.699999999999999","0.5","131.5","16.899999999999999","0","0","0","0","42977928","32208","61875787","56144.099999999999","24552.900000000001","42945692","18930095","5373952","897024","5373952","5836800","1196032","5836800","5836800","1196032","5836800","6418432","1519616","6418432","6492160","1519616","6492160","7299072","2072576","7299072","69234688","64188416","69234688","0","0","0","33","33","71456","0","0","0","0","0","0","0","0","0","0","0","0","0","0","0","0","0","0","0","0","0","0","0","0","0","0","0","0","0","0","ok","13","2"
"sax-scalar-unique-fallback","ABeautifulGame-glb","0","false","91200.199999999997","1271.7","1148.8","122.90000000000001","3166","0.29999999999999999","7385.1000000000004","3473.7000000000003","3389.1999999999998","7062.1999999999998","3096","1572","74670.5","385.10000000000002","0.5","8.5999999999999996","294.30000000000001","2.2000000000000002","69","341","105.90000000000001","219.80000000000001","3.2000000000000002","9","0.59999999999999998","63.200000000000003","17.100000000000001","0","0","0","0","42977928","32208","61875787","51861.5","22809","42945692","18930095","5406720","884736","5406720","5873664","1179648","5873664","5873664","1179648","5873664","6438912","1507328","6438912","6516736","1507328","6516736","7303168","2043904","7303168","69234688","64151552","69234688","0","0","0","33","33","71456","0","0","0","0","0","0","0","0","0","0","0","0","0","0","0","0","0","0","0","0","0","0","0","0","0","0","0","0","0","0","ok","14","1"
"current","ABeautifulGame-glb","0","false","89503.199999999997","709.90000000000009","620.70000000000005","89.200000000000003","2118.4000000000001","0.20000000000000001","4199.3999999999996","1928","1890.1999999999998","4025","2903.5","1493.7","78048.199999999997","368.19999999999999","0.40000000000000002","8.3000000000000007","306.89999999999998","2","77.599999999999994","303.69999999999999","100.90000000000001","184.40000000000001","2.8999999999999999","8","0.5","62.200000000000003","16.199999999999999","0","0","0","0","42977928","32208","61875787","55897.699999999997","22150.5","42945692","18930095","5373952","905216","5373952","5869568","1196032","5869568","5869568","1196032","5869568","6434816","1536000","6434816","6508544","1536000","6508544","7303168","2076672","7303168","69242880","64196608","69242880","0","0","0","33","33","71456","0","0","0","0","0","0","0","0","0","0","0","0","0","0","0","0","0","0","0","0","0","0","0","0","0","0","0","0","0","0","ok","14","2"
"current","ABeautifulGame-glb","0","false","82101.5","797","702.79999999999995","94.200000000000003","2093.5","0.20000000000000001","4285","1979.9999999999998","1934.6000000000004","4122.5","2711.9000000000001","1447.3","70738.600000000006","330","0.5","8.3000000000000007","295.19999999999999","2.2000000000000002","65.099999999999994","294.30000000000001","134.19999999999999","180.80000000000001","3","9","0.5","61.399999999999999","15.5","0","0","0","0","42977928","32208","61875787","48960.900000000001","21777.700000000001","42945692","18930095","5373952","888832","5373952","5865472","1179648","5890048","5865472","1179648","5890048","6418432","1515520","6418432","6492160","1515520","6492160","7258112","2048000","7258112","69181440","64155648","69181440","0","0","0","33","33","71456","0","0","0","0","0","0","0","0","0","0","0","0","0","0","0","0","0","0","0","0","0","0","0","0","0","0","0","0","0","0","ok","15","1"
"sax-scalar-unique-fallback","ABeautifulGame-glb","0","false","82821.600000000006","755.29999999999995","666.79999999999995","88.5","1909.0999999999999","0","4180","1954.6999999999998","1901.8","3993.4000000000001","2232","1344","72374.600000000006","307.89999999999998","0.59999999999999998","7.9000000000000004","257.10000000000002","1.8999999999999999","63","301.89999999999998","95.400000000000006","180.19999999999999","2.8999999999999999","7.2999999999999998","0.5","57","14.699999999999999","0","0","0","0","42977928","32208","61875787","49896","22478.599999999999","42945692","18930095","5398528","901120","5398528","5861376","1196032","5861376","5861376","1196032","5861376","6463488","1536000","6463488","6537216","1536000","6537216","7299072","2072576","7299072","69242880","64196608","69242880","0","0","0","33","33","71456","0","0","0","0","0","0","0","0","0","0","0","0","0","0","0","0","0","0","0","0","0","0","0","0","0","0","0","0","0","0","ok","15","2"
"sax-scalar-unique-fallback","ABeautifulGame-glb","0","false","84036.800000000003","847","722.60000000000002","124.40000000000001","2272.8000000000002","0","4288.6999999999998","1971.3","1926.4999999999998","4058.5999999999999","2342.3000000000002","1361","72898.399999999994","318.30000000000001","0.40000000000000002","8.1999999999999993","269.89999999999998","2","61.200000000000003","309.19999999999999","94.799999999999997","167.80000000000001","2.8999999999999999","8.1999999999999993","0.5","57.200000000000003","14.100000000000001","0","0","0","0","42977928","32208","61875787","49029.300000000003","23869.099999999999","42945692","18930095","5406720","892928","5406720","5873664","1191936","5873664","5873664","1191936","5873664","6455296","1519616","6455296","6533120","1519616","6533120","7286784","2048000","7286784","69214208","64151552","69214208","0","0","0","33","33","71456","0","0","0","0","0","0","0","0","0","0","0","0","0","0","0","0","0","0","0","0","0","0","0","0","0","0","0","0","0","0","ok","16","1"
"current","ABeautifulGame-glb","0","false","84171.899999999994","793.5","702.60000000000002","90.900000000000006","2042.5999999999999","0.10000000000000001","4445.1000000000004","2049.8999999999996","1993.6000000000001","4273.1999999999998","2577.8000000000002","1637.5","72649.800000000003","329.5","0.40000000000000002","7.7999999999999998","281.60000000000002","1.8999999999999999","64.700000000000003","467.19999999999999","148.5","188.09999999999999","3","7.9000000000000004","0.5","74.200000000000003","14.699999999999999","0","0","0","0","42977928","32208","61875787","50710.599999999999","21939.200000000001","42945692","18930095","5398528","897024","5398528","5890048","1159168","5918720","5890048","1159168","5918720","6447104","1519616","6447104","6533120","1531904","6533120","7315456","2064384","7315456","69251072","64188416","69251072","0","0","0","33","33","71456","0","0","0","0","0","0","0","0","0","0","0","0","0","0","0","0","0","0","0","0","0","0","0","0","0","0","0","0","0","0","ok","16","2"
"current","ABeautifulGame-glb","0","false","87298","806.30000000000007","711.10000000000002","95.200000000000003","2079.9000000000001","0","4945.6999999999998","2322.7999999999993","2257.5","4770.1000000000004","2736","1502.0999999999999","75200.899999999994","338.19999999999999","0.40000000000000002","19.300000000000001","280","2.1000000000000001","69.400000000000006","356.69999999999999","105","188.90000000000001","2.7999999999999998","8.8000000000000007","0.59999999999999998","62.799999999999997","15.699999999999999","0","0","0","0","42977928","32208","61875787","52285.099999999999","22915.799999999999","42945692","18930095","5402624","892928","5402624","5861376","1167360","5898240","5861376","1167360","5898240","6447104","1519616","6447104","6520832","1519616","6520832","7319552","2064384","7319552","69251072","64184320","69251072","0","0","0","33","33","71456","0","0","0","0","0","0","0","0","0","0","0","0","0","0","0","0","0","0","0","0","0","0","0","0","0","0","0","0","0","0","ok","17","1"
"sax-scalar-unique-fallback","ABeautifulGame-glb","0","false","106029.7","745.10000000000002","659","86.099999999999994","1852.5","0.10000000000000001","4525.3000000000002","2069.5","2023.9999999999998","4334","3973.4000000000001","2774.1999999999998","92119.799999999988","593.79999999999995","0.90000000000000002","13.9","537.60000000000002","4.2999999999999998","119.5","518.29999999999995","177","533","5","18.399999999999999","1","130","23.400000000000002","0","0","0","0","42977928","32208","61875787","67867.899999999994","24251.900000000001","42945692","18930095","5402624","897024","5402624","5861376","1179648","5861376","5861376","1179648","5861376","6455296","1527808","6455296","6533120","1527808","6533120","7372800","2113536","7372800","69300224","64208896","69300224","0","0","0","33","33","71456","0","0","0","0","0","0","0","0","0","0","0","0","0","0","0","0","0","0","0","0","0","0","0","0","0","0","0","0","0","0","ok","17","2"
"sax-scalar-unique-fallback","ABeautifulGame-glb","0","false","86666.5","877.69999999999993","769.39999999999998","108.3","2141.1999999999998","0.10000000000000001","4354.5","2066.7999999999997","2019.1000000000004","4131.3999999999996","2564.1999999999998","1482.3","75209.800000000003","366.80000000000001","0.40000000000000002","8.4000000000000004","279.10000000000002","2","67.799999999999997","308.89999999999998","123.59999999999999","184.90000000000001","2.7000000000000002","8","0.59999999999999998","63.299999999999997","15.1","0","0","0","0","42977928","32208","61875787","52860.800000000003","22349","42945692","18930095","5410816","901120","5410816","5824512","1171456","5865472","5824512","1171456","5865472","6434816","1507328","6434816","6520832","1515520","6520832","7303168","2052096","7303168","69214208","64159744","69214208","0","0","0","33","33","71456","0","0","0","0","0","0","0","0","0","0","0","0","0","0","0","0","0","0","0","0","0","0","0","0","0","0","0","0","0","0","ok","18","1"
"current","ABeautifulGame-glb","0","false","83745.5","716.59999999999991","628.29999999999995","88.299999999999997","2066","0.10000000000000001","4007.5999999999999","1914.5000000000005","1881.2999999999997","3798.5","2992.9000000000001","1544.9000000000001","72392.5","360.89999999999998","0.5","8.5999999999999996","322.19999999999999","2.2999999999999998","74","319.60000000000002","102.3","188","3.1000000000000001","8.0999999999999996","0.5","64","41.5","0","0","0","0","42977928","32208","61875787","49382.699999999997","23009.799999999999","42945692","18930095","5382144","892928","5382144","5890048","1187840","5890048","5890048","1187840","5890048","6443008","1531904","6443008","6512640","1531904","6512640","7290880","2064384","7290880","69226496","64188416","69226496","0","0","0","33","33","71456","0","0","0","0","0","0","0","0","0","0","0","0","0","0","0","0","0","0","0","0","0","0","0","0","0","0","0","0","0","0","ok","18","2"
"current","ABeautifulGame-glb","0","false","82438.199999999997","720","638.60000000000002","81.400000000000006","1938.0999999999999","0.10000000000000001","4450.3000000000002","2108.1999999999998","2059.9999999999995","4282","2760.1999999999998","1491.5999999999999","71051.300000000003","337.89999999999998","0.5","8.3000000000000007","309.5","2.5","83.400000000000006","300","101.3","181","3.2999999999999998","8.3000000000000007","0.59999999999999998","84.200000000000003","15.299999999999999","0","0","0","0","42977928","32208","61875787","48686.300000000003","22365","42945692","18930095","5369856","897024","5369856","5877760","1191936","5877760","5877760","1191936","5877760","6422528","1531904","6422528","6500352","1531904","6500352","7294976","2076672","7294976","69242880","64192512","69242880","0","0","0","33","33","71456","0","0","0","0","0","0","0","0","0","0","0","0","0","0","0","0","0","0","0","0","0","0","0","0","0","0","0","0","0","0","ok","19","1"
"sax-scalar-unique-fallback","ABeautifulGame-glb","0","false","81307.800000000003","732","644.20000000000005","87.799999999999997","1819.2","0.20000000000000001","4168.8999999999996","1968.6999999999998","1930.8000000000002","3982.4000000000001","2291.3000000000002","1446.0999999999999","70824.600000000006","331.19999999999999","0.5","8.4000000000000004","273.19999999999999","2","65.700000000000003","316.5","102.40000000000001","179.90000000000001","2.7999999999999998","7.7000000000000002","0.59999999999999998","72.599999999999994","15.299999999999999","0","0","0","0","42977928","32208","61875787","48901","21923.599999999999","42945692","18930095","5382144","884736","5382144","5836800","1175552","5836800","5836800","1175552","5836800","6438912","1511424","6438912","6508544","1511424","6508544","7311360","2072576","7311360","69246976","64180224","69246976","0","0","0","33","33","71456","0","0","0","0","0","0","0","0","0","0","0","0","0","0","0","0","0","0","0","0","0","0","0","0","0","0","0","0","0","0","ok","19","2"
"sax-scalar-unique-fallback","ABeautifulGame-glb","0","false","82849.800000000003","752.79999999999995","666","86.799999999999997","1882.4000000000001","0.10000000000000001","4242.3999999999996","1971.2","1931.2000000000005","4048.5999999999999","2464","1498.5999999999999","71981.800000000003","345.10000000000002","0.40000000000000002","8.5","291.89999999999998","2.2000000000000002","75.700000000000003","327.30000000000001","103.59999999999999","180","3.5","8.1999999999999993","0.59999999999999998","66.5","16.399999999999999","0","0","0","0","42977928","32208","61875787","50340","21641.799999999999","42945692","18930095","5382144","884736","5382144","5849088","1183744","5849088","5849088","1183744","5849088","6443008","1515520","6443008","6512640","1515520","6512640","7299072","2060288","7299072","69251072","64180224","69251072","0","0","0","33","33","71456","0","0","0","0","0","0","0","0","0","0","0","0","0","0","0","0","0","0","0","0","0","0","0","0","0","0","0","0","0","0","ok","20","1"
"current","ABeautifulGame-glb","0","false","84137.199999999997","687.5","599.89999999999998","87.599999999999994","2137.4000000000001","0.10000000000000001","4165.1999999999998","2005.1999999999998","1970.9000000000001","3995.8000000000002","2737.3000000000002","1462.5","72920.399999999994","355.19999999999999","0.5","8.6999999999999993","269.89999999999998","2.5","71.900000000000006","304.69999999999999","96.599999999999994","213.30000000000001","2.7999999999999998","8","0.5","63.5","15.1","0","0","0","0","42977928","32208","61875787","50115.199999999997","22805.200000000001","42945692","18930095","5373952","892928","5373952","5894144","1187840","5894144","5894144","1187840","5894144","6438912","1527808","6438912","6512640","1527808","6512640","7278592","2064384","7278592","69214208","64172032","69214208","0","0","0","33","33","71456","0","0","0","0","0","0","0","0","0","0","0","0","0","0","0","0","0","0","0","0","0","0","0","0","0","0","0","0","0","0","ok","20","2"
"current","ABeautifulGame-draco-glb","0","false","38204.099999999999","896.29999999999995","805","91.299999999999997","1453.3","0.20000000000000001","4280.1000000000004","2006.0999999999992","1949.8999999999999","4079.1999999999998","1736.5999999999999","1398.4000000000001","28412.900000000001","171.80000000000001","0.5","8.4000000000000004","98.799999999999997","1.8999999999999999","84.599999999999994","307.39999999999998","325.60000000000002","196.59999999999999","2.8999999999999999","8.0999999999999996","0.69999999999999996","117.7","18.399999999999999","0","0","0","0","12105252","22152","23432492","14237.6","14175.299999999999","12083069","11349423","5390336","909312","5390336","5787648","1126400","5828608","5787648","1126400","5828608","6414336","1499136","6414336","6492160","1511424","6492160","7180288","1929216","7180288","30662656","25481216","30662656","0","0","0","33","33","71456","0","0","0","0","0","0","0","0","0","0","0","0","0","0","0","0","0","0","0","0","0","0","0","0","0","0","0","0","0","0","ok","1","1"
"sax-scalar-unique-fallback","ABeautifulGame-draco-glb","0","false","37058.5","704.20000000000005","629.20000000000005","75","1340.7","0.20000000000000001","4162.3999999999996","1934.2000000000005","1888.7000000000003","3972.6999999999998","1587.8","1473.3","27761.300000000003","165.90000000000001","0.5","8.5","87.599999999999994","2.1000000000000001","91.599999999999994","333.5","302.10000000000002","262.80000000000001","3.2999999999999998","9.0999999999999996","1","125.40000000000001","18.600000000000001","0","0","0","0","12105252","22152","23432492","13663.1","14098.200000000001","12083069","11349423","5369856","892928","5369856","5783552","1122304","5783552","5783552","1122304","5783552","6393856","1482752","6393856","6471680","1482752","6471680","7155712","1900544","7155712","30646272","25452544","30646272","0","0","0","33","33","71456","0","0","0","0","0","0","0","0","0","0","0","0","0","0","0","0","0","0","0","0","0","0","0","0","0","0","0","0","0","0","ok","1","2"
"sax-scalar-unique-fallback","ABeautifulGame-draco-glb","0","false","37773.900000000001","784.59999999999991","703.29999999999995","81.299999999999997","1807.8","0.29999999999999999","4270.3999999999996","2014.3000000000002","1969","4064.0999999999999","1473","1388","28023.400000000001","163.90000000000001","0.40000000000000002","8.6999999999999993","88.099999999999994","2.1000000000000001","119.8","301.60000000000002","282.60000000000002","212.69999999999999","2.7999999999999998","9.8000000000000007","0.69999999999999996","120.2","16.5","0","0","0","0","12105252","22152","23432492","13779.299999999999","14244.1","12083069","11349423","5365760","901120","5365760","5775360","1130496","5775360","5775360","1130496","5775360","6393856","1495040","6393856","6467584","1495040","6467584","7143424","1908736","7143424","30650368","25464832","30650368","0","0","0","33","33","71456","0","0","0","0","0","0","0","0","0","0","0","0","0","0","0","0","0","0","0","0","0","0","0","0","0","0","0","0","0","0","ok","2","1"
"current","ABeautifulGame-draco-glb","0","false","37593.599999999999","756.89999999999998","675.60000000000002","81.299999999999997","1574.3","0.20000000000000001","4315.6000000000004","2038.2","1996.6000000000004","4117.3000000000002","1935.3","1401.7","27582.900000000001","147","0.40000000000000002","8.0999999999999996","118.09999999999999","2","85.5","308.89999999999998","332.39999999999998","198.5","2.7000000000000002","8.6999999999999993","0.5","122.5","17.900000000000002","0","0","0","0","12105252","22152","23432492","13895.200000000001","13687.700000000001","12083069","11349423","5378048","892928","5378048","5816320","1118208","5816320","5816320","1118208","5816320","6389760","1482752","6389760","6459392","1482752","6459392","7172096","1929216","7172096","30654464","25489408","30654464","0","0","0","33","33","71456","0","0","0","0","0","0","0","0","0","0","0","0","0","0","0","0","0","0","0","0","0","0","0","0","0","0","0","0","0","0","ok","2","2"
"current","ABeautifulGame-draco-glb","0","false","37239.400000000001","705.60000000000002","630.10000000000002","75.5","1455.9000000000001","0.20000000000000001","4435.1999999999998","2135.7000000000003","2078.8000000000002","4091.0999999999999","1648.8","1383.7","27573.200000000001","153.90000000000001","0.5","27.5","96.099999999999994","2","82.099999999999994","296.19999999999999","357.89999999999998","172.5","2.7000000000000002","8.3000000000000007","0.5","116.5","16.5","0","0","0","0","12105252","22152","23432492","13758.1","13815.1","12083069","11349423","5353472","888832","5353472","5763072","1105920","5804032","5763072","1105920","5804032","6381568","1478656","6381568","6459392","1490944","6459392","7155712","1908736","7155712","30633984","25464832","30633984","0","0","0","33","33","71456","0","0","0","0","0","0","0","0","0","0","0","0","0","0","0","0","0","0","0","0","0","0","0","0","0","0","0","0","0","0","ok","3","1"
"sax-scalar-unique-fallback","ABeautifulGame-draco-glb","0","false","59036.5","982.79999999999995","873.89999999999998","108.90000000000001","2927.8000000000002","0.40000000000000002","8028.6999999999998","3616.4000000000001","3523.6999999999994","7682","3434.8000000000002","2552","41064.400000000001","227.09999999999999","0.90000000000000002","14.4","150.69999999999999","3.8999999999999999","171.30000000000001","587.20000000000005","519.89999999999998","517.89999999999998","5.4000000000000004","16.699999999999999","1.5","214.30000000000001","27.399999999999999","0","0","0","0","12105252","22152","23432492","20414.200000000001","20650.200000000001","12083069","11349423","5386240","892928","5386240","5787648","1118208","5787648","5787648","1118208","5787648","6443008","1495040","6443008","6516736","1495040","6516736","7172096","1880064","7172096","30642176","25432064","30642176","0","0","0","33","33","71456","0","0","0","0","0","0","0","0","0","0","0","0","0","0","0","0","0","0","0","0","0","0","0","0","0","0","0","0","0","0","ok","3","2"
"sax-scalar-unique-fallback","ABeautifulGame-draco-glb","0","false","36819","699.70000000000005","625","74.700000000000003","1425.9000000000001","0.20000000000000001","4255.1999999999998","1972.1000000000004","1924.5","4061.9000000000001","1487.5","1377.3","27548.099999999999","141.69999999999999","0.5","8.1999999999999993","86.299999999999997","1.8999999999999999","93.299999999999997","335.80000000000001","310.80000000000001","189.30000000000001","3","8.5999999999999996","0.59999999999999998","129.19999999999999","16.899999999999999","0","0","0","0","12105252","22152","23432492","13536.200000000001","14011.9","12083069","11349423","5353472","892928","5353472","5763072","1114112","5763072","5763072","1114112","5763072","6397952","1503232","6397952","6467584","1503232","6467584","7110656","1880064","7110656","30609408","25436160","30609408","0","0","0","33","33","71456","0","0","0","0","0","0","0","0","0","0","0","0","0","0","0","0","0","0","0","0","0","0","0","0","0","0","0","0","0","0","ok","4","1"
"current","ABeautifulGame-draco-glb","0","false","37672.800000000003","711.10000000000002","635.10000000000002","76","1422.7","0.10000000000000001","4586.3000000000002","2033.5999999999995","1991.9000000000005","4395.1000000000004","1806","1366.8","27755.400000000001","144.69999999999999","0.5","8.0999999999999996","87.900000000000006","2","92.099999999999994","306.39999999999998","346.10000000000002","179.5","3.1000000000000001","8","0.5","123.2","16.800000000000001","0","0","0","0","12105252","22152","23432492","14129.9","13625.5","12083069","11349423","5373952","884736","5373952","5816320","1114112","5816320","5816320","1114112","5816320","6397952","1474560","6397952","6467584","1474560","6467584","7163904","1904640","7163904","30666752","25460736","30666752","0","0","0","33","33","71456","0","0","0","0","0","0","0","0","0","0","0","0","0","0","0","0","0","0","0","0","0","0","0","0","0","0","0","0","0","0","ok","4","2"
"current","ABeautifulGame-draco-glb","0","false","37717","751.69999999999993","651.29999999999995","100.40000000000001","1685.9000000000001","0.20000000000000001","4321.3999999999996","2050.1000000000004","1999.8","4142.1999999999998","1736.3","1398.2","27795.299999999999","172.40000000000001","0.5","9.3000000000000007","86.5","2.1000000000000001","93.299999999999997","309.89999999999998","322.5","208.40000000000001","2.8999999999999999","7.7999999999999998","0.5","115.09999999999999","17.199999999999999","0","0","0","0","12105252","22152","23432492","13864.4","13930.9","12083069","11349423","5419008","897024","5419008","5804032","1110016","5844992","5804032","1110016","5844992","6459392","1495040","6459392","6529024","1495040","6529024","7213056","1908736","7213056","30674944","25460736","30674944","0","0","0","33","33","71456","0","0","0","0","0","0","0","0","0","0","0","0","0","0","0","0","0","0","0","0","0","0","0","0","0","0","0","0","0","0","ok","5","1"
"sax-scalar-unique-fallback","ABeautifulGame-draco-glb","0","false","36373","879.09999999999991","799.79999999999995","79.299999999999997","1332.8","0.10000000000000001","4124.3999999999996","1933.2","1884.1000000000001","3937.5","1407.4000000000001","1319.4000000000001","27285.900000000001","135.80000000000001","0.40000000000000002","7.9000000000000004","80.900000000000006","1.8999999999999999","98.599999999999994","299.5","306.5","195.69999999999999","2.7000000000000002","8.1999999999999993","0.59999999999999998","117.5","16.399999999999999","0","0","0","0","12105252","22152","23432492","13716.1","13569.799999999999","12083069","11349423","5357568","892928","5357568","5775360","1126400","5775360","5775360","1126400","5775360","6389760","1495040","6389760","6463488","1495040","6463488","7147520","1912832","7147520","30638080","25464832","30638080","0","0","0","33","33","71456","0","0","0","0","0","0","0","0","0","0","0","0","0","0","0","0","0","0","0","0","0","0","0","0","0","0","0","0","0","0","ok","5","2"
"sax-scalar-unique-fallback","ABeautifulGame-draco-glb","0","false","40451.699999999997","730.5","652.39999999999998","78.099999999999994","1594","0.20000000000000001","4648","2242.3000000000006","2191.6999999999994","4427.1999999999998","1738.3","1376.7","30337.900000000001","147.5","0.40000000000000002","8.5","88.700000000000003","2","84.700000000000003","342.30000000000001","303.60000000000002","187.90000000000001","2.8999999999999999","8.6999999999999993","0.69999999999999996","121.3","19.100000000000001","0","0","0","0","12105252","22152","23432492","15931.5","14406.4","12083069","11349423","5378048","901120","5378048","5767168","1122304","5767168","5767168","1122304","5767168","6426624","1515520","6426624","6500352","1515520","6500352","7139328","1892352","7139328","30609408","25448448","30609408","0","0","0","33","33","71456","0","0","0","0","0","0","0","0","0","0","0","0","0","0","0","0","0","0","0","0","0","0","0","0","0","0","0","0","0","0","ok","6","1"
"current","ABeautifulGame-draco-glb","0","false","38143.800000000003","781.90000000000009","701.70000000000005","80.200000000000003","1477.3","0.10000000000000001","4777.8000000000002","2257.5999999999999","2206.6000000000004","4490.1000000000004","1890.8","1372.7","27814.799999999999","144.40000000000001","0.5","7.9000000000000004","94","2.1000000000000001","82.599999999999994","327","355.30000000000001","166.90000000000001","3.2000000000000002","8","0.59999999999999998","114.3","16.5","0","0","0","0","12105252","22152","23432492","13999.4","13815.4","12083069","11349423","5382144","897024","5382144","5849088","1126400","5849088","5849088","1126400","5849088","6426624","1503232","6426624","6496256","1503232","6496256","7180288","1908736","7180288","30662656","25464832","30662656","0","0","0","33","33","71456","0","0","0","0","0","0","0","0","0","0","0","0","0","0","0","0","0","0","0","0","0","0","0","0","0","0","0","0","0","0","ok","6","2"
"current","ABeautifulGame-draco-glb","0","false","37992","915.80000000000007","654.70000000000005","261.10000000000002","1489.0999999999999","0.20000000000000001","4263.1000000000004","1959.0999999999999","1909.2999999999997","4068.5","1703.0999999999999","1374.2","28217.599999999999","162.30000000000001","0.5","8.1999999999999993","88.900000000000006","2","94.5","325.80000000000001","307.60000000000002","193","3","7.5","0.59999999999999998","116.3","16.199999999999999","0","0","0","0","12105252","22152","23432492","14110.9","14106.700000000001","12083069","11349423","5345280","888832","5345280","5754880","1105920","5795840","5754880","1105920","5795840","6393856","1495040","6393856","6463488","1495040","6463488","7139328","1904640","7139328","30629888","25456640","30629888","0","0","0","33","33","71456","0","0","0","0","0","0","0","0","0","0","0","0","0","0","0","0","0","0","0","0","0","0","0","0","0","0","0","0","0","0","ok","7","1"
"sax-scalar-unique-fallback","ABeautifulGame-draco-glb","0","false","36708.599999999999","745.60000000000002","638.39999999999998","107.2","1407.2","0","4380.6000000000004","2071.1999999999998","2023.4000000000001","4179.6999999999998","1517","1366.0999999999999","27265.5","148.09999999999999","0.5","8.5999999999999996","88.400000000000006","2","89.599999999999994","334.80000000000001","304.39999999999998","180.80000000000001","2.8999999999999999","8.5999999999999996","0.59999999999999998","123.09999999999999","17.199999999999999","0","0","0","0","12105252","22152","23432492","13662.299999999999","13603.200000000001","12083069","11349423","5406720","901120","5406720","5808128","1122304","5808128","5808128","1122304","5808128","6447104","1499136","6447104","6520832","1499136","6520832","7151616","1867776","7151616","30621696","25427968","30621696","0","0","0","33","33","71456","0","0","0","0","0","0","0","0","0","0","0","0","0","0","0","0","0","0","0","0","0","0","0","0","0","0","0","0","0","0","ok","7","2"
"sax-scalar-unique-fallback","ABeautifulGame-draco-glb","0","false","36149.199999999997","671.59999999999991","599.79999999999995","71.799999999999997","1439.2","0.20000000000000001","4231.3999999999996","2005.8000000000002","1954","4035.6999999999998","1500.5","1415","26866.900000000001","145.30000000000001","0.59999999999999998","8.1999999999999993","80.200000000000003","2","88.599999999999994","318.10000000000002","368.89999999999998","188.90000000000001","2.7999999999999998","8.5","0.59999999999999998","128.09999999999999","17.899999999999999","0","0","0","0","12105252","22152","23432492","13558.4","13308.5","12083069","11349423","5382144","892928","5382144","5787648","1126400","5787648","5787648","1126400","5787648","6406144","1490944","6406144","6475776","1490944","6475776","7172096","1912832","7172096","30646272","25468928","30646272","0","0","0","33","33","71456","0","0","0","0","0","0","0","0","0","0","0","0","0","0","0","0","0","0","0","0","0","0","0","0","0","0","0","0","0","0","ok","8","1"
"current","ABeautifulGame-draco-glb","0","false","42210.400000000001","724.69999999999993","648.29999999999995","76.400000000000006","1467.3","0.10000000000000001","4192.3000000000002","1899.5999999999999","1862.2999999999997","4012.6999999999998","1817.5999999999999","1351.8","32629.799999999999","150.09999999999999","0.5","8.4000000000000004","84.900000000000006","2","93.799999999999997","302.39999999999998","336.19999999999999","177.19999999999999","2.7999999999999998","8.5999999999999996","0.59999999999999998","118.59999999999999","17.399999999999999","0","0","0","0","12105252","22152","23432492","17314","15315.799999999999","12083069","11349423","5353472","892928","5353472","5804032","1114112","5804032","5804032","1114112","5804032","6373376","1482752","6373376","6447104","1482752","6447104","7110656","1884160","7110656","30601216","25440256","30601216","0","0","0","33","33","71456","0","0","0","0","0","0","0","0","0","0","0","0","0","0","0","0","0","0","0","0","0","0","0","0","0","0","0","0","0","0","ok","8","2"
"current","ABeautifulGame-draco-glb","0","false","37420.5","774.5","697.60000000000002","76.900000000000006","1421.7","0.10000000000000001","4226.3999999999996","1993.6000000000001","1931.7999999999997","4054","1714.0999999999999","1379.5","27881.099999999999","153.09999999999999","0.5","8.4000000000000004","93.5","1.8999999999999999","87.200000000000003","342.39999999999998","315","181.30000000000001","2.7999999999999998","8.5","0.5","118.7","16.800000000000001","0","0","0","0","12105252","22152","23432492","13743.799999999999","14137.299999999999","12083069","11349423","5353472","892928","5353472","5783552","1122304","5783552","5783552","1122304","5783552","6373376","1478656","6373376","6455296","1490944","6455296","7159808","1912832","7159808","30650368","25468928","30650368","0","0","0","33","33","71456","0","0","0","0","0","0","0","0","0","0","0","0","0","0","0","0","0","0","0","0","0","0","0","0","0","0","0","0","0","0","ok","9","1"
"sax-scalar-unique-fallback","ABeautifulGame-draco-glb","0","false","37313.800000000003","861.60000000000002","767.60000000000002","94","1315.3","0","4244","1964.2000000000003","1919.3000000000002","4060.3000000000002","1520.3","1391.3","27958.599999999999","137.59999999999999","0.5","8.0999999999999996","85.599999999999994","1.8999999999999999","91.200000000000003","310.19999999999999","346.5","201.30000000000001","3.1000000000000001","8.5","0.59999999999999998","121.90000000000001","17.699999999999999","0","0","0","0","12105252","22152","23432492","13895.299999999999","14063.299999999999","12083069","11349423","5386240","892928","5386240","5783552","1122304","5783552","5783552","1122304","5783552","6397952","1474560","6397952","6471680","1474560","6471680","7163904","1896448","7163904","30654464","25448448","30654464","0","0","0","33","33","71456","0","0","0","0","0","0","0","0","0","0","0","0","0","0","0","0","0","0","0","0","0","0","0","0","0","0","0","0","0","0","ok","9","2"
"sax-scalar-unique-fallback","ABeautifulGame-draco-glb","0","false","37292.699999999997","769.30000000000007","691.10000000000002","78.200000000000003","1312.2","0.10000000000000001","4508.6000000000004","2115.7999999999997","2067.1000000000004","4287.6999999999998","1500.4000000000001","1368.3","27803.599999999999","143.59999999999999","0.5","8.5999999999999996","86.599999999999994","2","82.5","303","300.19999999999999","217.59999999999999","3.1000000000000001","8.3000000000000007","0.69999999999999996","122.3","17","0","0","0","0","12105252","22152","23432492","14042.4","13761.200000000001","12083069","11349423","5386240","897024","5386240","5787648","1122304","5787648","5787648","1122304","5787648","6422528","1503232","6422528","6500352","1503232","6500352","7155712","1892352","7155712","30642176","25448448","30642176","0","0","0","33","33","71456","0","0","0","0","0","0","0","0","0","0","0","0","0","0","0","0","0","0","0","0","0","0","0","0","0","0","0","0","0","0","ok","10","1"
"current","ABeautifulGame-draco-glb","0","false","38121.099999999999","835.5","741","94.5","1619.8","0.10000000000000001","4180.6999999999998","1901.8999999999999","1857.6000000000004","4008.5999999999999","1716.8","1376.0999999999999","28363.299999999999","157.80000000000001","0.40000000000000002","8.1999999999999993","85.5","1.8999999999999999","105.40000000000001","308.5","325.19999999999999","163.80000000000001","2.7000000000000002","8.5","0.5","140.5","17.199999999999999","0","0","0","0","12105252","22152","23432492","14046.299999999999","14317","12083069","11349423","5382144","888832","5382144","5836800","1118208","5836800","5836800","1118208","5836800","6402048","1478656","6402048","6471680","1478656","6471680","7147520","1888256","7147520","30642176","25440256","30642176","0","0","0","33","33","71456","0","0","0","0","0","0","0","0","0","0","0","0","0","0","0","0","0","0","0","0","0","0","0","0","0","0","0","0","0","0","ok","10","2"
"current","ABeautifulGame-draco-glb","0","false","39483.300000000003","917.60000000000002","838","79.599999999999994","1506.4000000000001","0.20000000000000001","4472.3999999999996","1982.6000000000004","1927.5","4281.8999999999996","1836.4000000000001","1630.3","29091.300000000003","165.80000000000001","0.5","8.6999999999999993","82.099999999999994","2","92.599999999999994","297.69999999999999","583.29999999999995","179.90000000000001","3.2999999999999998","8.8000000000000007","0.69999999999999996","126.5","17.199999999999999","0","0","0","0","12105252","22152","23432492","14673.1","14418.200000000001","12083069","11349423","5369856","892928","5369856","5775360","1105920","5816320","5775360","1105920","5816320","6393856","1490944","6393856","6463488","1490944","6463488","7159808","1904640","7159808","30650368","25460736","30650368","0","0","0","33","33","71456","0","0","0","0","0","0","0","0","0","0","0","0","0","0","0","0","0","0","0","0","0","0","0","0","0","0","0","0","0","0","ok","11","1"
"sax-scalar-unique-fallback","ABeautifulGame-draco-glb","0","false","42688.5","926.5","821.89999999999998","104.59999999999999","1915.0999999999999","0.29999999999999999","4394.5","2043.4999999999998","1978.8999999999999","4165.6999999999998","1572.2","1521.5999999999999","32327.299999999999","140.19999999999999","0.5","8.1999999999999993","86.299999999999997","2.1000000000000001","88.299999999999997","319.89999999999998","378.39999999999998","213","3.7999999999999998","13.5","1.3","182.69999999999999","19","0","0","0","0","12105252","22152","23432492","15049.299999999999","17278","12083069","11349423","5378048","892928","5378048","5791744","1122304","5791744","5791744","1122304","5791744","6402048","1482752","6402048","6475776","1482752","6475776","7172096","1900544","7172096","30642176","25456640","30642176","0","0","0","33","33","71456","0","0","0","0","0","0","0","0","0","0","0","0","0","0","0","0","0","0","0","0","0","0","0","0","0","0","0","0","0","0","ok","11","2"
"sax-scalar-unique-fallback","ABeautifulGame-draco-glb","0","false","39768.400000000001","693.39999999999998","614","79.400000000000006","1310.8","0","4717.6999999999998","2157.4999999999995","2107.4000000000001","4495","1514.5","1360.9000000000001","30146.099999999999","144","0.40000000000000002","8.1999999999999993","85.099999999999994","2","94","304","328.5","188.5","2.8999999999999999","8.5","0.69999999999999996","124.59999999999999","17.199999999999999","0","0","0","0","12105252","22152","23432492","16048.9","14097.200000000001","12083069","11349423","5365760","905216","5365760","5775360","1126400","5775360","5775360","1126400","5775360","6414336","1515520","6414336","6483968","1515520","6483968","7127040","1892352","7127040","30617600","25448448","30617600","0","0","0","33","33","71456","0","0","0","0","0","0","0","0","0","0","0","0","0","0","0","0","0","0","0","0","0","0","0","0","0","0","0","0","0","0","ok","12","1"
"current","ABeautifulGame-draco-glb","0","false","37394.599999999999","745.10000000000002","667","78.099999999999994","1437","0.10000000000000001","4266.8999999999996","1934.6000000000001","1895.4000000000003","4089.8000000000002","1716.8","1355.2","27849.099999999999","147.09999999999999","0.40000000000000002","8.3000000000000007","84","1.8999999999999999","92.900000000000006","305.89999999999998","342.60000000000002","173.59999999999999","2.7000000000000002","7.9000000000000004","0.59999999999999998","121.5","16.300000000000001","0","0","0","0","12105252","22152","23432492","13813.5","14035.6","12083069","11349423","5361664","888832","5361664","5804032","1118208","5804032","5804032","1118208","5804032","6406144","1490944","6406144","6479872","1490944","6479872","7168000","1912832","7168000","30642176","25464832","30642176","0","0","0","33","33","71456","0","0","0","0","0","0","0","0","0","0","0","0","0","0","0","0","0","0","0","0","0","0","0","0","0","0","0","0","0","0","ok","12","2"
"current","ABeautifulGame-draco-glb","0","false","37474.5","715","636.60000000000002","78.400000000000006","1486.9000000000001","0.10000000000000001","4293.6000000000004","1961.6999999999998","1917.9000000000001","4121.3000000000002","1985.7","1453.4000000000001","27511.799999999999","152.59999999999999","0.5","8.4000000000000004","87.299999999999997","2","97.599999999999994","317.80000000000001","350.69999999999999","217.30000000000001","2.8999999999999999","9.4000000000000004","0.59999999999999998","136.19999999999999","18.199999999999999","0","0","0","0","12105252","22152","23432492","13866.5","13645.299999999999","12083069","11349423","5357568","888832","5357568","5787648","1114112","5787648","5787648","1114112","5787648","6385664","1478656","6385664","6459392","1478656","6459392","7180288","1925120","7180288","30650368","25477120","30650368","0","0","0","33","33","71456","0","0","0","0","0","0","0","0","0","0","0","0","0","0","0","0","0","0","0","0","0","0","0","0","0","0","0","0","0","0","ok","13","1"
"sax-scalar-unique-fallback","ABeautifulGame-draco-glb","0","false","38436.099999999999","690.69999999999993","616.29999999999995","74.400000000000006","1329.5999999999999","0","4535.8999999999996","2018.5999999999999","1967.5999999999999","4343.1000000000004","1506.0999999999999","1412.2","28938.099999999999","155.09999999999999","0.40000000000000002","8.8000000000000007","85.5","2.2000000000000002","82.5","339.89999999999998","300.19999999999999","219.90000000000001","3.3999999999999999","8.8000000000000007","0.69999999999999996","132.30000000000001","17.399999999999999","0","0","0","0","12105252","22152","23432492","14051.1","14887","12083069","11349423","5357568","892928","5357568","5763072","1114112","5763072","5763072","1114112","5763072","6410240","1511424","6410240","6483968","1511424","6483968","7159808","1921024","7159808","30654464","25473024","30654464","0","0","0","33","33","71456","0","0","0","0","0","0","0","0","0","0","0","0","0","0","0","0","0","0","0","0","0","0","0","0","0","0","0","0","0","0","ok","13","2"
"sax-scalar-unique-fallback","ABeautifulGame-draco-glb","0","false","41102.800000000003","719.19999999999993","630.39999999999998","88.799999999999997","1317.4000000000001","0","4635.1999999999998","2117.9000000000001","2071","4443.5","1613.3","1426.3","31366.5","140.5","0.5","8.4000000000000004","86.299999999999997","1.8999999999999999","82.5","335.30000000000001","375.89999999999998","186.80000000000001","3","8.9000000000000004","0.59999999999999998","120.59999999999999","18.399999999999999","0","0","0","0","12105252","22152","23432492","15838.5","15528","12083069","11349423","5369856","905216","5369856","5758976","1126400","5758976","5758976","1126400","5758976","6406144","1503232","6406144","6483968","1503232","6483968","7163904","1921024","7163904","30646272","25477120","30646272","0","0","0","33","33","71456","0","0","0","0","0","0","0","0","0","0","0","0","0","0","0","0","0","0","0","0","0","0","0","0","0","0","0","0","0","0","ok","14","1"
"current","ABeautifulGame-draco-glb","0","false","38305.5","741.10000000000002","664.10000000000002","77","1439.5","0.10000000000000001","4399.8000000000002","1990.9000000000001","1940.6000000000004","4219.5","1719.4000000000001","1424.4000000000001","28552","176","0.5","8.5999999999999996","88.400000000000006","2.5","96.400000000000006","323","314.5","200.40000000000001","3.3999999999999999","8.8000000000000007","0.59999999999999998","131.59999999999999","18.199999999999999","0","0","0","0","12105252","22152","23432492","13864.6","14687.4","12083069","11349423","5353472","892928","5353472","5804032","1114112","5804032","5804032","1114112","5804032","6385664","1490944","6385664","6459392","1490944","6459392","7147520","1916928","7147520","30650368","25468928","30650368","0","0","0","33","33","71456","0","0","0","0","0","0","0","0","0","0","0","0","0","0","0","0","0","0","0","0","0","0","0","0","0","0","0","0","0","0","ok","14","2"
"current","ABeautifulGame-draco-glb","0","false","37965.900000000001","776","696.10000000000002","79.900000000000006","1438.4000000000001","0.20000000000000001","4283","1967.7999999999995","1923","4085","1730.4000000000001","1690.5999999999999","28022.400000000001","150.90000000000001","0.40000000000000002","7.9000000000000004","92.700000000000003","1.8999999999999999","83.299999999999997","306.10000000000002","352.60000000000002","464.69999999999999","4.2000000000000002","11.1","0.69999999999999996","132.09999999999999","16.899999999999999","0","0","0","0","12105252","22152","23432492","13855.1","14167.299999999999","12083069","11349423","5373952","897024","5373952","5808128","1122304","5808128","5808128","1122304","5808128","6389760","1486848","6389760","6463488","1486848","6463488","7168000","1916928","7168000","30638080","25468928","30638080","0","0","0","33","33","71456","0","0","0","0","0","0","0","0","0","0","0","0","0","0","0","0","0","0","0","0","0","0","0","0","0","0","0","0","0","0","ok","15","1"
"sax-scalar-unique-fallback","ABeautifulGame-draco-glb","0","false","38244.199999999997","781.60000000000002","705.39999999999998","76.200000000000003","1331.7","0.20000000000000001","4276.8000000000002","1953.2","1905.4000000000003","4085.9000000000001","1516.4000000000001","1401.5","28910.599999999999","154.40000000000001","0.40000000000000002","8.1999999999999993","90.400000000000006","2.5","87.5","362.10000000000002","297.89999999999998","179.40000000000001","3.2000000000000002","8.0999999999999996","0.59999999999999998","121.2","16.599999999999998","0","0","0","0","12105252","22152","23432492","14316.6","14594","12083069","11349423","5349376","905216","5349376","5758976","1138688","5758976","5758976","1138688","5758976","6377472","1495040","6377472","6459392","1495040","6459392","7131136","1900544","7131136","30613504","25452544","30613504","0","0","0","33","33","71456","0","0","0","0","0","0","0","0","0","0","0","0","0","0","0","0","0","0","0","0","0","0","0","0","0","0","0","0","0","0","ok","15","2"
"sax-scalar-unique-fallback","ABeautifulGame-draco-glb","0","false","39168.699999999997","769.30000000000007","690.60000000000002","78.700000000000003","1310.4000000000001","0.10000000000000001","4298.5","1948.0000000000002","1898.7","4090.5","2139.1999999999998","1541.5","29078.200000000001","202.40000000000001","0.5","10","97.900000000000006","2.6000000000000001","115.7","368.5","319.39999999999998","190.5","3","8.3000000000000007","0.59999999999999998","123.90000000000001","22.099999999999998","0","0","0","0","12105252","22152","23432492","14907.200000000001","14171","12083069","11349423","5390336","897024","5390336","5783552","1114112","5783552","5783552","1114112","5783552","6402048","1486848","6402048","6479872","1486848","6479872","7176192","1904640","7176192","30666752","25460736","30666752","0","0","0","33","33","71456","0","0","0","0","0","0","0","0","0","0","0","0","0","0","0","0","0","0","0","0","0","0","0","0","0","0","0","0","0","0","ok","16","1"
"current","ABeautifulGame-draco-glb","0","false","37476.5","703.70000000000005","626","77.700000000000003","1502.5","0.10000000000000001","4283.6999999999998","1982.5000000000002","1938.1000000000004","4084.9000000000001","1738.9000000000001","1377.0999999999999","27837.5","158","0.5","8.1999999999999993","92.900000000000006","2","95.5","311.89999999999998","307.60000000000002","197","2.7999999999999998","9.0999999999999996","0.5","121.5","17.299999999999997","0","0","0","0","12105252","22152","23432492","13952.6","13884.9","12083069","11349423","5382144","901120","5382144","5828608","1118208","5828608","5828608","1118208","5828608","6422528","1503232","6422528","6496256","1503232","6496256","7168000","1916928","7168000","30658560","25473024","30658560","0","0","0","33","33","71456","0","0","0","0","0","0","0","0","0","0","0","0","0","0","0","0","0","0","0","0","0","0","0","0","0","0","0","0","0","0","ok","16","2"
"current","ABeautifulGame-draco-glb","0","false","37840.599999999999","714.89999999999998","635.60000000000002","79.299999999999997","1439.5999999999999","0.10000000000000001","4332.1999999999998","2060.6000000000008","2010.8000000000004","4101.6999999999998","1729.5999999999999","1399.8","28198.599999999999","146.80000000000001","0.5","8.3000000000000007","85.900000000000006","2.1000000000000001","94.299999999999997","303.19999999999999","323.19999999999999","202.5","3.1000000000000001","7.9000000000000004","0.59999999999999998","131.59999999999999","18","0","0","0","0","12105252","22152","23432492","14262.299999999999","13936.299999999999","12083069","11349423","5369856","888832","5369856","5820416","1110016","5820416","5820416","1110016","5820416","6406144","1495040","6406144","6475776","1495040","6475776","7127040","1888256","7127040","30605312","25440256","30605312","0","0","0","33","33","71456","0","0","0","0","0","0","0","0","0","0","0","0","0","0","0","0","0","0","0","0","0","0","0","0","0","0","0","0","0","0","ok","17","1"
"sax-scalar-unique-fallback","ABeautifulGame-draco-glb","0","false","40807.300000000003","755.10000000000002","677.60000000000002","77.5","1337.5","0.10000000000000001","4652.5","2209","2150.4000000000001","4454.3000000000002","1633.0999999999999","1625.8","30774.400000000001","143.69999999999999","0.40000000000000002","8.5999999999999996","88","2.2000000000000002","96.299999999999997","372.5","492.69999999999999","202.19999999999999","3","10.300000000000001","0.59999999999999998","121.90000000000001","19.699999999999999","0","0","0","0","12105252","22152","23432492","14898.200000000001","15876.200000000001","12083069","11349423","5353472","897024","5353472","5763072","1126400","5763072","5763072","1126400","5763072","6389760","1499136","6389760","6459392","1499136","6459392","7131136","1908736","7131136","30613504","25464832","30613504","0","0","0","33","33","71456","0","0","0","0","0","0","0","0","0","0","0","0","0","0","0","0","0","0","0","0","0","0","0","0","0","0","0","0","0","0","ok","17","2"
"sax-scalar-unique-fallback","ABeautifulGame-draco-glb","0","false","40949.699999999997","921.90000000000009","843.20000000000005","78.700000000000003","1753","0.40000000000000002","4986.1999999999998","2303.9999999999995","2249.8000000000002","4610.6000000000004","1676.9000000000001","1402.3","30172.900000000001","147","0.5","8.1999999999999993","86.700000000000003","2","93.799999999999997","353.69999999999999","310.5","187.80000000000001","2.8999999999999999","9.1999999999999993","0.59999999999999998","120.8","18.300000000000001","0","0","0","0","12105252","22152","23432492","13803.6","16369.299999999999","12083069","11349423","5361664","888832","5361664","5771264","1114112","5771264","5771264","1114112","5771264","6406144","1503232","6406144","6479872","1503232","6479872","7118848","1875968","7118848","30621696","25427968","30621696","0","0","0","33","33","71456","0","0","0","0","0","0","0","0","0","0","0","0","0","0","0","0","0","0","0","0","0","0","0","0","0","0","0","0","0","0","ok","18","1"
"current","ABeautifulGame-draco-glb","0","false","39323.199999999997","791.10000000000002","713.39999999999998","77.700000000000003","1427","0","4858.1000000000004","2150.5","2104.7999999999997","4678.8000000000002","1719.5","1336.8","29166.599999999999","145.09999999999999","0.5","8.0999999999999996","88.200000000000003","1.8","83.700000000000003","307.10000000000002","332.19999999999999","178.09999999999999","2.7999999999999998","8","0.5","116.7","16.699999999999999","0","0","0","0","12105252","22152","23432492","14715.200000000001","14451.4","12083069","11349423","5373952","897024","5373952","5816320","1122304","5816320","5816320","1122304","5816320","6418432","1511424","6418432","6492160","1511424","6492160","7172096","1921024","7172096","30674944","25473024","30674944","0","0","0","33","33","71456","0","0","0","0","0","0","0","0","0","0","0","0","0","0","0","0","0","0","0","0","0","0","0","0","0","0","0","0","0","0","ok","18","2"
"current","ABeautifulGame-draco-glb","0","false","37797.599999999999","734.69999999999993","658.29999999999995","76.400000000000006","1495","0.20000000000000001","4391.6000000000004","2071.3000000000006","2012.7000000000005","4184.3000000000002","1945","1384.5","27820.900000000001","143.19999999999999","0.5","8.0999999999999996","100.90000000000001","1.8999999999999999","94.200000000000003","339.60000000000002","312.80000000000001","174.69999999999999","3.2000000000000002","8.5","0.59999999999999998","126.09999999999999","17.899999999999999","0","0","0","0","12105252","22152","23432492","14114.6","13706.299999999999","12083069","11349423","5373952","901120","5373952","5783552","1105920","5820416","5783552","1105920","5820416","6385664","1495040","6385664","6459392","1495040","6459392","7143424","1916928","7143424","30625792","25468928","30625792","0","0","0","33","33","71456","0","0","0","0","0","0","0","0","0","0","0","0","0","0","0","0","0","0","0","0","0","0","0","0","0","0","0","0","0","0","ok","19","1"
"sax-scalar-unique-fallback","ABeautifulGame-draco-glb","0","false","50956.300000000003","930.39999999999998","828","102.40000000000001","2384.4000000000001","0.10000000000000001","6832.8999999999996","3209.6999999999998","3146.1000000000004","6497.1999999999998","1641.9000000000001","2202.0999999999999","36929","206","0.5","9.6999999999999993","123","2","114.7","517.5","560.20000000000005","322.39999999999998","5.7999999999999998","16.100000000000001","1.2","219.90000000000001","24.400000000000002","0","0","0","0","12105252","22152","23432492","18244.5","18684.5","12083069","11349423","5423104","897024","5423104","5836800","1118208","5836800","5836800","1118208","5836800","6463488","1495040","6463488","6533120","1495040","6533120","7192576","1880064","7192576","30670848","25432064","30670848","0","0","0","33","33","71456","0","0","0","0","0","0","0","0","0","0","0","0","0","0","0","0","0","0","0","0","0","0","0","0","0","0","0","0","0","0","ok","19","2"
"sax-scalar-unique-fallback","ABeautifulGame-draco-glb","0","false","42024.599999999999","684.69999999999993","611.29999999999995","73.400000000000006","1319","0","5250.3000000000002","2540.3999999999992","2481.6000000000004","5045.8999999999996","1761.7","2234.0999999999999","30740.099999999999","216.30000000000001","0.69999999999999996","12.5","137.90000000000001","2.8999999999999999","143.5","547.60000000000002","509.19999999999999","327.80000000000001","5.2999999999999998","15.800000000000001","1.2","205.90000000000001","25.5","0","0","0","0","12105252","22152","23432492","15699.200000000001","15040.9","12083069","11349423","5386240","897024","5386240","5795840","1126400","5795840","5795840","1126400","5795840","6402048","1486848","6402048","6475776","1486848","6475776","7168000","1908736","7168000","30650368","25460736","30650368","0","0","0","33","33","71456","0","0","0","0","0","0","0","0","0","0","0","0","0","0","0","0","0","0","0","0","0","0","0","0","0","0","0","0","0","0","ok","20","1"
"current","ABeautifulGame-draco-glb","0","false","37068.199999999997","678.29999999999995","601.39999999999998","76.900000000000006","1439.9000000000001","0","4209","1971.5","1932.4000000000001","4012.3000000000002","1699.3","1542.5999999999999","27475.699999999997","143.30000000000001","0.5","8.0999999999999996","114.5","1.8999999999999999","81.700000000000003","310.89999999999998","485.39999999999998","198.59999999999999","3","9","0.5","119.2","17","0","0","0","0","12105252","22152","23432492","13704.9","13770.799999999999","12083069","11349423","5382144","897024","5382144","5828608","1122304","5828608","5828608","1122304","5828608","6389760","1486848","6389760","6459392","1486848","6459392","7168000","1912832","7168000","30646272","25464832","30646272","0","0","0","33","33","71456","0","0","0","0","0","0","0","0","0","0","0","0","0","0","0","0","0","0","0","0","0","0","0","0","0","0","0","0","0","0","ok","20","2"
