group,variant,case_id,sample,warmup,total_load_us,file_json_us,file_open_us,json_chunk_us,strict_parse_us,validation_dom_us,schema_compile_us,schema_locate_us,schema_parse_us,schema_populate_us,validate_us,typed_us,resources_us,accessors_us,animations_us,buffers_us,buffer_views_us,cameras_us,images_us,materials_us,meshes_us,nodes_us,samplers_us,scenes_us,skins_us,textures_us,typed_other_us,serializer_dom_us,serializer_text_us,resource_write_us,cache_setup_us,input_bytes,json_bytes,resource_bytes,buffer_read_us,image_read_us,buffer_bytes,image_bytes,after_input_ws,after_input_private,after_input_peak,after_parse_ws,after_parse_private,after_parse_peak,after_validation_dom_ws,after_validation_dom_private,after_validation_dom_peak,after_schema_ws,after_schema_private,after_schema_peak,after_validation_ws,after_validation_private,after_validation_peak,after_typed_ws,after_typed_private,after_typed_peak,after_resources_ws,after_resources_private,after_resources_peak,after_serialization_ws,after_serialization_private,after_serialization_peak,schema_locator_calls,schema_documents_parsed,schema_bytes_parsed,parser_parent_scan_loops,parser_parent_scan_elements,schema_adapter_find_calls,schema_adapter_find_scans,schema_adapter_members,schema_adapter_constructions,schema_constraints,schema_traversals,validation_adapter_find_calls,validation_adapter_find_scans,validation_adapter_members,validation_adapter_constructions,validation_string_copies,validation_string_bytes,validation_index_builds,validation_index_members,validation_constraints,validation_traversals,validation_allof,validation_anyof,validation_oneof,validation_properties,validation_required,validation_items,validation_types,validation_unique_items,validation_unique_comparisons,validation_unique_scalar_values,typed_find_calls,typed_find_scans,status
variants,cached-sax-scalar-unique-fallback,NodePerformanceTest-glb,0,false,1938723.1000000001,14873.700000000001,324.19999999999999,14549.5,504034.90000000002,0.29999999999999999,0,0,0,0,782086.5,606227.59999999998,31471.700000000001,160232.79999999999,1.3999999999999999,5.2999999999999998,130793.3,10.6,273.60000000000002,161469.10000000001,81815,47178.300000000003,5,1054.0999999999999,0.69999999999999996,23326.799999999999,24.699999999999999,0,0,0,4426.5,37986536,12368440,26205746,29921,1550.7,25618068,587678,21311488,17272832,260288512,77479936,78540800,260288512,77479936,78540800,260288512,77479936,78540800,260288512,77918208,78864384,260288512,234635264,240951296,260288512,260534272,266846208,260534272,0,0,0,0,0,0,0,0,0,0,0,0,0,0,0,0,0,0,0,0,0,0,0,0,0,0,0,0,0,0,0,0,0,0,0,0,ok
variants,cached-sax-scalar-unique-fallback,NodePerformanceTest-glb,1,false,1954840.1000000001,15456.799999999999,348.5,15108.299999999999,507573.59999999998,0.29999999999999999,0,0,0,0,804522.40000000002,596784.59999999998,30461.299999999999,165978.39999999999,1.1000000000000001,5,117269,10.800000000000001,326.69999999999999,154086.20000000001,83112,49008.599999999999,4.9000000000000004,1210.8,1.2,25710,24.799999999999997,0,0,0,4426.5,37986536,12368440,26205746,28935.700000000001,1525.5999999999999,25618068,587678,21364736,16465920,260534272,75542528,75034624,260534272,75542528,75034624,260534272,75542528,75034624,260534272,76025856,75513856,260534272,233324544,239833088,260534272,259223552,265777152,260534272,0,0,0,0,0,0,0,0,0,0,0,0,0,0,0,0,0,0,0,0,0,0,0,0,0,0,0,0,0,0,0,0,0,0,0,0,ok
variants,cached-sax-scalar-unique-fallback,NodePerformanceTest-glb,2,false,1946125.2,15047.5,350.5,14697,515476.90000000002,0.59999999999999998,0,0,0,0,787024.09999999998,597710.90000000002,30839.700000000001,168617.60000000001,1.3999999999999999,5.2999999999999998,117289.89999999999,12,300.60000000000002,158782.10000000001,80145.300000000003,47667.800000000003,4.7000000000000002,964.79999999999995,0.59999999999999998,23858.700000000001,25.600000000000001,0,0,0,4426.5,37986536,12368440,26205746,29353.799999999999,1485.9000000000001,25618068,587678,21671936,17272832,260534272,77594624,74539008,260534272,77594624,74539008,260534272,77594624,74539008,260534272,77946880,74891264,260534272,234266624,241344512,260534272,260083712,267128832,260534272,0,0,0,0,0,0,0,0,0,0,0,0,0,0,0,0,0,0,0,0,0,0,0,0,0,0,0,0,0,0,0,0,0,0,0,0,ok
variants,cached-sax-scalar-unique-fallback,NodePerformanceTest-glb,3,false,1928104.1000000001,14861.199999999999,371.80000000000001,14489.4,500613.5,0.29999999999999999,0,0,0,0,772283.59999999998,609956.19999999995,30364.400000000001,184215.29999999999,1.3,5.7999999999999998,114611.5,10.5,262.5,156923.39999999999,80718.899999999994,48875.400000000001,4.4000000000000004,1054.8,0.69999999999999996,23207.099999999999,27.200000000000003,0,0,0,4426.5,37986536,12368440,26205746,28800,1564.4000000000001,25618068,587678,21508096,17035264,260534272,77242368,74579968,260534272,77242368,74579968,260534272,77242368,74579968,260534272,77598720,74936320,260534272,233635840,240549888,260534272,259489792,266235904,260534272,0,0,0,0,0,0,0,0,0,0,0,0,0,0,0,0,0,0,0,0,0,0,0,0,0,0,0,0,0,0,0,0,0,0,0,0,ok
variants,cached-sax-scalar-unique-fallback,NodePerformanceTest-glb,4,false,1924260.1000000001,14793.700000000001,313.5,14480.200000000001,495709.29999999999,0.69999999999999996,0,0,0,0,773264.19999999995,609430.40000000002,31035.699999999997,172449.60000000001,1.2,6.4000000000000004,118829.8,10.6,277.19999999999999,164947.29999999999,79250,49687.699999999997,4.5999999999999996,1087.2,0.90000000000000002,22816,25.699999999999999,0,0,0,4426.5,37986536,12368440,26205746,29518.599999999999,1517.0999999999999,25618068,587678,22315008,19324928,260534272,78036992,75386880,260534272,78036992,75386880,260534272,78036992,75386880,260534272,78528512,75870208,260534272,233881600,240926720,260534272,259735552,266674176,260534272,0,0,0,0,0,0,0,0,0,0,0,0,0,0,0,0,0,0,0,0,0,0,0,0,0,0,0,0,0,0,0,0,0,0,0,0,ok
variants,cached-sax-scalar-unique-fallback,NodePerformanceTest-glb,5,false,1978306.6000000001,14932.300000000001,324.69999999999999,14607.6,490134.79999999999,0.29999999999999999,0,0,0,0,778058.5,660865.30000000005,34287.800000000003,159904.60000000001,1.3999999999999999,6.7999999999999998,119650.89999999999,10.699999999999999,269.19999999999999,201716.20000000001,97239.5,52197.199999999997,5.2000000000000002,1145.4000000000001,1.3,28643.099999999999,31.799999999999997,0,0,0,4426.5,37986536,12368440,26205746,32221,2066.8000000000002,25618068,587678,21815296,17715200,260534272,76722176,73728000,260534272,76722176,73728000,260534272,76722176,73728000,260534272,77078528,74080256,260534272,233750528,240844800,260534272,259629056,266551296,260534272,0,0,0,0,0,0,0,0,0,0,0,0,0,0,0,0,0,0,0,0,0,0,0,0,0,0,0,0,0,0,0,0,0,0,0,0,ok
variants,cached-sax-scalar-unique-fallback,NodePerformanceTest-glb,6,false,2011930.7,15451.1,364.5,15086.6,506084.59999999998,0.29999999999999999,0,0,0,0,809070.80000000005,649503,31796.100000000002,160418.29999999999,1.5,6.2999999999999998,120849.3,10.5,325.10000000000002,160150,126269.10000000001,55844.400000000001,4.7999999999999998,1046.2,1,24495.799999999999,28.900000000000002,0,0,0,4426.5,37986536,12368440,26205746,30087.400000000001,1708.7,25618068,587678,21753856,17121280,260534272,77398016,74432512,260534272,77398016,74432512,260534272,77398016,74432512,260534272,77885440,74919936,260534272,233844736,240664576,260534272,259715072,266375168,260534272,0,0,0,0,0,0,0,0,0,0,0,0,0,0,0,0,0,0,0,0,0,0,0,0,0,0,0,0,0,0,0,0,0,0,0,0,ok
variants,cached-sax-scalar-unique-fallback,NodePerformanceTest-glb,7,false,1929191.3999999999,15066.1,326.5,14739.6,491985.70000000001,0.40000000000000002,0,0,0,0,805598.30000000005,581474.90000000002,35041.099999999999,156506.70000000001,1.2,6.0999999999999996,116095.8,10.800000000000001,269.19999999999999,154139.20000000001,78467.600000000006,46485.800000000003,4.5,1033.4000000000001,1,28373.400000000001,34.600000000000001,0,0,0,4426.5,37986536,12368440,26205746,33538.599999999999,1502.5,25618068,587678,21684224,18317312,260534272,77942784,75100160,260534272,77942784,75100160,260534272,77942784,75100160,260534272,78299136,75468800,260534272,234041344,241127424,260534272,259891200,266829824,260534272,0,0,0,0,0,0,0,0,0,0,0,0,0,0,0,0,0,0,0,0,0,0,0,0,0,0,0,0,0,0,0,0,0,0,0,0,ok
variants,cached-sax-scalar-unique-fallback,NodePerformanceTest-glb,8,false,1930218.6000000001,14613.4,358.39999999999998,14255,487143.79999999999,0.69999999999999996,0,0,0,0,785253.30000000005,611586.69999999995,31594.900000000001,158630.10000000001,1.3999999999999999,5.5,115864.39999999999,11.800000000000001,322.10000000000002,175962.20000000001,84142.399999999994,50689.099999999999,5.2999999999999998,1052.5999999999999,0.90000000000000002,24836.799999999999,27.100000000000001,0,0,0,4426.5,37986536,12368440,26205746,30055.5,1539.4000000000001,25618068,587678,22503424,18956288,260534272,80113664,81244160,260534272,80113664,81244160,260534272,80113664,81244160,260534272,80564224,81690624,260534272,234295296,241197056,260534272,260108288,266936320,260534272,0,0,0,0,0,0,0,0,0,0,0,0,0,0,0,0,0,0,0,0,0,0,0,0,0,0,0,0,0,0,0,0,0,0,0,0,ok
variants,cached-sax-scalar-unique-fallback,NodePerformanceTest-glb,9,false,2023465.8,15275.200000000001,332.60000000000002,14942.6,499625.5,0.59999999999999998,0,0,0,0,859173.30000000005,617919.80000000005,31446.400000000001,170223.5,1.2,6.5999999999999996,128884.60000000001,11.5,475.80000000000001,162485.10000000001,81463.199999999997,48131.199999999997,4.7999999999999998,1064.5999999999999,0.69999999999999996,25104.900000000001,25.600000000000001,0,0,0,4426.5,37986536,12368440,26205746,29917.200000000001,1529.2,25618068,587678,21762048,17637376,260534272,76468224,73740288,260534272,76468224,73740288,260534272,76468224,73740288,260534272,76947456,74219520,260534272,234008576,240410624,260534272,259866624,266121216,260534272,0,0,0,0,0,0,0,0,0,0,0,0,0,0,0,0,0,0,0,0,0,0,0,0,0,0,0,0,0,0,0,0,0,0,0,0,ok
variants,cached-sax-scalar-unique-fallback,NodePerformanceTest-glb,10,false,1983106.6000000001,15553.099999999999,421.30000000000001,15131.799999999999,515786.20000000001,0.29999999999999999,0,0,0,0,802151.59999999998,618462.09999999998,31129.099999999999,169959.5,1.1000000000000001,6.5,129868.5,11.9,299.89999999999998,160143.5,82195.899999999994,51166.699999999997,4.7999999999999998,1025.2,1.1000000000000001,23715.799999999999,25.100000000000001,0,0,0,4426.5,37986536,12368440,26205746,29611.799999999999,1517.3,25618068,587678,22474752,18075648,260534272,76832768,73695232,260534272,76832768,73695232,260534272,76832768,73695232,260534272,77189120,74043392,260534272,233623552,240508928,260534272,259485696,266235904,260534272,0,0,0,0,0,0,0,0,0,0,0,0,0,0,0,0,0,0,0,0,0,0,0,0,0,0,0,0,0,0,0,0,0,0,0,0,ok
variants,cached-sax-scalar-unique-fallback,NodePerformanceTest-glb,11,false,1896884,14803.6,401.5,14402.1,481550.29999999999,0.59999999999999998,0,0,0,0,789802.30000000005,580253.09999999998,30448.399999999998,154177.79999999999,1.1000000000000001,6.2000000000000002,118083.7,10,288.80000000000001,153530.89999999999,79706.199999999997,48645.699999999997,5.2999999999999998,1085.5,0.69999999999999996,24649.900000000001,25.100000000000001,0,0,0,4426.5,37986536,12368440,26205746,28995.299999999999,1453.0999999999999,25618068,587678,22765568,18423808,260534272,99348480,98930688,260534272,99348480,98930688,260534272,99348480,98930688,260534272,99328000,98828288,260534272,234582016,241586176,260534272,260399104,267255808,260534272,0,0,0,0,0,0,0,0,0,0,0,0,0,0,0,0,0,0,0,0,0,0,0,0,0,0,0,0,0,0,0,0,0,0,0,0,ok
variants,cached-sax-scalar-unique-fallback,NodePerformanceTest-glb,12,false,1920933.3,14654,330.5,14323.5,488941,0.40000000000000002,0,0,0,0,796529.30000000005,590175.09999999998,30608.5,163012.89999999999,1.3999999999999999,6.7000000000000002,117626,10.5,252.5,155673,82274.300000000003,47283.099999999999,4.5,1046.3,0.69999999999999996,22921.400000000001,25.799999999999997,0,0,0,4426.5,37986536,12368440,26205746,29084.799999999999,1523.7,25618068,587678,22458368,18395136,260534272,79507456,81063936,260534272,79507456,81063936,260534272,79507456,81063936,260534272,79941632,81489920,260534272,234364928,241213440,260534272,260190208,266928128,260534272,0,0,0,0,0,0,0,0,0,0,0,0,0,0,0,0,0,0,0,0,0,0,0,0,0,0,0,0,0,0,0,0,0,0,0,0,ok
variants,cached-sax-scalar-unique-fallback,NodePerformanceTest-glb,13,false,1954333.6000000001,14661.1,320.19999999999999,14340.9,483948,0.40000000000000002,0,0,0,0,790935.30000000005,632534.5,32228.900000000001,194139.60000000001,1.2,6.4000000000000004,124291,24.100000000000001,240,160197.5,79562.899999999994,48736.900000000001,4.7999999999999998,974.5,0.69999999999999996,24292.700000000001,26.300000000000001,0,0,0,4426.5,37986536,12368440,26205746,30760.200000000001,1468.7,25618068,587678,21815296,17928192,260534272,100827136,100790272,260534272,100827136,100790272,260534272,100827136,100790272,260534272,100872192,100790272,260534272,235184128,242622464,260534272,260911104,268292096,260911104,0,0,0,0,0,0,0,0,0,0,0,0,0,0,0,0,0,0,0,0,0,0,0,0,0,0,0,0,0,0,0,0,0,0,0,0,ok
variants,cached-sax-scalar-unique-fallback,NodePerformanceTest-glb,14,false,1929609.5,16899.200000000001,361.80000000000001,16537.400000000001,488768.70000000001,0.29999999999999999,0,0,0,0,783928,609121.40000000002,30864.900000000001,154076.10000000001,1.3,21.5,119935.39999999999,11.5,265.89999999999998,166640.70000000001,89551.899999999994,52447.199999999997,4.5,1023.9,1.1000000000000001,25078.299999999999,27,0,0,0,4426.5,37986536,12368440,26205746,29322.200000000001,1542.7,25618068,587678,22577152,20172800,260911104,100040704,99500032,260911104,100040704,99500032,260911104,100040704,99500032,260911104,100048896,99500032,260911104,235331584,242536448,260911104,261124096,268206080,261124096,0,0,0,0,0,0,0,0,0,0,0,0,0,0,0,0,0,0,0,0,0,0,0,0,0,0,0,0,0,0,0,0,0,0,0,0,ok
variants,current,NodePerformanceTest-glb,0,false,18107167.100000001,16128.1,315.39999999999998,15812.700000000001,13452220.699999999,0.5,3859.6999999999998,1829.1999999999998,1790.3999999999999,3674.3000000000002,3881237.2999999998,719092.80000000005,34600.5,199887.79999999999,1.2,5.5,139867.10000000001,11.300000000000001,276.69999999999999,179286.5,90545,54718.900000000001,7,2085,2.2000000000000002,52315,32.899999999999999,0,0,0,0,37986536,12368440,26205746,32469.599999999999,2130.9000000000001,25618068,587678,19804160,14966784,259182592,75116544,76959744,259182592,75116544,76959744,259182592,75153408,76976128,259182592,75153408,76976128,259182592,233611264,240218112,259182592,259551232,266141696,259551232,0,0,0,33,33,71456,0,0,0,0,0,0,0,0,0,0,0,0,0,0,0,0,0,0,0,0,0,0,0,0,0,0,0,0,0,0,ok
variants,current,NodePerformanceTest-glb,1,false,17847526.100000001,15224.700000000001,298,14926.700000000001,13285842.699999999,0.40000000000000002,3956.8000000000002,1847.9999999999998,1782.6000000000004,3762.6999999999998,3794905.6000000001,711314.30000000005,36254.700000000004,166573.20000000001,1.1000000000000001,4.2999999999999998,122361.3,10.699999999999999,272.10000000000002,196010.89999999999,92939.600000000006,90249.300000000003,5.0999999999999996,1297.0999999999999,2.2999999999999998,41526.199999999997,25.599999999999998,0,0,0,0,37986536,12368440,26205746,34689.400000000001,1565.3,25618068,587678,21319680,16949248,259551232,76046336,77922304,259551232,76046336,77922304,259551232,76075008,78172160,259551232,76075008,78172160,259551232,234086400,240488448,259551232,260001792,266420224,260001792,0,0,0,33,33,71456,0,0,0,0,0,0,0,0,0,0,0,0,0,0,0,0,0,0,0,0,0,0,0,0,0,0,0,0,0,0,ok
variants,current,NodePerformanceTest-glb,2,false,17660984.199999999,14665.5,375.5,14290,13045480.6,0.59999999999999998,3951.0999999999999,1870.6000000000001,1819.6999999999998,3756.5999999999999,3811247.7999999998,741131.59999999998,44479.400000000001,175521.70000000001,1.3,4.2999999999999998,124470.2,10.4,248.19999999999999,182855.10000000001,101247.89999999999,120367.10000000001,7.2999999999999998,1276.2,1.3999999999999999,35056,29.899999999999999,0,0,0,0,37986536,12368440,26205746,41297,3182.4000000000001,25618068,587678,21094400,16125952,260001792,75866112,75542528,260001792,75866112,75542528,260001792,75894784,75571200,260001792,75894784,75571200,260001792,233709568,239845376,260001792,259600384,265728000,260001792,0,0,0,33,33,71456,0,0,0,0,0,0,0,0,0,0,0,0,0,0,0,0,0,0,0,0,0,0,0,0,0,0,0,0,0,0,ok
variants,current,NodePerformanceTest-glb,3,false,17522805,17350.599999999999,307.80000000000001,17042.799999999999,12915137.9,0.29999999999999999,4207.5,1966,1892.4000000000001,4021,3892675.7999999998,661609.80000000005,31795.599999999999,179969.89999999999,1.2,4.7000000000000002,127344.7,10.699999999999999,309.80000000000001,166634.79999999999,98592.800000000003,61744.800000000003,5.7999999999999998,1105.9000000000001,0.90000000000000002,25801.5,26.699999999999999,0,0,0,0,37986536,12368440,26205746,30178.799999999999,1616.8,25618068,587678,20930560,15982592,260001792,76873728,77062144,260001792,76873728,77062144,260001792,76902400,77324288,260001792,76902400,77324288,260001792,233189376,239161344,260001792,259100672,265097216,260001792,0,0,0,33,33,71456,0,0,0,0,0,0,0,0,0,0,0,0,0,0,0,0,0,0,0,0,0,0,0,0,0,0,0,0,0,0,ok
variants,current,NodePerformanceTest-glb,4,false,17780771.300000001,15188.400000000001,369.19999999999999,14819.200000000001,13174007.699999999,0.29999999999999999,4812.1999999999998,2278.7000000000003,2227.2000000000003,4629.1000000000004,3939819.2000000002,613566.30000000005,33348.900000000001,175240.60000000001,2,6.5999999999999996,122840.10000000001,10.6,300,158924.89999999999,83788.199999999997,48052.199999999997,5.0999999999999996,1012.9,0.80000000000000004,23324.099999999999,25.900000000000002,0,0,0,0,37986536,12368440,26205746,31504.900000000001,1844,25618068,587678,21868544,18591744,260001792,74715136,71806976,260001792,74715136,71806976,260001792,74764288,71847936,260001792,74764288,71847936,260001792,234328064,241250304,260001792,260149248,266924032,260149248,0,0,0,33,33,71456,0,0,0,0,0,0,0,0,0,0,0,0,0,0,0,0,0,0,0,0,0,0,0,0,0,0,0,0,0,0,ok
variants,current,NodePerformanceTest-glb,5,false,19039248.300000001,15299.9,356.89999999999998,14943,14243256.9,0.29999999999999999,4223.3000000000002,2004.9000000000001,1931.5000000000002,4024.9000000000001,4048779.6000000001,696229.90000000002,31425.799999999999,193147.60000000001,1.2,4.0999999999999996,130014,11.800000000000001,277.30000000000001,187942.70000000001,84250,70989.600000000006,6.9000000000000004,1926.5,2.7000000000000002,27584.599999999999,29.100000000000001,0,0,0,0,37986536,12368440,26205746,29953.700000000001,1472.0999999999999,25618068,587678,21884928,17731584,260149248,77246464,74350592,260149248,77246464,74350592,260149248,77287424,74514432,260149248,77287424,74514432,260149248,233897984,240455680,260149248,259756032,266129408,260149248,0,0,0,33,33,71456,0,0,0,0,0,0,0,0,0,0,0,0,0,0,0,0,0,0,0,0,0,0,0,0,0,0,0,0,0,0,ok
variants,current,NodePerformanceTest-glb,6,false,17668605.699999999,15023,349.5,14673.5,13151703.699999999,0.29999999999999999,5062.1999999999998,2434.4999999999995,2354.8000000000002,4806.8999999999996,3835179.5,630317.80000000005,31290.300000000003,165349.70000000001,1.3999999999999999,4.7999999999999998,125183.8,11.6,266.5,178407.79999999999,80022.199999999997,54779.099999999999,4.7999999999999998,1048.3,1,25179.599999999999,24.5,0,0,0,0,37986536,12368440,26205746,29781.900000000001,1508.4000000000001,25618068,587678,21086208,16994304,260149248,77508608,74588160,260149248,77508608,74588160,260149248,77565952,74649600,260149248,77565952,74649600,260149248,234180608,241250304,260149248,260022272,266924032,260149248,0,0,0,33,33,71456,0,0,0,0,0,0,0,0,0,0,0,0,0,0,0,0,0,0,0,0,0,0,0,0,0,0,0,0,0,0,ok
variants,ordered-fallback,NodePerformanceTest-glb,0,false,20581064.300000001,25581.900000000001,10811.799999999999,14770.1,15853199.1,0.29999999999999999,3921.0999999999999,1826.7999999999993,1784.9999999999998,3730.8000000000002,3978310.2000000002,687589.69999999995,32434.100000000002,177269.79999999999,1.1000000000000001,5.0999999999999996,160747.10000000001,10.9,264.69999999999999,173563.20000000001,89125.699999999997,49892.800000000003,5.5999999999999996,1076.5999999999999,0.69999999999999996,35563,26.399999999999999,0,0,0,0,37986536,12368440,26205746,30582.900000000001,1851.2,25618068,587678,19779584,15044608,258527232,75071488,76464128,258527232,75071488,76464128,258527232,75108352,76480512,258527232,75108352,76480512,258527232,234135552,240431104,258527232,260087808,266383360,260087808,0,0,0,33,33,71456,0,0,0,0,0,0,0,0,0,0,0,0,0,0,0,0,0,0,0,0,0,0,0,0,0,0,0,0,0,0,ok
variants,ordered-fallback,NodePerformanceTest-glb,1,false,19698886.899999999,15413.4,339.89999999999998,15073.5,14499780.5,0.29999999999999999,8001.6999999999998,3988.6000000000008,3322.7000000000007,7526.6999999999998,4438457.4000000004,700779.69999999995,36421.800000000003,181443.10000000001,1.1000000000000001,5,118772.8,10.5,280.10000000000002,173790.60000000001,105525.5,89766.199999999997,6.9000000000000004,2534.4000000000001,2,28575.400000000001,28.699999999999999,0,0,0,0,37986536,12368440,26205746,34845,1576.8,25618068,587678,20688896,15671296,260087808,76042240,76447744,260087808,76042240,76447744,260087808,76070912,76582912,260087808,76070912,76582912,260087808,233963520,240525312,260087808,259842048,266416128,260087808,0,0,0,33,33,71456,0,0,0,0,0,0,0,0,0,0,0,0,0,0,0,0,0,0,0,0,0,0,0,0,0,0,0,0,0,0,ok
variants,ordered-fallback,NodePerformanceTest-glb,2,false,17214990.300000001,25268.099999999999,8300.1000000000004,16968,12799202.199999999,0.20000000000000001,4294.1999999999998,2075.3000000000002,2019.1000000000001,3981.9000000000001,3740734.2999999998,614990,30466.799999999999,162314.29999999999,1.1000000000000001,5.2000000000000002,123096.89999999999,9.9000000000000004,289.80000000000001,169332.5,85547.300000000003,48528.599999999999,5.5,998.5,0.80000000000000004,24796.799999999999,25.199999999999999,0,0,0,0,37986536,12368440,26205746,28954.099999999999,1512.7,25618068,587678,22028288,17948672,260087808,75399168,76042240,260087808,75399168,76042240,260087808,75423744,76054528,260087808,75423744,76054528,260087808,234086400,240324608,260087808,260014080,266227712,260087808,0,0,0,33,33,71456,0,0,0,0,0,0,0,0,0,0,0,0,0,0,0,0,0,0,0,0,0,0,0,0,0,0,0,0,0,0,ok
variants,ordered-fallback,NodePerformanceTest-glb,3,false,17353390.600000001,14750.700000000001,341.60000000000002,14409.1,13042330.300000001,0.29999999999999999,3999.9000000000001,1835.9999999999998,1774.7,3817.6999999999998,3618246.3999999999,642451.69999999995,31581.599999999999,169549.29999999999,1.2,4.9000000000000004,121451.5,11.300000000000001,320.19999999999999,181464.29999999999,87581.800000000003,54939.300000000003,4.9000000000000004,1110.5,0.80000000000000004,25939.200000000001,25.600000000000001,0,0,0,0,37986536,12368440,26205746,29752.599999999999,1829,25618068,587678,21352448,17244160,260087808,74760192,72822784,260087808,74760192,72822784,260087808,74797056,72916992,260087808,74797056,72916992,260087808,233852928,239931392,260087808,259784704,265875456,260087808,0,0,0,33,33,71456,0,0,0,0,0,0,0,0,0,0,0,0,0,0,0,0,0,0,0,0,0,0,0,0,0,0,0,0,0,0,ok
variants,ordered-fallback,NodePerformanceTest-glb,4,false,17744911.899999999,14681.5,351.80000000000001,14329.700000000001,12898237,0.40000000000000002,5296.1999999999998,2576.2000000000007,2504.5999999999999,5101.6999999999998,4131427,662517.40000000002,32724.400000000001,172322.39999999999,1.2,5.9000000000000004,142359.39999999999,11.4,260.39999999999998,180608.10000000001,86435.399999999994,52151.199999999997,5.2000000000000002,1055.3,0.90000000000000002,27240.900000000001,25.299999999999997,0,0,0,0,37986536,12368440,26205746,30982,1742.4000000000001,25618068,587678,21909504,18214912,260087808,74887168,72585216,260087808,74887168,72585216,260087808,74940416,72642560,260087808,74940416,72642560,260087808,234287104,241803264,260087808,260100096,267476992,260100096,0,0,0,33,33,71456,0,0,0,0,0,0,0,0,0,0,0,0,0,0,0,0,0,0,0,0,0,0,0,0,0,0,0,0,0,0,ok
variants,plain-ordered-fallback,NodePerformanceTest-glb,0,false,5727577.2000000002,16320.5,419.5,15901,456240.5,0.20000000000000001,4632.1000000000004,2291.5,2215.9000000000001,4440,4545003,672205,33148.699999999997,187723.10000000001,1.1000000000000001,5.2000000000000002,140458.39999999999,9.6999999999999993,260.69999999999999,176704.60000000001,90147.199999999997,48468.699999999997,5.5,1095.0999999999999,1,27262.299999999999,26.299999999999997,0,0,0,0,37986536,12368440,26205746,31439.5,1709.2,25618068,587678,20287488,15273984,259411968,73953280,72282112,259411968,73953280,72282112,259411968,74002432,72482816,259411968,74002432,72482816,259411968,233840640,240128000,259411968,259784704,266055680,259784704,0,0,0,33,33,71456,0,0,0,0,0,0,0,0,0,0,0,0,0,0,0,0,0,0,0,0,0,0,0,0,0,0,0,0,0,0,ok
variants,plain-ordered-fallback,NodePerformanceTest-glb,1,false,5637467,14971.799999999999,250.5,14721.299999999999,426180.20000000001,0.40000000000000002,6999.6000000000004,3251.0999999999999,3177.4000000000005,6768.1999999999998,4373319.7000000002,782132.90000000002,33835.5,196371.70000000001,1.1000000000000001,5.0999999999999996,194640.89999999999,14.1,1256.5999999999999,202549.89999999999,99574.300000000003,60703,5.0999999999999996,1058.5999999999999,1.1000000000000001,25887.099999999999,25.699999999999999,0,0,0,0,37986536,12368440,26205746,32286.200000000001,1549.3,25618068,587678,21217280,17014784,259784704,75857920,76382208,259784704,75857920,76382208,259784704,75857920,76382208,259784704,75857920,76382208,259784704,233652224,239775744,259784704,259563520,265699328,259784704,0,0,0,33,33,71456,0,0,0,0,0,0,0,0,0,0,0,0,0,0,0,0,0,0,0,0,0,0,0,0,0,0,0,0,0,0,ok
variants,plain-ordered-fallback,NodePerformanceTest-glb,2,false,5329118.0999999996,14686.6,319.39999999999998,14367.200000000001,453931.40000000002,0.40000000000000002,3981.9000000000001,1882.3,1822.7999999999997,3789.3000000000002,3960213.8999999999,830146.80000000005,66130.600000000006,217999.5,1.2,5.2999999999999998,159378.89999999999,10.4,282.69999999999999,186516.10000000001,94381.199999999997,90421.100000000006,7.5,2165.5,3,78901.600000000006,34.200000000000003,0,0,0,0,37986536,12368440,26205746,63426.300000000003,2704.3000000000002,25618068,587678,21213184,16629760,259784704,75448320,74186752,259784704,75448320,74186752,259784704,75476992,74252288,259784704,75476992,74252288,259784704,233582592,239886336,259784704,259493888,265789440,259784704,0,0,0,33,33,71456,0,0,0,0,0,0,0,0,0,0,0,0,0,0,0,0,0,0,0,0,0,0,0,0,0,0,0,0,0,0,ok
variants,plain-ordered-fallback,NodePerformanceTest-glb,3,false,5679433.7000000002,18894.900000000001,668,18226.900000000001,504031.79999999999,0.10000000000000001,3934.9000000000001,1863.7000000000005,1802.5000000000002,3720.0999999999999,3857404.2000000002,1207445.1000000001,87689.400000000009,375286.09999999998,1.5,9.4000000000000004,204871.20000000001,10.5,355.60000000000002,225944.5,214650.60000000001,112757,7.7000000000000002,2296.0999999999999,2.1000000000000001,71121.800000000003,84.400000000000006,0,0,0,0,37986536,12368440,26205746,83327.600000000006,4361.8000000000002,25618068,587678,21176320,16199680,259784704,76640256,77332480,259784704,76640256,77332480,259784704,76648448,77340672,259784704,76599296,77250560,259784704,234160128,241426432,259784704,259977216,267100160,259977216,0,0,0,33,33,71456,0,0,0,0,0,0,0,0,0,0,0,0,0,0,0,0,0,0,0,0,0,0,0,0,0,0,0,0,0,0,ok
variants,plain-ordered-fallback,NodePerformanceTest-glb,4,false,7337676.7000000002,29851.900000000001,421,29430.900000000001,916204.19999999995,0.40000000000000002,8236.2000000000007,3352.9999999999995,3229.1000000000008,7918.5,5589446.2999999998,762520.59999999998,31383.800000000003,218674.60000000001,1.1000000000000001,6.4000000000000004,132349.89999999999,11.1,310,224020.60000000001,107814.8,52990.199999999997,5.0999999999999996,1690.0999999999999,1.8,24576.400000000001,28.199999999999999,0,0,0,0,37986536,12368440,26205746,29876.900000000001,1506.9000000000001,25618068,587678,22147072,18808832,259977216,77185024,74539008,259977216,77185024,74539008,259977216,77242368,74661888,259977216,77242368,74661888,259977216,233467904,240148480,259977216,259276800,265818112,259977216,0,0,0,33,33,71456,0,0,0,0,0,0,0,0,0,0,0,0,0,0,0,0,0,0,0,0,0,0,0,0,0,0,0,0,0,0,ok
variants,plain-ordered-fallback,NodePerformanceTest-glb,5,false,6057154.4000000004,15076.200000000001,368.5,14707.700000000001,494546.90000000002,0.29999999999999999,4715.5,2293,2240.5999999999999,4513.1999999999998,4708720.0999999996,801274.80000000005,32776.299999999996,197216.39999999999,1.3,6.7000000000000002,166877.70000000001,11.6,314.69999999999999,224364.39999999999,115460.7,66624.399999999994,7.2000000000000002,1053.5999999999999,1,29274.900000000001,27.600000000000001,0,0,0,0,37986536,12368440,26205746,31272.099999999999,1504.2,25618068,587678,21929984,17240064,259977216,76963840,74555392,259977216,76963840,74555392,259977216,77004800,74596352,259977216,77004800,74596352,259977216,233594880,240603136,259977216,259387392,266272768,259977216,0,0,0,33,33,71456,0,0,0,0,0,0,0,0,0,0,0,0,0,0,0,0,0,0,0,0,0,0,0,0,0,0,0,0,0,0,ok
variants,plain-ordered-fallback,NodePerformanceTest-glb,6,false,5440635.9000000004,15391.300000000001,396.19999999999999,14995.1,433092.59999999998,0.20000000000000001,4032.5999999999999,1881.8,1814.1000000000004,3841.8000000000002,4255010.5,698817.69999999995,34260.5,208678,1.2,6.7999999999999998,126597.2,12.699999999999999,306.60000000000002,164002.39999999999,91705.300000000003,67995.899999999994,7.2000000000000002,1987.5,2.1000000000000001,37446.900000000001,29.700000000000003,0,0,0,0,37986536,12368440,26205746,32678.900000000001,1581.5999999999999,25618068,587678,21868544,19337216,259977216,76484608,73748480,259977216,76484608,73748480,259977216,76521472,73879552,259977216,76521472,73879552,259977216,233222144,239796224,259977216,259051520,265465856,259977216,0,0,0,33,33,71456,0,0,0,0,0,0,0,0,0,0,0,0,0,0,0,0,0,0,0,0,0,0,0,0,0,0,0,0,0,0,ok
variants,plain-ordered-fallback,NodePerformanceTest-glb,7,false,6192971.4000000004,15556.6,343.39999999999998,15213.200000000001,494281,0.20000000000000001,4515.6999999999998,2151,2081.3999999999996,4315.8999999999996,4715016.2000000002,922645.19999999995,40927,263653.20000000001,1.3,6.2000000000000002,149074.70000000001,11.5,317.5,250709.70000000001,135839.20000000001,82827.899999999994,5.0999999999999996,1167.7,1.1000000000000001,38964.5,26.399999999999999,0,0,0,0,37986536,12368440,26205746,37795.5,3131.5,25618068,587678,21839872,18857984,259977216,75821056,72794112,259977216,75821056,72794112,259977216,75857920,72835072,259977216,75857920,72835072,259977216,233820160,240365568,259977216,259657728,266039296,259977216,0,0,0,33,33,71456,0,0,0,0,0,0,0,0,0,0,0,0,0,0,0,0,0,0,0,0,0,0,0,0,0,0,0,0,0,0,ok
variants,plain-ordered-fallback,NodePerformanceTest-glb,8,false,5627878.7999999998,17421.200000000001,440.69999999999999,16980.5,517105.09999999998,0.29999999999999999,5230.1000000000004,2508.4000000000001,2399.9000000000001,4988.1999999999998,4245440.4000000004,811610.80000000005,31040.399999999998,221887.60000000001,1.7,6.2000000000000002,171445.79999999999,15,502.39999999999998,241890.70000000001,100531.8,48993.699999999997,5.5,1053.0999999999999,0.80000000000000004,25207.200000000001,28.100000000000001,0,0,0,0,37986536,12368440,26205746,29510.799999999999,1529.5999999999999,25618068,587678,22106112,17903616,259977216,75689984,72597504,259977216,75689984,72597504,259977216,75726848,73240576,259977216,75726848,73240576,259977216,233381888,240295936,259977216,259178496,265965568,259977216,0,0,0,33,33,71456,0,0,0,0,0,0,0,0,0,0,0,0,0,0,0,0,0,0,0,0,0,0,0,0,0,0,0,0,0,0,ok
variants,plain-ordered-fallback,NodePerformanceTest-glb,9,false,5248144.2999999998,14862.5,365.10000000000002,14497.4,467989.70000000001,0.20000000000000001,3872.9000000000001,1822.4000000000003,1775.7000000000005,3677.1999999999998,4072864.3999999999,655918.59999999998,32608.600000000002,167784.10000000001,1.7,6.2999999999999998,156872.89999999999,10.699999999999999,293.10000000000002,174458.39999999999,82174.199999999997,49339.5,5.2000000000000002,1042.9000000000001,0.69999999999999996,23871.700000000001,25.200000000000003,0,0,0,0,37986536,12368440,26205746,31127.200000000001,1481.4000000000001,25618068,587678,22081536,18038784,259977216,75640832,72495104,259977216,75640832,72495104,259977216,75673600,72527872,259977216,75673600,72527872,259977216,233562112,240545792,259977216,259366912,266231808,259977216,0,0,0,33,33,71456,0,0,0,0,0,0,0,0,0,0,0,0,0,0,0,0,0,0,0,0,0,0,0,0,0,0,0,0,0,0,ok
variants,sax-default-fallback,NodePerformanceTest-glb,0,false,4843243,14993.6,369.19999999999999,14624.4,514203.40000000002,268021.09999999998,3139.8000000000002,991.0999999999998,947.30000000000007,3012.1999999999998,3398763.5,612482.5,31609.5,161454.5,1.1000000000000001,5.0999999999999996,125884.10000000001,15.699999999999999,481.10000000000002,169186.79999999999,84221.300000000003,46396.599999999999,6.0999999999999996,1092.0999999999999,0.80000000000000004,23680.5,25.199999999999999,0,0,0,0,37986536,12368440,26205746,30080.799999999999,1528.7,25618068,587678,21688320,17829888,346677248,76447744,78118912,346677248,158183424,160731136,346677248,158593024,161095680,346677248,158593024,161095680,346677248,320720896,330547200,346677248,346636288,356466688,346677248,0,0,0,33,33,71456,0,0,0,0,0,0,0,0,0,0,0,0,0,0,0,0,0,0,0,0,0,0,0,0,0,0,0,0,0,0,ok
variants,sax-default-fallback,NodePerformanceTest-glb,1,false,4831752.0999999996,15123,320.10000000000002,14802.9,493920.59999999998,272272.59999999998,3468.3000000000002,923.40000000000009,856.5,3390.0999999999999,3421237,594339,31360.900000000001,161326.60000000001,1.1000000000000001,18.600000000000001,113967.2,10.6,270.60000000000002,157886.60000000001,84665.300000000003,48467.400000000001,4.5,1053.9000000000001,0.69999999999999996,26604.099999999999,26.799999999999997,0,0,0,0,37986536,12368440,26205746,29884.5,1476.4000000000001,25618068,587678,21663744,17600512,346677248,76738560,77643776,346677248,158470144,161177600,346677248,158908416,161542144,346677248,158908416,161542144,346677248,325103616,336490496,346677248,350879744,362188800,350879744,0,0,0,33,33,71456,0,0,0,0,0,0,0,0,0,0,0,0,0,0,0,0,0,0,0,0,0,0,0,0,0,0,0,0,0,0,ok
variants,sax-default-fallback,NodePerformanceTest-glb,2,false,4853182,14296.800000000001,324.69999999999999,13972.1,498368,286198,3424.6999999999998,1066.4999999999998,1017.5,3340.9000000000001,3419797.7999999998,599970.30000000005,31097.099999999999,167892.39999999999,1.5,6,115547.8,10.199999999999999,288.19999999999999,160921.70000000001,82070.600000000006,48764.900000000001,4.7999999999999998,1001.6,0.90000000000000002,23404.400000000001,24.600000000000001,0,0,0,0,37986536,12368440,26205746,29583.099999999999,1514,25618068,587678,22601728,18104320,350879744,77602816,77934592,350879744,158281728,160706560,350879744,158625792,161071104,350879744,158625792,161071104,350879744,323690496,335208448,350879744,349458432,360923136,350879744,0,0,0,33,33,71456,0,0,0,0,0,0,0,0,0,0,0,0,0,0,0,0,0,0,0,0,0,0,0,0,0,0,0,0,0,0,ok
variants,sax-default-fallback,NodePerformanceTest-glb,3,false,4845003.4000000004,14578.6,328.5,14250.1,503690.70000000001,265109.90000000002,3189.5,936.20000000000005,881.60000000000002,3095.8000000000002,3421602.7000000002,605664.69999999995,31138.799999999999,160804.39999999999,1.2,5.5999999999999996,127548.39999999999,11.5,280.60000000000002,161540.5,82544.100000000006,47609.199999999997,5.4000000000000004,1034.7,1,24221.599999999999,23.899999999999999,0,0,0,0,37986536,12368440,26205746,29624,1514.8,25618068,587678,22843392,19120128,350879744,76009472,73216000,350879744,158142464,161296384,350879744,158580736,161689600,350879744,158580736,161689600,350879744,321150976,332886016,350879744,346963968,358625280,350879744,0,0,0,33,33,71456,0,0,0,0,0,0,0,0,0,0,0,0,0,0,0,0,0,0,0,0,0,0,0,0,0,0,0,0,0,0,ok
variants,sax-default-fallback,NodePerformanceTest-glb,4,false,4869711.7000000002,14722.9,352,14370.9,485778.59999999998,284811.79999999999,3182.8000000000002,866.79999999999984,796.60000000000002,3091.5,3450321.6000000001,598172.80000000005,32691.099999999999,164075.20000000001,1.3999999999999999,4.7999999999999998,116858.8,10.800000000000001,318,156395.70000000001,86130.5,49053.800000000003,5.7999999999999998,1041.0999999999999,0.80000000000000004,24217.900000000001,25,0,0,0,0,37986536,12368440,26205746,31122.799999999999,1568.3,25618068,587678,21553152,16695296,350879744,77819904,75153408,350879744,158208000,161202176,350879744,158547968,161566720,350879744,158547968,161566720,350879744,321167360,332877824,350879744,346984448,358649856,350879744,0,0,0,33,33,71456,0,0,0,0,0,0,0,0,0,0,0,0,0,0,0,0,0,0,0,0,0,0,0,0,0,0,0,0,0,0,ok
variants,sax-default-fallback,NodePerformanceTest-glb,5,false,4836313.4000000004,14702.400000000001,350.19999999999999,14352.200000000001,485833.90000000002,268753.09999999998,3334.6999999999998,939.69999999999993,880.39999999999998,3253.3000000000002,3429981.7000000002,602370.59999999998,31305.299999999999,167408.60000000001,1.7,6.5999999999999996,119892.5,10.5,281.5,158778.60000000001,83310.399999999994,48107.599999999999,4.7999999999999998,1075.0999999999999,0.80000000000000004,23430.200000000001,26,0,0,0,0,37986536,12368440,26205746,29490.799999999999,1814.5,25618068,587678,22454272,18857984,350879744,77058048,74452992,350879744,158138368,160694272,350879744,158711808,161280000,350879744,158711808,161280000,350879744,321007616,331927552,350879744,346869760,357662720,350879744,0,0,0,33,33,71456,0,0,0,0,0,0,0,0,0,0,0,0,0,0,0,0,0,0,0,0,0,0,0,0,0,0,0,0,0,0,ok
variants,sax-default-fallback,NodePerformanceTest-glb,6,false,4900163.7999999998,15263.199999999999,338.39999999999998,14924.799999999999,488817.40000000002,273278.20000000001,3258.1999999999998,944.30000000000018,897.89999999999998,3181.5999999999999,3464121.2999999998,624506.40000000002,30891,167501.89999999999,1.5,6.5,137942.39999999999,10.800000000000001,297.19999999999999,164412.10000000001,82401.5,47993.599999999999,4.5999999999999996,1027,0.69999999999999996,22849.099999999999,26.100000000000001,0,0,0,0,37986536,12368440,26205746,29253.799999999999,1637.2,25618068,587678,22233088,18567168,350879744,77168640,75194368,350879744,157990912,161316864,350879744,158400512,161759232,350879744,158400512,161759232,350879744,320688128,333021184,350879744,346513408,358772736,350879744,0,0,0,33,33,71456,0,0,0,0,0,0,0,0,0,0,0,0,0,0,0,0,0,0,0,0,0,0,0,0,0,0,0,0,0,0,ok
variants,sax-default-scalar-unique-fallback,NodePerformanceTest-glb,0,false,2255778.6000000001,15067.6,461.19999999999999,14606.4,494643.5,270056.20000000001,3171.5,974.5,930.10000000000014,3011.1999999999998,836019.40000000002,606015.5,30774.900000000001,164566.20000000001,1.2,5.5,113687.3,10,281.69999999999999,158797.5,93808.699999999997,50034.599999999999,5.5,1024.2,0.69999999999999996,23730.799999999999,23.699999999999999,0,0,0,0,37986536,12368440,26205746,29221.900000000001,1553,25618068,587678,21041152,16289792,346599424,76861440,78045184,346599424,157945856,159735808,346599424,158285824,160100352,346599424,159043584,160825344,346599424,320479232,331030528,346599424,346365952,356921344,346599424,0,0,0,33,33,71456,0,0,0,0,0,0,0,0,0,0,0,0,0,0,0,0,0,0,0,0,0,0,0,0,0,0,0,0,0,0,ok
variants,sax-default-scalar-unique-fallback,NodePerformanceTest-glb,1,false,2232486.1000000001,15136.9,353,14783.9,491989.29999999999,268349.20000000001,3264.9000000000001,1070.7999999999997,1026.5999999999999,3132.1999999999998,816975.19999999995,605821.80000000005,30917.100000000002,165801.10000000001,1.5,5.0999999999999996,116717.7,11.5,285.60000000000002,162955.89999999999,88663.199999999997,46228.300000000003,5.5,1071.3,0.69999999999999996,24010.599999999999,27.099999999999998,0,0,0,0,37986536,12368440,26205746,29409.700000000001,1507.4000000000001,25618068,587678,22114304,18571264,346599424,76967936,77467648,346599424,157925376,160342016,346599424,158404608,160784384,346599424,159174656,161431552,346599424,325046272,336748544,346599424,350842880,362463232,350842880,0,0,0,33,33,71456,0,0,0,0,0,0,0,0,0,0,0,0,0,0,0,0,0,0,0,0,0,0,0,0,0,0,0,0,0,0,ok
variants,sax-default-scalar-unique-fallback,NodePerformanceTest-glb,2,false,2260927.3999999999,14595,361,14234,484089.79999999999,285580.70000000001,3404.6999999999998,1105.8,1058.6000000000001,3324.9000000000001,819060.59999999998,622421.59999999998,31744.600000000002,187310.89999999999,1.2,6.2999999999999998,114526.2,11.5,237,153686.70000000001,91282.199999999997,50977.400000000001,5.2000000000000002,1046.2,0.69999999999999996,23266.700000000001,24.800000000000001,0,0,0,0,37986536,12368440,26205746,30146.900000000001,1597.7,25618068,587678,22220800,19243008,350842880,77479936,77750272,350842880,158412800,161153024,350842880,158822400,161517568,350842880,159518720,162119680,350842880,323903488,335663104,350842880,349671424,361365504,350842880,0,0,0,33,33,71456,0,0,0,0,0,0,0,0,0,0,0,0,0,0,0,0,0,0,0,0,0,0,0,0,0,0,0,0,0,0,ok
variants,sax-default-scalar-unique-fallback,NodePerformanceTest-glb,3,false,2223721,14516.699999999999,340.39999999999998,14176.299999999999,488923.20000000001,267804.70000000001,3235.1999999999998,850.50000000000011,796.89999999999975,3155.5999999999999,831662.30000000005,583799.30000000005,33750.199999999997,161189.29999999999,1.2,6.7000000000000002,117802.10000000001,11.1,402.80000000000001,154532.60000000001,78208.899999999994,46800.900000000001,5.7999999999999998,982.29999999999995,1,23786.099999999999,34.899999999999999,0,0,0,0,37986536,12368440,26205746,32265,1485.2,25618068,587678,22528000,20115456,350842880,77451264,75202560,350842880,157872128,160575488,350842880,158306304,161017856,350842880,159084544,161746944,350842880,320663552,332247040,350842880,346513408,357978112,350842880,0,0,0,33,33,71456,0,0,0,0,0,0,0,0,0,0,0,0,0,0,0,0,0,0,0,0,0,0,0,0,0,0,0,0,0,0,ok
variants,sax-default-scalar-unique-fallback,NodePerformanceTest-glb,4,false,2238576.5,14592.6,330.19999999999999,14262.4,497963.79999999999,262936.90000000002,3046.6999999999998,900,855.5,2966.1999999999998,839469.80000000005,589316.09999999998,31211.299999999999,163826.70000000001,1.6000000000000001,6.7000000000000002,115545.2,10.6,276.30000000000001,156241.29999999999,80548,47898.900000000001,6.9000000000000004,1134.7,0.90000000000000002,23763.900000000001,22.699999999999999,0,0,0,0,37986536,12368440,26205746,29726.599999999999,1484.7,25618068,587678,22364160,18513920,350842880,76972032,74211328,350842880,158035968,160432128,350842880,158375936,160796672,350842880,159154176,161464320,350842880,320815104,332152832,350842880,346640384,357883904,350842880,0,0,0,33,33,71456,0,0,0,0,0,0,0,0,0,0,0,0,0,0,0,0,0,0,0,0,0,0,0,0,0,0,0,0,0,0,ok
variants,sax-default-scalar-unique-fallback,NodePerformanceTest-glb,5,false,2217089.7000000002,14644.1,307.39999999999998,14336.700000000001,486663.70000000001,262558.40000000002,3101.8000000000002,895.10000000000025,838.79999999999995,3008.1999999999998,823231.69999999995,596287.40000000002,30571.599999999999,162536,1.1000000000000001,6.2000000000000002,114069.3,23.600000000000001,295.19999999999999,156193.10000000001,85922.600000000006,52544.199999999997,5.7999999999999998,1060.3,0.69999999999999996,23558.099999999999,23.600000000000001,0,0,0,0,37986536,12368440,26205746,29058.099999999999,1513.5,25618068,587678,22642688,19181568,350842880,77225984,74526720,350842880,158187520,160350208,350842880,158490624,160571392,350842880,159244288,161300480,350842880,320712704,331735040,350842880,346583040,357519360,350842880,0,0,0,33,33,71456,0,0,0,0,0,0,0,0,0,0,0,0,0,0,0,0,0,0,0,0,0,0,0,0,0,0,0,0,0,0,ok
variants,sax-default-scalar-unique-fallback,NodePerformanceTest-glb,6,false,2259512.5,15643.800000000001,354.69999999999999,15289.1,488325.70000000001,304180.40000000002,3299.1999999999998,1002.9000000000001,948.60000000000014,3218.1999999999998,822431.09999999998,595081.80000000005,30511,162264.10000000001,1.5,7.2000000000000002,126448.3,10.6,287.69999999999999,155085.70000000001,79074.199999999997,48449,6.7000000000000002,1026.9000000000001,0.80000000000000004,22366.200000000001,22.699999999999999,0,0,0,0,37986536,12368440,26205746,28937.599999999999,1573.4000000000001,25618068,587678,22519808,18771968,350842880,77418496,75157504,350842880,158171136,160391168,350842880,158588928,160768000,350842880,159354880,161513472,350842880,320765952,331579392,350842880,346611712,357281792,350842880,0,0,0,33,33,71456,0,0,0,0,0,0,0,0,0,0,0,0,0,0,0,0,0,0,0,0,0,0,0,0,0,0,0,0,0,0,ok
variants,sax-default-scalar-unique-fallback,NodePerformanceTest-glb,7,false,2239648.8999999999,14854.5,333.69999999999999,14520.799999999999,510640.20000000001,268841.79999999999,3152.0999999999999,942.60000000000002,883.29999999999995,3061.4000000000001,826546.40000000002,584046.80000000005,31535.799999999999,165298,1.3999999999999999,5.5,114060.60000000001,9.6999999999999993,276.69999999999999,152142.10000000001,79156.5,47791.699999999997,5.7999999999999998,1085.8,0.69999999999999996,24155.799999999999,24.399999999999999,0,0,0,0,37986536,12368440,26205746,30000.799999999999,1535,25618068,587678,22257664,19185664,350842880,77017088,74178560,350842880,158007296,160182272,350842880,158441472,160653312,350842880,159219712,161443840,350842880,320782336,331497472,350842880,346595328,357253120,350842880,0,0,0,33,33,71456,0,0,0,0,0,0,0,0,0,0,0,0,0,0,0,0,0,0,0,0,0,0,0,0,0,0,0,0,0,0,ok
variants,sax-default-scalar-unique-fallback,NodePerformanceTest-glb,8,false,2222747.3999999999,17366.799999999999,420.5,16946.299999999999,492971.79999999999,262052.5,3127.5999999999999,888.70000000000005,826.10000000000002,3052.1999999999998,824904.19999999995,591762.19999999995,30521.799999999999,164969.70000000001,1.7,5.7999999999999998,119477.8,10.6,272.80000000000001,154215.5,79115.600000000006,49792.900000000001,5.9000000000000004,1061.9000000000001,0.80000000000000004,22777.900000000001,22,0,0,0,0,37986536,12368440,26205746,28957.299999999999,1564.5,25618068,587678,21856256,18644992,350842880,77287424,75735040,350842880,158109696,160894976,350842880,158314496,161116160,350842880,159059968,161755136,350842880,320929792,332603392,350842880,346763264,358395904,350842880,0,0,0,33,33,71456,0,0,0,0,0,0,0,0,0,0,0,0,0,0,0,0,0,0,0,0,0,0,0,0,0,0,0,0,0,0,ok
variants,sax-default-scalar-unique-fallback,NodePerformanceTest-glb,9,false,2233798.8999999999,14777.199999999999,317.30000000000001,14459.9,486717.20000000001,262783.90000000002,3220.6999999999998,937.99999999999989,890.69999999999993,3146.1999999999998,838293.69999999995,597160.5,30807.900000000001,161984.29999999999,1.5,5.5,114489.39999999999,10.300000000000001,262.89999999999998,162306.79999999999,85426.5,46985.400000000001,5.0999999999999996,1014.8,0.80000000000000004,24610.400000000001,23.300000000000001,0,0,0,0,37986536,12368440,26205746,29315.200000000001,1492.7,25618068,587678,21581824,17571840,350842880,99368960,99041280,350842880,159805440,162312192,350842880,160145408,162676736,350842880,160882688,163389440,350842880,322338816,333557760,350842880,348119040,359260160,350842880,0,0,0,33,33,71456,0,0,0,0,0,0,0,0,0,0,0,0,0,0,0,0,0,0,0,0,0,0,0,0,0,0,0,0,0,0,ok
variants,sax-disable-root,NodePerformanceTest-glb,0,false,1168799.3999999999,14748.5,342.5,14406,502762.29999999999,0.29999999999999999,22.600000000000001,7.2000000000000002,6.7000000000000002,9.8000000000000007,1.3,618602.80000000005,32640.399999999998,163351.20000000001,1.3999999999999999,4.7000000000000002,117769.8,10,266.19999999999999,164702.10000000001,82868.899999999994,62868.699999999997,4.9000000000000004,1177.7,1.5,25514.299999999999,25.699999999999999,0,0,0,0,37986536,12368440,26205746,31022.099999999999,1618.3,25618068,587678,20090880,16171008,259375104,74768384,77328384,259375104,74768384,77328384,259375104,74768384,77328384,259375104,74768384,77328384,259375104,233541632,240091136,259375104,259452928,265965568,259452928,0,0,0,1,1,2,0,0,0,0,0,0,0,0,0,0,0,0,0,0,0,0,0,0,0,0,0,0,0,0,0,0,0,0,0,0,ok
variants,sax-disable-root,NodePerformanceTest-glb,1,false,1168485,14769.700000000001,353.69999999999999,14416,490693.29999999999,0.29999999999999999,21.5,6.5999999999999996,6,9.4000000000000004,1.3,632008.40000000002,30971.800000000003,162286,1.2,4.7000000000000002,131715.10000000001,15.699999999999999,437,171165,92853.199999999997,48653.599999999999,4.5999999999999996,1164.2,1.3999999999999999,23648.200000000001,23,0,0,0,0,37986536,12368440,26205746,29347.900000000001,1623.9000000000001,25618068,587678,20598784,16384000,259452928,75550720,77451264,259452928,75550720,77451264,259452928,75550720,77451264,259452928,75550720,77451264,259452928,233271296,239628288,259452928,259182592,265535488,259452928,0,0,0,1,1,2,0,0,0,0,0,0,0,0,0,0,0,0,0,0,0,0,0,0,0,0,0,0,0,0,0,0,0,0,0,0,ok
variants,sax-disable-root,NodePerformanceTest-glb,2,false,1142273.7,14654.200000000001,351.5,14302.700000000001,490668.40000000002,0.40000000000000002,22.800000000000001,6.5999999999999996,6.0999999999999996,10.699999999999999,1.3999999999999999,605909.09999999998,30997.5,175349.29999999999,1.5,5.4000000000000004,115608.89999999999,10.4,276.39999999999998,155611.39999999999,81111.899999999994,53361.5,4.5,1036.0999999999999,0.80000000000000004,23457.700000000001,38.399999999999999,0,0,0,0,37986536,12368440,26205746,29468,1529.5,25618068,587678,20520960,15798272,259452928,74846208,74231808,259452928,74846208,74231808,259452928,74846208,74231808,259452928,74846208,74231808,259452928,234721280,241504256,259452928,260562944,267304960,260562944,0,0,0,1,1,2,0,0,0,0,0,0,0,0,0,0,0,0,0,0,0,0,0,0,0,0,0,0,0,0,0,0,0,0,0,0,ok
variants,sax-disable-root,NodePerformanceTest-glb,3,false,1134987.7,14721.5,344.39999999999998,14377.1,508790.79999999999,0.69999999999999996,22.800000000000001,6.4000000000000004,5.9000000000000004,10.1,1.3999999999999999,580785.30000000005,30645.200000000001,158693.10000000001,1.3,6,113711.5,11.300000000000001,260.69999999999999,160263.10000000001,77673.199999999997,46810.300000000003,4.4000000000000004,1022.6,0.69999999999999996,22267.400000000001,24.5,0,0,0,0,37986536,12368440,26205746,29192.299999999999,1452.9000000000001,25618068,587678,20541440,16474112,260562944,76668928,77897728,260562944,76668928,77897728,260562944,76668928,77897728,260562944,76668928,77897728,260562944,233709568,240648192,260562944,259514368,266321920,260562944,0,0,0,1,1,2,0,0,0,0,0,0,0,0,0,0,0,0,0,0,0,0,0,0,0,0,0,0,0,0,0,0,0,0,0,0,ok
variants,sax-disable-root,NodePerformanceTest-glb,4,false,1144593.7,14853.4,386,14467.4,504040,0.40000000000000002,39.899999999999999,22.699999999999999,22.300000000000001,10.5,1.5,595208.40000000002,30429.5,162578.79999999999,1.3,5.0999999999999996,118000.5,11.4,268.30000000000001,157017.5,83478.300000000003,50026.900000000001,4.5,1048.3,1.1000000000000001,22704,25.100000000000001,0,0,0,0,37986536,12368440,26205746,28937.900000000001,1491.5999999999999,25618068,587678,21393408,19759104,260562944,76808192,75845632,260562944,76808192,75845632,260562944,76808192,75845632,260562944,76808192,75845632,260562944,233152512,240275456,260562944,258957312,265949184,260562944,0,0,0,1,1,2,0,0,0,0,0,0,0,0,0,0,0,0,0,0,0,0,0,0,0,0,0,0,0,0,0,0,0,0,0,0,ok
variants,sax-disable-root,NodePerformanceTest-glb,5,false,1149809.8999999999,15329.6,415.69999999999999,14913.9,502677.29999999999,0.29999999999999999,24.5,7,6.2999999999999998,9.5,1.3,600254.19999999995,31500.099999999999,159961.79999999999,1.6000000000000001,8.8000000000000007,125391.2,10.9,267.39999999999998,156711.89999999999,81030.100000000006,46491.400000000001,4.7000000000000002,1054.4000000000001,0.69999999999999996,29245.299999999999,26.599999999999998,0,0,0,0,37986536,12368440,26205746,29976,1524.0999999999999,25618068,587678,21012480,17653760,260562944,76390400,74059776,260562944,76390400,74059776,260562944,76390400,74059776,260562944,76390400,74059776,260562944,233332736,239779840,260562944,259153920,265453568,260562944,0,0,0,1,1,2,0,0,0,0,0,0,0,0,0,0,0,0,0,0,0,0,0,0,0,0,0,0,0,0,0,0,0,0,0,0,ok
variants,sax-disable-root,NodePerformanceTest-glb,6,false,1127315,14985.299999999999,321.39999999999998,14663.9,485299.79999999999,0.40000000000000002,23,6.7999999999999998,6.2999999999999998,10,1.8,595689.09999999998,31294.599999999999,164693.79999999999,1.2,6.2000000000000002,114032.8,10.9,309.39999999999998,155631,88308.100000000006,48871.5,5.2000000000000002,1053,0.80000000000000004,22692.700000000001,24.700000000000003,0,0,0,0,37986536,12368440,26205746,29805.799999999999,1488.8,25618068,587678,21348352,17035264,260562944,75788288,73183232,260562944,75788288,73183232,260562944,75788288,73183232,260562944,75788288,73183232,260562944,233291776,240152576,260562944,259100672,265826304,260562944,0,0,0,1,1,2,0,0,0,0,0,0,0,0,0,0,0,0,0,0,0,0,0,0,0,0,0,0,0,0,0,0,0,0,0,0,ok
variants,sax-disable-root,NodePerformanceTest-glb,7,false,1135961.2,14855,317.60000000000002,14537.4,501699,0.40000000000000002,23,7.0999999999999996,6.7999999999999998,10,1.3999999999999999,588776.69999999995,30587.199999999997,159022.70000000001,1.3999999999999999,5.4000000000000004,121009.3,11.699999999999999,265.30000000000001,158658.5,77744.600000000006,47779.300000000003,4.4000000000000004,1027.0999999999999,1,23185.5,25.099999999999998,0,0,0,0,37986536,12368440,26205746,29107.599999999999,1479.5999999999999,25618068,587678,21483520,17711104,260562944,76742656,74092544,260562944,76742656,74092544,260562944,76742656,74092544,260562944,76742656,74092544,260562944,233295872,240414720,260562944,259112960,266125312,260562944,0,0,0,1,1,2,0,0,0,0,0,0,0,0,0,0,0,0,0,0,0,0,0,0,0,0,0,0,0,0,0,0,0,0,0,0,ok
variants,sax-disable-root,NodePerformanceTest-glb,8,false,1130019.7,15064,372.89999999999998,14691.1,489495.20000000001,0.29999999999999999,23,6.5999999999999996,6.2000000000000002,10.5,1.3,594806.5,30609.799999999999,159971.10000000001,1.3999999999999999,6.9000000000000004,120719.60000000001,10,281.80000000000001,157468.70000000001,81334.699999999997,49210,4.7000000000000002,1053.4000000000001,1.1000000000000001,24663.799999999999,24,0,0,0,0,37986536,12368440,26205746,29063.700000000001,1546.0999999999999,25618068,587678,20635648,16838656,260562944,78794752,80723968,260562944,78794752,80723968,260562944,78794752,80723968,260562944,78794752,80723968,260562944,233480192,240197632,260562944,259268608,265867264,260562944,0,0,0,1,1,2,0,0,0,0,0,0,0,0,0,0,0,0,0,0,0,0,0,0,0,0,0,0,0,0,0,0,0,0,0,0,ok
variants,sax-disable-root,NodePerformanceTest-glb,9,false,1129277,14575.799999999999,344.80000000000001,14231,485584.40000000002,0.29999999999999999,24.199999999999999,7.4000000000000004,6.7999999999999998,10.4,1.8,597981,31088.599999999999,165059.39999999999,1.2,5.7000000000000002,120777.7,10.5,250.69999999999999,159894.79999999999,79677.899999999994,48507.199999999997,4.4000000000000004,1079,0.80000000000000004,22646.700000000001,23.899999999999999,0,0,0,0,37986536,12368440,26205746,29603.599999999999,1485,25618068,587678,21520384,17739776,260562944,77074432,74510336,260562944,77074432,74510336,260562944,77074432,74510336,260562944,77074432,74510336,260562944,233439232,240410624,260562944,259227648,266100736,260562944,0,0,0,1,1,2,0,0,0,0,0,0,0,0,0,0,0,0,0,0,0,0,0,0,0,0,0,0,0,0,0,0,0,0,0,0,ok
variants,sax-indexed-fallback,NodePerformanceTest-glb,0,false,4884542.0999999996,14949.5,342.89999999999998,14606.6,503980.70000000001,0.20000000000000001,4647.3000000000002,1843.5999999999997,1794.5999999999999,4453.8999999999996,3702608.6000000001,627846,30485.5,162417.10000000001,1.1000000000000001,4.7000000000000002,141738.20000000001,11.699999999999999,281.19999999999999,161342.5,81525,52940.099999999999,5,1112.3,1.2,26412.5,23.399999999999999,0,0,0,0,37986536,12368440,26205746,28899,1586.5,25618068,587678,20242432,15265792,259510272,75649024,78417920,259510272,75649024,78417920,259510272,75681792,78635008,259510272,75681792,78635008,259510272,233889792,240107520,259510272,259858432,266072064,259858432,0,0,0,33,33,71456,0,0,0,0,0,0,0,0,0,0,0,0,0,0,0,0,0,0,0,0,0,0,0,0,0,0,0,0,0,0,ok
variants,sax-indexed-fallback,NodePerformanceTest-glb,1,false,4813163.2999999998,16874.399999999998,396.80000000000001,16477.599999999999,489753.40000000002,0.20000000000000001,4710.6999999999998,1847,1806.5999999999999,4508.3000000000002,3656881.5,613907.40000000002,31011.200000000001,174193,1.1000000000000001,4,115702.39999999999,10,253.19999999999999,165419.79999999999,84328.600000000006,48408.400000000001,4.2000000000000002,1086.9000000000001,0.90000000000000002,24441.599999999999,23.300000000000001,0,0,0,0,37986536,12368440,26205746,29456.700000000001,1554.5,25618068,587678,20951040,17145856,259858432,76095488,79261696,259858432,76095488,79261696,259858432,76132352,79286272,259858432,76132352,79286272,259858432,233885696,240222208,259858432,259801088,266141696,259858432,0,0,0,33,33,71456,0,0,0,0,0,0,0,0,0,0,0,0,0,0,0,0,0,0,0,0,0,0,0,0,0,0,0,0,0,0,ok
variants,sax-indexed-fallback,NodePerformanceTest-glb,2,false,4810907,14836.300000000001,338.60000000000002,14497.700000000001,495385.5,0.20000000000000001,4632.5,1870.6000000000004,1817.3999999999999,4455.8000000000002,3661252,603613.69999999995,31162.299999999999,165882.29999999999,1,4.7999999999999998,118831.7,10.1,251.69999999999999,162499.60000000001,82004,47578.599999999999,4.4000000000000004,1052.0999999999999,0.90000000000000002,25437.5,24.199999999999999,0,0,0,0,37986536,12368440,26205746,29556.200000000001,1606.0999999999999,25618068,587678,21458944,17494016,259858432,76161024,74813440,259858432,76161024,74813440,259858432,76206080,74846208,259858432,76206080,74846208,259858432,233762816,240193536,259858432,259674112,266145792,259858432,0,0,0,33,33,71456,0,0,0,0,0,0,0,0,0,0,0,0,0,0,0,0,0,0,0,0,0,0,0,0,0,0,0,0,0,0,ok
variants,sax-indexed-fallback,NodePerformanceTest-glb,3,false,5076886,14753,395.80000000000001,14357.200000000001,496359.90000000002,0.29999999999999999,4685.1999999999998,1879.4999999999998,1836.8000000000004,4473.3999999999996,3863543.6000000001,665295.19999999995,32223.700000000001,164089.10000000001,1.2,4.4000000000000004,124605.7,10.800000000000001,285.5,193064.10000000001,92188.399999999994,51423.800000000003,7.2999999999999998,1222.4000000000001,1,38333.900000000001,25.400000000000002,0,0,0,0,37986536,12368440,26205746,30692.900000000001,1530.8,25618068,587678,21516288,17211392,259858432,76951552,77168640,259858432,76951552,77168640,259858432,76963840,77180928,259858432,76963840,77180928,259858432,234790912,242020352,259858432,260628480,267689984,260628480,0,0,0,33,33,71456,0,0,0,0,0,0,0,0,0,0,0,0,0,0,0,0,0,0,0,0,0,0,0,0,0,0,0,0,0,0,ok
variants,sax-indexed-fallback,NodePerformanceTest-glb,4,false,4966347.7999999998,15099.300000000001,381.19999999999999,14718.1,507467.29999999999,0.20000000000000001,4945.3999999999996,1939.5,1859.8,4744.6999999999998,3752345.2999999998,655519.40000000002,30940.700000000001,210668.5,1.2,4.5999999999999996,122559.5,10.800000000000001,294.60000000000002,155088.5,93040.399999999994,49255.300000000003,4.9000000000000004,1048.4000000000001,0.90000000000000002,23476.900000000001,26.300000000000001,0,0,0,0,37986536,12368440,26205746,29346.5,1594.2,25618068,587678,22134784,18870272,260628480,77701120,78520320,260628480,77701120,78520320,260628480,77725696,78618624,260628480,77725696,78618624,260628480,234225664,241192960,260628480,260009984,266862592,260628480,0,0,0,33,33,71456,0,0,0,0,0,0,0,0,0,0,0,0,0,0,0,0,0,0,0,0,0,0,0,0,0,0,0,0,0,0,ok
variants,sax-indexed-fallback,NodePerformanceTest-glb,5,false,5331179.2999999998,14468.4,337.39999999999998,14131,516053.79999999999,0.20000000000000001,4742.1999999999998,1831.5,1783.5,4557.8999999999996,4162419,602947.09999999998,30524.400000000001,163670.39999999999,1.1000000000000001,4.2999999999999998,122937.2,11.6,301.5,159499.20000000001,81285.100000000006,49751.400000000001,4.7999999999999998,1044.5999999999999,1.1000000000000001,24370.400000000001,31.799999999999997,0,0,0,0,37986536,12368440,26205746,29081.400000000001,1443,25618068,587678,22073344,18644992,260628480,77258752,74985472,260628480,77258752,74985472,260628480,77307904,75415552,260628480,77307904,75415552,260628480,233951232,240844800,260628480,259706880,266514432,260628480,0,0,0,33,33,71456,0,0,0,0,0,0,0,0,0,0,0,0,0,0,0,0,0,0,0,0,0,0,0,0,0,0,0,0,0,0,ok
variants,sax-indexed-fallback,NodePerformanceTest-glb,6,false,5703808,14955.4,351.60000000000002,14603.799999999999,507753.29999999999,0.20000000000000001,6178.1999999999998,2427.5999999999999,2339.3000000000002,5990.1999999999998,4314183.7000000002,826701.59999999998,34009,233604.20000000001,1.6000000000000001,4.4000000000000004,125416.39999999999,11.4,299.60000000000002,254552.39999999999,133205.39999999999,54646.199999999997,5.2999999999999998,1137.0999999999999,1.3,23760.900000000001,22.899999999999999,0,0,0,0,37986536,12368440,26205746,32539.700000000001,1469.3,25618068,587678,21893120,18522112,260628480,79228928,78860288,260628480,79228928,78860288,260628480,79245312,79081472,260628480,79249408,79081472,260628480,234024960,241074176,260628480,259801088,266788864,260628480,0,0,0,33,33,71456,0,0,0,0,0,0,0,0,0,0,0,0,0,0,0,0,0,0,0,0,0,0,0,0,0,0,0,0,0,0,ok
variants,sax-indexed-scalar-unique-fallback,NodePerformanceTest-glb,0,false,2355841.5,14800.199999999999,315.39999999999998,14484.799999999999,538698.90000000002,0.20000000000000001,4657.6000000000004,1827.1000000000004,1758.2000000000003,4466,1125361.2,631271.30000000005,41025,175531.20000000001,1.3,4.5999999999999996,123435.5,10.4,333.60000000000002,171315.10000000001,83802,49776.099999999999,5.2999999999999998,1108.3,0.80000000000000004,25875.299999999999,29.200000000000003,0,0,0,0,37986536,12368440,26205746,39088.300000000003,1936.7,25618068,587678,20664320,15994880,259690496,76439552,76881920,259690496,76439552,76881920,259690496,76468224,77529088,259690496,76951552,77946880,259690496,234225664,240599040,259690496,260096000,266481664,260096000,0,0,0,33,33,71456,0,0,0,0,0,0,0,0,0,0,0,0,0,0,0,0,0,0,0,0,0,0,0,0,0,0,0,0,0,0,ok
variants,sax-indexed-scalar-unique-fallback,NodePerformanceTest-glb,1,false,2575255.6000000001,15029,386.89999999999998,14642.1,612915.09999999998,0.29999999999999999,5642.3000000000002,2304.5999999999999,2249.7000000000003,5450.1000000000004,1234445.3,670710.59999999998,36486.800000000003,174255.20000000001,1.3,5.5,128522.3,11.1,308.60000000000002,182437.20000000001,88782.300000000003,67363.800000000003,4.7000000000000002,1102.5999999999999,1.3999999999999999,27855.900000000001,26.399999999999999,0,0,0,0,37986536,12368440,26205746,34927.5,1559.3,25618068,587678,21176320,16343040,260096000,74739712,73043968,260096000,74739712,73043968,260096000,74772480,73064448,260096000,75259904,73551872,260096000,233865216,240099328,260096000,259821568,266051584,260096000,0,0,0,33,33,71456,0,0,0,0,0,0,0,0,0,0,0,0,0,0,0,0,0,0,0,0,0,0,0,0,0,0,0,0,0,0,ok
variants,sax-indexed-scalar-unique-fallback,NodePerformanceTest-glb,2,false,2511253.8999999999,15006.9,350,14656.9,621048.19999999995,0.20000000000000001,4723.1999999999998,1841.1999999999998,1789.0000000000002,4532.1000000000004,1237103.2,600727.19999999995,32617,162785.89999999999,1.2,5,126499.2,10.9,272,159021.29999999999,79436.199999999997,48374.5,4.9000000000000004,1029.7,1,23216.400000000001,27.700000000000003,0,0,0,0,37986536,12368440,26205746,31103.599999999999,1513.4000000000001,25618068,587678,21401600,16445440,260096000,77918208,78782464,260096000,77918208,78782464,260096000,77922304,79101952,260096000,78409728,79532032,260096000,235274240,242241536,260096000,261029888,267911168,261029888,0,0,0,33,33,71456,0,0,0,0,0,0,0,0,0,0,0,0,0,0,0,0,0,0,0,0,0,0,0,0,0,0,0,0,0,0,ok
variants,sax-indexed-scalar-unique-fallback,NodePerformanceTest-glb,3,false,2427020.7000000002,14729.300000000001,342.10000000000002,14387.200000000001,499246.79999999999,0.29999999999999999,4532.8999999999996,1815.6000000000001,1765.0999999999999,4330.3000000000002,1135326.3999999999,740957.40000000002,32167.400000000001,173332.60000000001,1.2,5.5999999999999996,129360.8,11,283.69999999999999,243352.60000000001,92172.600000000006,75268,6.9000000000000004,1166.7,0.90000000000000002,25929.400000000001,27.600000000000001,0,0,0,0,37986536,12368440,26205746,30610.900000000001,1556.5,25618068,587678,21991424,17629184,261029888,77012992,76533760,261029888,77012992,76533760,261029888,77021184,76541952,261029888,77410304,76869632,261029888,234291200,241262592,261029888,260075520,266932224,261029888,0,0,0,33,33,71456,0,0,0,0,0,0,0,0,0,0,0,0,0,0,0,0,0,0,0,0,0,0,0,0,0,0,0,0,0,0,ok
variants,sax-indexed-scalar-unique-fallback,NodePerformanceTest-glb,4,false,2513529.6000000001,15540.199999999999,245.30000000000001,15294.9,565561.90000000002,0.29999999999999999,7018,2898.7999999999997,2798.9000000000005,6685.8999999999996,1187755.8,706493.59999999998,31133,249713.29999999999,1.1000000000000001,5.2999999999999998,130149.60000000001,11.699999999999999,303.39999999999998,170437.39999999999,84237.5,47599.599999999999,4.7000000000000002,994.60000000000002,0.80000000000000004,22980.900000000001,22.5,0,0,0,0,37986536,12368440,26205746,29674.599999999999,1458.4000000000001,25618068,587678,22020096,18202624,261029888,76632064,73605120,261029888,76632064,73605120,261029888,76685312,75616256,261029888,77176832,76111872,261029888,233263104,240132096,261029888,259031040,265801728,261029888,0,0,0,33,33,71456,0,0,0,0,0,0,0,0,0,0,0,0,0,0,0,0,0,0,0,0,0,0,0,0,0,0,0,0,0,0,ok
variants,sax-indexed-scalar-unique-fallback,NodePerformanceTest-glb,5,false,2259179,14715.200000000001,312.69999999999999,14402.5,525409.19999999995,0.40000000000000002,4554,1814.0999999999992,1770.4000000000001,4370,1094953.1000000001,588025.69999999995,31497.400000000001,159400,1.1000000000000001,4.4000000000000004,122906.3,10.800000000000001,271.19999999999999,155329.60000000001,78025,47278.300000000003,6.7999999999999998,1084.7,0.90000000000000002,23652.900000000001,22.200000000000003,0,0,0,0,37986536,12368440,26205746,30004.5,1492.9000000000001,25618068,587678,21823488,19091456,261029888,76705792,73965568,261029888,76705792,73965568,261029888,76754944,74018816,261029888,77127680,74387456,261029888,233644032,240427008,261029888,259452928,266096640,261029888,0,0,0,33,33,71456,0,0,0,0,0,0,0,0,0,0,0,0,0,0,0,0,0,0,0,0,0,0,0,0,0,0,0,0,0,0,ok
variants,sax-indexed-scalar-unique-fallback,NodePerformanceTest-glb,6,false,2345490.6000000001,14876.9,344.5,14532.4,502759.20000000001,0.29999999999999999,4783.5,1940.2999999999995,1881.4000000000008,4577.1999999999998,1161890,622795.59999999998,38361.700000000004,166528.10000000001,1.5,6.2999999999999998,134095.20000000001,11,282.30000000000001,158965.39999999999,82775,52992.300000000003,5.2000000000000002,1046.4000000000001,0.80000000000000004,26029.299999999999,24.600000000000001,0,0,0,0,37986536,12368440,26205746,36815.900000000001,1545.8,25618068,587678,21364736,19386368,261029888,77381632,75128832,261029888,77381632,75128832,261029888,77443072,75399168,261029888,77803520,75755520,261029888,233914368,240676864,261029888,259788800,266366976,261029888,0,0,0,33,33,71456,0,0,0,0,0,0,0,0,0,0,0,0,0,0,0,0,0,0,0,0,0,0,0,0,0,0,0,0,0,0,ok
variants,sax-indexed-scalar-unique-fallback,NodePerformanceTest-glb,7,false,2734708.8999999999,18531.799999999999,368.80000000000001,18163,594721.80000000005,0.29999999999999999,4761.1000000000004,1882.2,1838.1000000000004,4554.1999999999998,1377298.1000000001,708380.59999999998,30988.600000000002,221420.39999999999,1.2,4.7000000000000002,147205.20000000001,11.1,274.19999999999999,168800.79999999999,95408.600000000006,50649.900000000001,5.4000000000000004,1051,0.59999999999999998,23491.299999999999,24.099999999999998,0,0,0,0,37986536,12368440,26205746,29508.200000000001,1480.4000000000001,25618068,587678,22073344,18874368,261029888,77291520,74719232,261029888,77291520,74719232,261029888,77336576,74764288,261029888,77811712,75128832,261029888,234205184,240746496,261029888,260022272,266416128,261029888,0,0,0,33,33,71456,0,0,0,0,0,0,0,0,0,0,0,0,0,0,0,0,0,0,0,0,0,0,0,0,0,0,0,0,0,0,ok
variants,sax-indexed-scalar-unique-fallback,NodePerformanceTest-glb,8,false,2619514.7999999998,15754.9,346.39999999999998,15408.5,589447.59999999998,0.29999999999999999,5518.6000000000004,2191.1000000000008,2052.8999999999996,5230.6999999999998,1315689,660783.5,32295.099999999999,194949.70000000001,1.1000000000000001,4.7000000000000002,123676.5,11.300000000000001,311.30000000000001,177510,83698,55270.099999999999,5.2000000000000002,1033.0999999999999,0.69999999999999996,24255.5,23.600000000000001,0,0,0,0,37986536,12368440,26205746,30732.299999999999,1562.8,25618068,587678,22142976,19025920,261029888,76738560,74170368,261029888,76738560,74170368,261029888,76787712,74489856,261029888,77107200,74604544,261029888,233836544,240713728,261029888,259674112,266383360,261029888,0,0,0,33,33,71456,0,0,0,0,0,0,0,0,0,0,0,0,0,0,0,0,0,0,0,0,0,0,0,0,0,0,0,0,0,0,ok
variants,sax-indexed-scalar-unique-fallback,NodePerformanceTest-glb,9,false,2323979.7000000002,15642.9,357,15285.9,524795.30000000005,0.29999999999999999,4772.3999999999996,1841.7000000000003,1795.4999999999998,4585.8999999999996,1106394.3,641056.69999999995,31292,163951.89999999999,1.1000000000000001,4.2000000000000002,116080.2,10.199999999999999,289.80000000000001,163353.60000000001,112689.39999999999,57358.099999999999,5,1219.5999999999999,2,26035,24.199999999999999,0,0,0,0,37986536,12368440,26205746,29799,1493,25618068,587678,22110208,19816448,261029888,80195584,81735680,261029888,80195584,81735680,261029888,80216064,81756160,261029888,80519168,82014208,261029888,234049536,240844800,261029888,259850240,266514432,261029888,0,0,0,33,33,71456,0,0,0,0,0,0,0,0,0,0,0,0,0,0,0,0,0,0,0,0,0,0,0,0,0,0,0,0,0,0,ok
variants,sax-ordered-fallback,NodePerformanceTest-glb,0,false,4708869.5999999996,14420.5,347,14073.5,507694.40000000002,0.29999999999999999,3901.5999999999999,1886.2999999999995,1826.7000000000003,3711.9000000000001,3511985.8999999999,640672.59999999998,30167.400000000001,181806.10000000001,1.1000000000000001,4.7999999999999998,125473.89999999999,11.4,267.69999999999999,166428.89999999999,94570.699999999997,47099.300000000003,4.9000000000000004,1123.5,1.2,23820.799999999999,22.899999999999999,0,0,0,0,37986536,12368440,26205746,28648,1519.4000000000001,25618068,587678,21282816,16769024,259928064,75591680,76673024,259928064,75591680,76673024,259928064,75620352,76955648,259928064,75620352,76955648,259928064,233775104,240091136,259928064,259702784,266014720,259928064,0,0,0,33,33,71456,0,0,0,0,0,0,0,0,0,0,0,0,0,0,0,0,0,0,0,0,0,0,0,0,0,0,0,0,0,0,ok
variants,sax-ordered-fallback,NodePerformanceTest-glb,1,false,4644551.7999999998,14434,455.30000000000001,13978.700000000001,510022.59999999998,0.29999999999999999,3929.0999999999999,1827.9000000000003,1781.7,3729.1999999999998,3461178.8999999999,624339.59999999998,30618.799999999999,167298.20000000001,1.1000000000000001,4,120999,11,257.10000000000002,168013.70000000001,91340.800000000003,49095.300000000003,5.2999999999999998,1054.5999999999999,1,26196.400000000001,25.900000000000002,0,0,0,0,37986536,12368440,26205746,29010.599999999999,1608.2,25618068,587678,21217280,16936960,259928064,76709888,78520320,259928064,76709888,78520320,259928064,76722176,78528512,259928064,76722176,78528512,259928064,234037248,240435200,259928064,259952640,266379264,259952640,0,0,0,33,33,71456,0,0,0,0,0,0,0,0,0,0,0,0,0,0,0,0,0,0,0,0,0,0,0,0,0,0,0,0,0,0,ok
variants,sax-ordered-fallback,NodePerformanceTest-glb,2,false,4615322.5999999996,16405.599999999999,305.10000000000002,16100.5,499326.20000000001,0.29999999999999999,3789.1999999999998,1765.9999999999998,1713.1999999999996,3599,3441790.2999999998,623553.09999999998,30431,160567.10000000001,1.1000000000000001,4.7999999999999998,116534.2,11.199999999999999,295.30000000000001,189793.10000000001,82344.100000000006,48079.400000000001,5,1029.5999999999999,0.80000000000000004,24829.799999999999,25.099999999999998,0,0,0,0,37986536,12368440,26205746,28916.700000000001,1514.3,25618068,587678,21430272,17219584,259952640,76500992,75231232,259952640,76500992,75231232,259952640,76541952,75280384,259952640,76541952,75280384,259952640,233791488,240283648,259952640,259670016,266194944,259952640,0,0,0,33,33,71456,0,0,0,0,0,0,0,0,0,0,0,0,0,0,0,0,0,0,0,0,0,0,0,0,0,0,0,0,0,0,ok
variants,sax-ordered-fallback,NodePerformanceTest-glb,3,false,4634709,14585.400000000001,360.69999999999999,14224.700000000001,495572,0.29999999999999999,3932.4000000000001,1828.3000000000004,1785.0000000000005,3737.6999999999998,3495175.3999999999,595215.59999999998,30202.5,174770,1,4.5999999999999996,113514.39999999999,11.6,267.60000000000002,155806.10000000001,77610.399999999994,48969.099999999999,5.2999999999999998,1046.0999999999999,0.80000000000000004,23150.5,24.199999999999999,0,0,0,0,37986536,12368440,26205746,28731.099999999999,1471.4000000000001,25618068,587678,22220800,18841600,259952640,77062144,76603392,259952640,77062144,76603392,259952640,77074432,76652544,259952640,77074432,76652544,259952640,233910272,241291264,259952640,259735552,266964992,259952640,0,0,0,33,33,71456,0,0,0,0,0,0,0,0,0,0,0,0,0,0,0,0,0,0,0,0,0,0,0,0,0,0,0,0,0,0,ok
variants,sax-ordered-fallback,NodePerformanceTest-glb,4,false,4641186.4000000004,14516.700000000001,352,14164.700000000001,500752.40000000002,0.29999999999999999,3707.6999999999998,1776.3,1720.9000000000001,3507.0999999999999,3496259.5,594911,31013,165970.20000000001,1,4.2999999999999998,117394.2,11.300000000000001,323.80000000000001,155175.5,78445.600000000006,49740.400000000001,4.5999999999999996,1049,1,26731.5,25.600000000000001,0,0,0,0,37986536,12368440,26205746,29528,1485,25618068,587678,22036480,18051072,259952640,77393920,75161600,259952640,77393920,75161600,259952640,77434880,75231232,259952640,77434880,75231232,259952640,233779200,240529408,259952640,259584000,266203136,259952640,0,0,0,33,33,71456,0,0,0,0,0,0,0,0,0,0,0,0,0,0,0,0,0,0,0,0,0,0,0,0,0,0,0,0,0,0,ok
variants,sax-ordered-fallback,NodePerformanceTest-glb,5,false,4637503.2000000002,14636.4,371.30000000000001,14265.1,495216.20000000001,0.29999999999999999,3743.5,1714.2,1668.4000000000003,3557.1999999999998,3477226.5,616443.09999999998,30210.799999999999,158162.89999999999,1.3,4.7999999999999998,119260.39999999999,15.800000000000001,454.10000000000002,186933.10000000001,78700.699999999997,48340.900000000001,4.5,1004.5,0.80000000000000004,23490.900000000001,30.399999999999999,0,0,0,0,37986536,12368440,26205746,28770.5,1440.3,25618068,587678,22036480,18669568,259952640,76832768,74141696,259952640,76832768,74141696,259952640,76873728,74182656,259952640,76873728,74182656,259952640,233598976,240185344,259952640,259444736,265859072,259952640,0,0,0,33,33,71456,0,0,0,0,0,0,0,0,0,0,0,0,0,0,0,0,0,0,0,0,0,0,0,0,0,0,0,0,0,0,ok
variants,sax-ordered-fallback,NodePerformanceTest-glb,6,false,4623265.9000000004,14565.099999999999,342.80000000000001,14222.299999999999,482180.90000000002,0.29999999999999999,3898,1756.9000000000003,1712.1000000000001,3704.8000000000002,3477971.6000000001,613783.90000000002,30402.700000000001,174205.10000000001,1.2,4.7999999999999998,116403.39999999999,10.1,285.60000000000002,155629.5,87970,53391.300000000003,4.7999999999999998,1152.5999999999999,1.1000000000000001,24639.799999999999,27.699999999999999,0,0,0,0,37986536,12368440,26205746,28961.700000000001,1441,25618068,587678,22253568,18591744,259952640,77377536,75079680,259952640,77377536,75079680,259952640,77422592,75124736,259952640,77422592,75124736,259952640,233394176,239906816,259952640,259215360,265580544,259952640,0,0,0,33,33,71456,0,0,0,0,0,0,0,0,0,0,0,0,0,0,0,0,0,0,0,0,0,0,0,0,0,0,0,0,0,0,ok
variants,sax-ordered-fallback,NodePerformanceTest-glb,7,false,4633476.7000000002,14885,292.69999999999999,14592.299999999999,516675,0.40000000000000002,3796.6999999999998,1807.4000000000003,1760.2000000000005,3593.6999999999998,3459863.7999999998,608111.09999999998,30119.5,162085.20000000001,1.3999999999999999,4.7000000000000002,129251.3,10.9,263.30000000000001,162756.5,80871.800000000003,48629.599999999999,4.4000000000000004,1017.7,0.80000000000000004,23154.900000000001,25.400000000000002,0,0,0,0,37986536,12368440,26205746,28640.900000000001,1478.5999999999999,25618068,587678,22163456,19603456,259952640,77340672,74686464,259952640,77340672,74686464,259952640,77385728,74735616,259952640,77385728,74735616,259952640,233578496,240529408,259952640,259399680,266203136,259952640,0,0,0,33,33,71456,0,0,0,0,0,0,0,0,0,0,0,0,0,0,0,0,0,0,0,0,0,0,0,0,0,0,0,0,0,0,ok
variants,sax-ordered-fallback,NodePerformanceTest-glb,8,false,4694781.5999999996,16748.900000000001,325.39999999999998,16423.5,544711.69999999995,0.40000000000000002,3978.3000000000002,1943.8999999999999,1861.3999999999999,3790.1999999999998,3480505,618573.69999999995,30234.599999999999,166432.29999999999,0.90000000000000002,4.7999999999999998,128819.8,11.6,338.19999999999999,160068.89999999999,90577.899999999994,48459.199999999997,4.5999999999999996,1008.9,0.80000000000000004,22788.299999999999,25.100000000000001,0,0,0,0,37986536,12368440,26205746,28709,1525.5999999999999,25618068,587678,22044672,18735104,259952640,78356480,78045184,259952640,78356480,78045184,259952640,78376960,78344192,259952640,78376960,78344192,259952640,234024960,240930816,259952640,259829760,266604544,259952640,0,0,0,33,33,71456,0,0,0,0,0,0,0,0,0,0,0,0,0,0,0,0,0,0,0,0,0,0,0,0,0,0,0,0,0,0,ok
variants,sax-ordered-fallback,NodePerformanceTest-glb,9,false,4623555.2999999998,14315.5,339,13976.5,488386.5,0.40000000000000002,3691.6999999999998,1747.8999999999996,1705.3999999999999,3492.9000000000001,3442448.2000000002,641909.69999999995,32776.800000000003,165152.39999999999,1.3999999999999999,6.4000000000000004,127719.89999999999,10.6,300.19999999999999,172707,87580.5,58911.699999999997,4.5999999999999996,1063.5,0.80000000000000004,28381.400000000001,25.5,0,0,0,0,37986536,12368440,26205746,31358,1418.8,25618068,587678,21958656,18100224,259952640,98209792,97349632,259952640,98209792,97349632,259952640,98230272,97349632,259952640,98230272,97349632,259952640,234766336,241397760,259952640,260485120,267071488,260485120,0,0,0,33,33,71456,0,0,0,0,0,0,0,0,0,0,0,0,0,0,0,0,0,0,0,0,0,0,0,0,0,0,0,0,0,0,ok
variants,sax-scalar-unique-fallback,NodePerformanceTest-glb,0,false,2304819.1000000001,17482.700000000001,492.5,16990.200000000001,616165.59999999998,0.29999999999999999,3911,1834.8000000000009,1789.2,3725.1999999999998,880942.59999999998,749281.5,37007.099999999999,190715.39999999999,1.5,3.8999999999999999,138063.10000000001,11,361.10000000000002,219412.39999999999,100402.8,67299.199999999997,4.7999999999999998,1076.3,1,31869.5,26.899999999999999,0,0,0,0,37986536,12368440,26205746,33784.099999999999,3223,25618068,587678,21401600,17666048,259801088,75993088,78606336,259801088,75993088,78606336,259801088,76005376,78606336,259801088,76500992,79101952,259801088,234102784,240484352,259801088,260001792,266399744,260001792,0,0,0,33,33,71456,0,0,0,0,0,0,0,0,0,0,0,0,0,0,0,0,0,0,0,0,0,0,0,0,0,0,0,0,0,0,ok
variants,sax-scalar-unique-fallback,NodePerformanceTest-glb,1,false,2265043.7999999998,14664.5,298.60000000000002,14365.9,497798,0.29999999999999999,4555.3000000000002,2236,2170,4363.5,996424.59999999998,720795.19999999995,30779.900000000001,198472,1.8,6,163763.89999999999,15.300000000000001,499,184631.60000000001,95088,52623.099999999999,4.7999999999999998,1055.3,1.6000000000000001,24575.599999999999,25,0,0,0,0,37986536,12368440,26205746,29281.900000000001,1498,25618068,587678,21684224,17625088,260001792,75837440,75276288,260001792,75837440,75276288,260001792,75890688,75599872,260001792,76324864,75816960,260001792,233545728,239685632,260001792,259444736,265613312,260001792,0,0,0,33,33,71456,0,0,0,0,0,0,0,0,0,0,0,0,0,0,0,0,0,0,0,0,0,0,0,0,0,0,0,0,0,0,ok
variants,sax-scalar-unique-fallback,NodePerformanceTest-glb,2,false,2300957.3999999999,15140.1,367,14773.1,553849.69999999995,0.29999999999999999,3895.0999999999999,1831.2,1789.5,3701.5999999999999,881415.19999999995,808566,38010.799999999996,252104.29999999999,1.3999999999999999,4.2999999999999998,151142.60000000001,11,282.69999999999999,221950.39999999999,102475.3,52903.400000000001,5.5999999999999996,1060.4000000000001,1.6000000000000001,26556,27.900000000000002,0,0,0,0,37986536,12368440,26205746,36500.599999999999,1510.2,25618068,587678,21364736,16510976,260001792,76369920,76443648,260001792,76369920,76443648,260001792,76398592,76472320,260001792,76886016,76902400,260001792,234455040,241541120,260001792,260235264,267235328,260235264,0,0,0,33,33,71456,0,0,0,0,0,0,0,0,0,0,0,0,0,0,0,0,0,0,0,0,0,0,0,0,0,0,0,0,0,0,ok
variants,sax-scalar-unique-fallback,NodePerformanceTest-glb,3,false,2193423.7999999998,18834.600000000002,323.19999999999999,18511.400000000001,675269.09999999998,0.29999999999999999,4065.3000000000002,1931.1000000000001,1862.4000000000003,3871.5,862467.69999999995,602812.80000000005,29946.299999999999,160882.29999999999,1.2,4,115630.60000000001,23.5,929.39999999999998,162558.89999999999,85951.600000000006,52050.599999999999,4.7000000000000002,1056.9000000000001,1.1000000000000001,23659.5,25.300000000000001,0,0,0,0,37986536,12368440,26205746,28483.099999999999,1463.2,25618068,587678,22024192,18423808,260235264,76726272,74833920,260235264,76726272,74833920,260235264,76775424,75055104,260235264,77262848,75542528,260235264,233517056,240406528,260235264,259358720,266080256,260235264,0,0,0,33,33,71456,0,0,0,0,0,0,0,0,0,0,0,0,0,0,0,0,0,0,0,0,0,0,0,0,0,0,0,0,0,0,ok
variants,sax-scalar-unique-fallback,NodePerformanceTest-glb,4,false,1985072.5,15432.400000000001,384.69999999999999,15047.700000000001,523137.79999999999,0.29999999999999999,3936.9000000000001,1808.2999999999995,1766.2000000000003,3746.9000000000001,801903.90000000002,606802.90000000002,33818.699999999997,162080.29999999999,1.3999999999999999,4.4000000000000004,117293.60000000001,12.300000000000001,321.30000000000001,163565.5,86987.899999999994,49604.199999999997,5.0999999999999996,1027.0999999999999,1,25825.299999999999,40.899999999999999,0,0,0,0,37986536,12368440,26205746,31939.5,1879.2,25618068,587678,21405696,17485824,260235264,77484032,74977280,260235264,77484032,74977280,260235264,77529088,75022336,260235264,78016512,75509760,260235264,233377792,240287744,260235264,259190784,265961472,260235264,0,0,0,33,33,71456,0,0,0,0,0,0,0,0,0,0,0,0,0,0,0,0,0,0,0,0,0,0,0,0,0,0,0,0,0,0,ok
variants,sax-scalar-unique-fallback,NodePerformanceTest-glb,5,false,1929706.8999999999,14731.4,375.39999999999998,14356,501619.79999999999,0.29999999999999999,3937.1999999999998,1855.8,1802.4999999999998,3747.1999999999998,773587.80000000005,605092.5,30712.099999999999,162844.5,1.1000000000000001,5.0999999999999996,128482.3,10.6,288.19999999999999,157811.10000000001,78918.300000000003,47814.599999999999,4.5999999999999996,1042.4000000000001,0.80000000000000004,27810.599999999999,25.800000000000001,0,0,0,0,37986536,12368440,26205746,29241.599999999999,1470.5,25618068,587678,21446656,18194432,260235264,77492224,75022336,260235264,77492224,75022336,260235264,77549568,75284480,260235264,78036992,75776000,260235264,233988096,240644096,260235264,259842048,266317824,260235264,0,0,0,33,33,71456,0,0,0,0,0,0,0,0,0,0,0,0,0,0,0,0,0,0,0,0,0,0,0,0,0,0,0,0,0,0,ok
variants,sax-scalar-unique-fallback,NodePerformanceTest-glb,6,false,1939792.8999999999,14562.9,374.30000000000001,14188.6,501156,0.29999999999999999,4203.8999999999996,2045.4000000000001,1993.4000000000001,4006.8000000000002,797362.59999999998,591687.09999999998,30791,158659.70000000001,1.1000000000000001,4.2999999999999998,118664.3,10.6,272.30000000000001,156358.39999999999,80360.300000000003,49751.699999999997,5.2000000000000002,1078.5,1,26459.900000000001,26,0,0,0,0,37986536,12368440,26205746,29300.599999999999,1490.4000000000001,25618068,587678,22126592,18251776,260235264,76980224,74391552,260235264,76980224,74391552,260235264,77033472,74440704,260235264,77393920,74801152,260235264,233832448,240603136,260235264,259645440,266276864,260235264,0,0,0,33,33,71456,0,0,0,0,0,0,0,0,0,0,0,0,0,0,0,0,0,0,0,0,0,0,0,0,0,0,0,0,0,0,ok
variants,sax-scalar-unique-fallback,NodePerformanceTest-glb,7,false,1970753,14425.299999999999,345.89999999999998,14079.4,524611.19999999995,0.29999999999999999,3919.5,1903.2000000000003,1832.8999999999996,3729.5,794020.40000000002,603617,30132.599999999999,166144.20000000001,1.1000000000000001,4.5,123552.60000000001,11.699999999999999,238.69999999999999,156742.29999999999,80808.699999999997,49606.199999999997,4.7000000000000002,1067.2,0.80000000000000004,25375.599999999999,24.800000000000001,0,0,0,0,37986536,12368440,26205746,28724.299999999999,1408.3,25618068,587678,22159360,18255872,260235264,76472320,74063872,260235264,76472320,74063872,260235264,76521472,75137024,260235264,77004800,75620352,260235264,233840640,240680960,260235264,259633152,266354688,260235264,0,0,0,33,33,71456,0,0,0,0,0,0,0,0,0,0,0,0,0,0,0,0,0,0,0,0,0,0,0,0,0,0,0,0,0,0,ok
variants,sax-scalar-unique-fallback,NodePerformanceTest-glb,8,false,1930839.8999999999,14540.4,340.80000000000001,14199.6,510137.79999999999,0.29999999999999999,4115.3999999999996,1883.0999999999997,1834.0000000000002,3928.0999999999999,777569,594081.09999999998,30370,161680.89999999999,1.3,4,118063.39999999999,10.699999999999999,304,159044.20000000001,82688.899999999994,48705.400000000001,4.5999999999999996,1035.5,0.90000000000000002,22482.200000000001,24.300000000000001,0,0,0,0,37986536,12368440,26205746,28906.099999999999,1463.9000000000001,25618068,587678,22319104,18223104,260235264,79736832,79405056,260235264,79736832,79405056,260235264,79753216,79417344,260235264,80015360,79679488,260235264,233930752,240975872,260235264,259710976,266645504,260235264,0,0,0,33,33,71456,0,0,0,0,0,0,0,0,0,0,0,0,0,0,0,0,0,0,0,0,0,0,0,0,0,0,0,0,0,0,ok
variants,sax-scalar-unique-fallback,NodePerformanceTest-glb,9,false,1939910.3,14447.9,334,14113.9,480708.70000000001,0.29999999999999999,3799.5999999999999,1764.6999999999998,1714.1999999999998,3600.8000000000002,789938.5,619811.80000000005,31169.299999999999,155487.60000000001,1.3999999999999999,4.2000000000000002,112844.10000000001,10.300000000000001,249.40000000000001,167064.70000000001,108075.89999999999,49680.5,4.7999999999999998,1067.9000000000001,1,25235,52,0,0,0,0,37986536,12368440,26205746,29720.700000000001,1448.5999999999999,25618068,587678,21528576,17575936,260235264,98025472,97447936,260235264,98025472,97447936,260235264,98033664,97447936,260235264,98107392,97447936,260235264,235216896,242237440,260235264,260931584,267907072,260931584,0,0,0,33,33,71456,0,0,0,0,0,0,0,0,0,0,0,0,0,0,0,0,0,0,0,0,0,0,0,0,0,0,0,0,0,0,ok
variants,sax-scalar-unique-fallback,NodePerformanceTest-glb,10,false,2063484.7,14544.5,374.30000000000001,14170.200000000001,483207.20000000001,0.29999999999999999,3749.0999999999999,1728.3999999999999,1686.8,3561.0999999999999,792575.80000000005,732834.19999999995,36547.800000000003,191629.70000000001,1.5,4.2999999999999998,130643.60000000001,10.6,294.19999999999999,182238.39999999999,102942.89999999999,90917.600000000006,4.7999999999999998,2324,2.3999999999999999,31761.099999999999,25.899999999999999,0,0,0,0,37986536,12368440,26205746,35092.900000000001,1454.9000000000001,25618068,587678,22372352,19263488,260931584,98156544,97914880,260931584,98156544,97914880,260931584,98156544,97914880,260931584,98168832,97820672,260931584,234930176,241520640,260931584,260640768,267194368,260931584,0,0,0,33,33,71456,0,0,0,0,0,0,0,0,0,0,0,0,0,0,0,0,0,0,0,0,0,0,0,0,0,0,0,0,0,0,ok
variants,sax-scalar-unique-fallback,NodePerformanceTest-glb,11,false,2018804.3,15249.300000000001,363.60000000000002,14885.700000000001,487465.29999999999,0.40000000000000002,3911.3000000000002,1818.2,1737.4000000000003,3718.6999999999998,839166.80000000005,639506.90000000002,33463.699999999997,179101.5,1.1000000000000001,4.2000000000000002,119342.60000000001,10.699999999999999,304,157326.60000000001,88488.399999999994,69471.800000000003,4.7999999999999998,1049.2,0.90000000000000002,24342.400000000001,25.699999999999999,0,0,0,0,37986536,12368440,26205746,32002.200000000001,1461.5,25618068,587678,22192128,17956864,260931584,99258368,98844672,260931584,99258368,98844672,260931584,99274752,98844672,260931584,99307520,98844672,260931584,235134976,242176000,260931584,260870144,267845632,260931584,0,0,0,33,33,71456,0,0,0,0,0,0,0,0,0,0,0,0,0,0,0,0,0,0,0,0,0,0,0,0,0,0,0,0,0,0,ok
variants,sax-scalar-unique-fallback,NodePerformanceTest-glb,12,false,2087027.5,15414.4,367.5,15046.9,483838.09999999998,0.29999999999999999,4236.8000000000002,2003.6000000000004,1955,4051,913295.5,634906.59999999998,35307,163748.60000000001,1.2,4.7999999999999998,123745.2,10.699999999999999,288,162644.20000000001,79982.300000000003,59498.099999999999,5.2000000000000002,1226.5,1.2,43674.300000000003,36.299999999999997,0,0,0,0,37986536,12368440,26205746,33586.599999999999,1720.4000000000001,25618068,587678,21790720,17817600,260931584,99106816,98721792,260931584,99106816,98721792,260931584,99110912,98721792,260931584,99151872,98721792,260931584,234938368,242139136,260931584,260743168,267808768,260931584,0,0,0,33,33,71456,0,0,0,0,0,0,0,0,0,0,0,0,0,0,0,0,0,0,0,0,0,0,0,0,0,0,0,0,0,0,ok
variants,sax-scalar-unique-fallback,NodePerformanceTest-glb,13,false,2055754.2,15498.5,316.19999999999999,15182.299999999999,497979.5,0.40000000000000002,3900.0999999999999,1835.3999999999999,1777.2,3691.4000000000001,868441,638942.59999999998,30965.700000000001,167762.60000000001,1.3,5.0999999999999996,119625.3,26.300000000000001,270.39999999999998,165143.60000000001,83093.199999999997,75470.399999999994,5.5999999999999996,1044.0999999999999,0.69999999999999996,26435.599999999999,25.699999999999999,0,0,0,0,37986536,12368440,26205746,29494.299999999999,1471.4000000000001,25618068,587678,22269952,18370560,260931584,100012032,99368960,260931584,100012032,99368960,260931584,100028416,99368960,260931584,100139008,99368960,260931584,235245568,242229248,260931584,260968448,267902976,260968448,0,0,0,33,33,71456,0,0,0,0,0,0,0,0,0,0,0,0,0,0,0,0,0,0,0,0,0,0,0,0,0,0,0,0,0,0,ok
variants,sax-scalar-unique-fallback,NodePerformanceTest-glb,14,false,2014304.1000000001,15131.200000000001,374.60000000000002,14756.6,486034.09999999998,0.29999999999999999,3942.5,1833.6000000000001,1789.1999999999998,3752.5999999999999,843169.69999999995,632507.5,33487.800000000003,175097.89999999999,1.3999999999999999,3.8999999999999999,123155.2,10.6,250,161454.79999999999,86506.600000000006,59004.800000000003,7.2999999999999998,1069.0999999999999,1,25877,27.699999999999999,0,0,0,0,37986536,12368440,26205746,31992.5,1495.3,25618068,587678,21417984,17297408,260968448,100126720,99643392,260968448,100126720,99643392,260968448,100159488,99643392,260968448,100257792,99643392,260968448,235048960,242200576,260968448,260759552,267874304,260968448,0,0,0,33,33,71456,0,0,0,0,0,0,0,0,0,0,0,0,0,0,0,0,0,0,0,0,0,0,0,0,0,0,0,0,0,0,ok
controls,current,ABeautifulGame-draco-glb,0,false,37885.400000000001,414.5,317.69999999999999,96.799999999999997,1300.2,0.10000000000000001,4677.8000000000002,2218.8000000000006,2164.7000000000003,4483.6000000000004,1682.4000000000001,1221,28571.299999999999,119,0.40000000000000002,2.7999999999999998,84.900000000000006,0.5,85.799999999999997,273,289.19999999999999,205.5,2.8999999999999999,6.5999999999999996,0.5,119.7,8.0999999999999996,0,0,0,0,12105252,22152,23432492,14754.5,13816.799999999999,12083069,11349423,6500352,1269760,30760960,6688768,1417216,30760960,6688768,1417216,30760960,6967296,1867776,30760960,6975488,1867776,30760960,7389184,2215936,30760960,30834688,25845760,30834688,0,0,0,33,33,71456,0,0,0,0,0,0,0,0,0,0,0,0,0,0,0,0,0,0,0,0,0,0,0,0,0,0,0,0,0,0,ok
controls,current,ABeautifulGame-draco-glb,1,false,36868.900000000001,386.5,306.39999999999998,80.099999999999994,1308.5999999999999,0,4313.8999999999996,2067.9999999999995,2009.1000000000001,4151.3000000000002,1711,1234.4000000000001,27896.700000000001,119.8,0.40000000000000002,2.8999999999999999,86.299999999999997,0.5,87,299.80000000000001,291.19999999999999,175.19999999999999,3.1000000000000001,6.9000000000000004,0.80000000000000004,129.5,8.0999999999999996,0,0,0,0,12105252,22152,23432492,13901.6,13995.1,12083069,11349423,6524928,1245184,30834688,6733824,1482752,30834688,6733824,1482752,30834688,7065600,1941504,30834688,7077888,1941504,30834688,7458816,2637824,30834688,30900224,25907200,30900224,0,0,0,33,33,71456,0,0,0,0,0,0,0,0,0,0,0,0,0,0,0,0,0,0,0,0,0,0,0,0,0,0,0,0,0,0,ok
controls,current,ABeautifulGame-draco-glb,2,false,41248,441.80000000000001,353.30000000000001,88.5,1311.8,0.10000000000000001,5628,2610.7000000000003,2527.5000000000009,5407.3000000000002,3531.5,1359.8,28950.400000000001,153,0.5,3.6000000000000001,88.900000000000006,0.59999999999999998,89.799999999999997,321.69999999999999,301.60000000000002,189.19999999999999,3.1000000000000001,6.9000000000000004,0.5,118.2,12.5,0,0,0,0,12105252,22152,23432492,14670.5,14279.9,12083069,11349423,6610944,1323008,30900224,6799360,1527808,30900224,6799360,1527808,30900224,7036928,1777664,30900224,7045120,1777664,30900224,7446528,2560000,30900224,30883840,26075136,30900224,0,0,0,33,33,71456,0,0,0,0,0,0,0,0,0,0,0,0,0,0,0,0,0,0,0,0,0,0,0,0,0,0,0,0,0,0,ok
controls,current,ABeautifulGame-draco-glb,3,false,37638.699999999997,375,299.30000000000001,75.700000000000003,1340.3,0.10000000000000001,4331.3000000000002,2150.7000000000003,2085.3000000000002,4046.5,1671.2,1241.5999999999999,28660.199999999997,137.59999999999999,0.5,2.8999999999999999,92.700000000000003,0.5,88,287.10000000000002,280.89999999999998,171.80000000000001,3,6.2999999999999998,0.5,139.40000000000001,8.3999999999999986,0,0,0,0,12105252,22152,23432492,14321.799999999999,14338.4,12083069,11349423,6578176,1384448,30900224,6791168,1654784,30900224,6791168,1654784,30900224,7106560,1830912,30900224,7114752,1830912,30900224,7495680,2375680,30900224,30920704,26124288,30920704,0,0,0,33,33,71456,0,0,0,0,0,0,0,0,0,0,0,0,0,0,0,0,0,0,0,0,0,0,0,0,0,0,0,0,0,0,ok
controls,current,ABeautifulGame-draco-glb,4,false,57363.900000000001,447,338.89999999999998,108.09999999999999,1310.8,0.10000000000000001,4318.5,2018.2,1941.5999999999999,4155.3000000000002,2161.1999999999998,1643.2,47456.099999999999,158.69999999999999,0.5,3.2000000000000002,91.5,0.40000000000000002,113.90000000000001,352.5,351.60000000000002,275.10000000000002,5.5,12.4,1.2,226.09999999999999,12.300000000000001,0,0,0,0,12105252,22152,23432492,16369.4,31086.700000000001,12083069,11349423,6656000,1589248,30920704,6852608,1810432,30920704,6852608,1810432,30920704,7077888,1806336,30920704,7086080,1806336,30920704,7503872,2392064,30920704,30928896,26464256,30928896,0,0,0,33,33,71456,0,0,0,0,0,0,0,0,0,0,0,0,0,0,0,0,0,0,0,0,0,0,0,0,0,0,0,0,0,0,ok
controls,current,ABeautifulGame-draco-glb,5,false,54133.800000000003,1272.7,1080.4000000000001,192.30000000000001,4181.6000000000004,0.29999999999999999,7836.8999999999996,3757.6999999999998,3642.4000000000001,7504.1999999999998,2821.5,2569.4000000000001,35417.199999999997,212.30000000000001,0.80000000000000004,4.2999999999999998,148.30000000000001,1.5,198.30000000000001,510.10000000000002,594.10000000000002,305.19999999999999,6.2000000000000002,13.699999999999999,1,515.79999999999995,16,0,0,0,0,12105252,22152,23432492,16554.599999999999,18862.599999999999,12083069,11349423,6619136,1400832,30928896,6774784,1490944,30928896,6774784,1490944,30928896,7135232,1957888,30928896,7143424,1957888,30928896,7524352,2400256,30928896,30949376,26574848,30949376,0,0,0,33,33,71456,0,0,0,0,0,0,0,0,0,0,0,0,0,0,0,0,0,0,0,0,0,0,0,0,0,0,0,0,0,0,ok
controls,current,ABeautifulGame-draco-glb,6,false,66568.699999999997,498.09999999999997,394.89999999999998,103.2,2056.5999999999999,0.5,6203.1000000000004,2647.6000000000004,2387.4000000000001,6005.8000000000002,4302.8000000000002,2079.8000000000002,51398.300000000003,213.30000000000001,0.90000000000000002,4.5,157.09999999999999,0.80000000000000004,140.69999999999999,491.60000000000002,476.89999999999998,298.39999999999998,4.5,11,0.90000000000000002,229.09999999999999,14.1,0,0,0,0,12105252,22152,23432492,27876.400000000001,23521.900000000001,12083069,11349423,6656000,1376256,30949376,6856704,1581056,30949376,6856704,1581056,30949376,7110656,1884160,30949376,7118848,1884160,30949376,7528448,2396160,30949376,30953472,26546176,30953472,0,0,0,33,33,71456,0,0,0,0,0,0,0,0,0,0,0,0,0,0,0,0,0,0,0,0,0,0,0,0,0,0,0,0,0,0,ok
controls,current,ABeautifulGame-draco-glb,7,false,48440.800000000003,462.5,350.89999999999998,111.59999999999999,2096.6999999999998,0.29999999999999999,6629.6000000000004,3236.7000000000007,3146.7000000000007,6348.1999999999998,2802.5999999999999,2310,34108.900000000001,218.59999999999999,0.80000000000000004,4.7000000000000002,155.40000000000001,0.80000000000000004,183.09999999999999,514.60000000000002,607.70000000000005,336.30000000000001,5.2999999999999998,13.300000000000001,0.90000000000000002,211.5,15.4,0,0,0,0,12105252,22152,23432492,15571,18537.900000000001,12083069,11349423,6651904,1388544,30953472,6840320,1540096,30953472,6840320,1540096,30953472,7163904,1970176,30953472,7172096,1970176,30953472,7553024,2400256,30953472,30990336,26472448,30990336,0,0,0,33,33,71456,0,0,0,0,0,0,0,0,0,0,0,0,0,0,0,0,0,0,0,0,0,0,0,0,0,0,0,0,0,0,ok
controls,current,ABeautifulGame-draco-glb,8,false,41154.800000000003,458.70000000000005,353.60000000000002,105.09999999999999,1436.5,0.29999999999999999,4340.1999999999998,2041.7999999999997,1972.9999999999995,4174.6000000000004,1712.5999999999999,1437,31749.5,119,0.5,2.7000000000000002,87.299999999999997,0.5,120.3,442.80000000000001,308.80000000000001,185.09999999999999,3.2000000000000002,6.5999999999999996,0.5,124.7,8.8999999999999986,0,0,0,0,12105252,22152,23432492,16216.1,15533.4,12083069,11349423,6688768,1388544,30990336,6881280,1585152,30990336,6881280,1585152,30990336,7127040,1896448,30990336,7135232,1896448,30990336,7548928,2412544,30990336,30961664,26288128,30990336,0,0,0,33,33,71456,0,0,0,0,0,0,0,0,0,0,0,0,0,0,0,0,0,0,0,0,0,0,0,0,0,0,0,0,0,0,ok
controls,current,ABeautifulGame-draco-glb,9,false,38185.800000000003,401.90000000000003,320.10000000000002,81.799999999999997,1327.3,0.10000000000000001,4214.1000000000004,1998.6999999999998,1939.8000000000004,4031.8000000000002,1683.8,1236.4000000000001,29304,133.59999999999999,0.5,2.6000000000000001,85.400000000000006,0.5,83.700000000000003,294.60000000000002,282.69999999999999,166.5,3,6.2999999999999998,0.69999999999999996,146,8,0,0,0,0,12105252,22152,23432492,15181.5,14122.5,12083069,11349423,6668288,1544192,30990336,6864896,1769472,30990336,6864896,1769472,30990336,7196672,1998848,30990336,7204864,1998848,30990336,7585792,2416640,30990336,31006720,26722304,31006720,0,0,0,33,33,71456,0,0,0,0,0,0,0,0,0,0,0,0,0,0,0,0,0,0,0,0,0,0,0,0,0,0,0,0,0,0,ok
controls,current,ABeautifulGame-draco-glb,10,false,48165.699999999997,417,337.19999999999999,79.799999999999997,1309.0999999999999,0.10000000000000001,4112.6000000000004,1893.5,1843.4999999999998,3951.9000000000001,1702.0999999999999,1442,39164.400000000001,113.7,0.5,2.7000000000000002,83.799999999999997,0.5,85.400000000000006,452.60000000000002,343,189,3.2999999999999998,6.5999999999999996,0.59999999999999998,126.90000000000001,8.6999999999999993,0,0,0,0,12105252,22152,23432492,19300.700000000001,19863.700000000001,12083069,11349423,6709248,1597440,31006720,6922240,1810432,31006720,6922240,1810432,31006720,7196672,2408448,31006720,7196672,2408448,31006720,7573504,2408448,31006720,30998528,26427392,31006720,0,0,0,33,33,71456,0,0,0,0,0,0,0,0,0,0,0,0,0,0,0,0,0,0,0,0,0,0,0,0,0,0,0,0,0,0,ok
controls,current,ABeautifulGame-draco-glb,11,false,47546.699999999997,427.39999999999998,351.5,75.900000000000006,1332.0999999999999,0.20000000000000001,5302.8999999999996,2459.3999999999996,2394.8999999999996,5138,3089.9000000000001,1889,35479.5,235.69999999999999,0.69999999999999996,5.0999999999999996,153.09999999999999,0.80000000000000004,151.30000000000001,446.19999999999999,502.80000000000001,196.5,3.2000000000000002,6.5999999999999996,0.5,134.09999999999999,12.100000000000001,0,0,0,0,12105252,22152,23432492,15074.6,20404.900000000001,12083069,11349423,6692864,1413120,31006720,6897664,1642496,31006720,6897664,1642496,31006720,7204864,2011136,31006720,7213056,2011136,31006720,7589888,2416640,31006720,31014912,26836992,31014912,0,0,0,33,33,71456,0,0,0,0,0,0,0,0,0,0,0,0,0,0,0,0,0,0,0,0,0,0,0,0,0,0,0,0,0,0,ok
controls,current,ABeautifulGame-draco-glb,12,false,58076.400000000001,497.70000000000005,397.80000000000001,99.900000000000006,2536.8000000000002,0.29999999999999999,7188.1999999999998,3364.7999999999997,3280.3000000000002,6923.3000000000002,3088.9000000000001,1406.4000000000001,43328.400000000001,146.80000000000001,0.5,3.3999999999999999,89.900000000000006,0.5,90.599999999999994,361.39999999999998,333.39999999999998,196.90000000000001,3.1000000000000001,7.2999999999999998,0.5,131.09999999999999,10.9,0,0,0,0,12105252,22152,23432492,19344.900000000001,23983.5,12083069,11349423,6725632,1576960,31014912,6901760,1785856,31014912,6901760,1785856,31014912,7172096,2412544,31014912,7180288,2412544,31014912,7569408,2412544,31014912,30994432,26566656,31014912,0,0,0,33,33,71456,0,0,0,0,0,0,0,0,0,0,0,0,0,0,0,0,0,0,0,0,0,0,0,0,0,0,0,0,0,0,ok
controls,current,ABeautifulGame-draco-glb,13,false,54527,531,434.19999999999999,96.799999999999997,2925.5,0.40000000000000002,7268.6999999999998,3524.0000000000005,3425.5999999999995,6952,2712.1999999999998,1434.3,39629.199999999997,137.19999999999999,0.5,2.8999999999999999,114.40000000000001,0.5,98.700000000000003,331.5,303.89999999999998,235.59999999999999,4.7999999999999998,10.6,0.80000000000000004,158.5,10.1,0,0,0,0,12105252,22152,23432492,20519.099999999999,19110.099999999999,12083069,11349423,6680576,1400832,31014912,6852608,1568768,31014912,6852608,1568768,31014912,7180288,1994752,31014912,7188480,1994752,31014912,7581696,2412544,31014912,31006720,26312704,31014912,0,0,0,33,33,71456,0,0,0,0,0,0,0,0,0,0,0,0,0,0,0,0,0,0,0,0,0,0,0,0,0,0,0,0,0,0,ok
controls,current,ABeautifulGame-draco-glb,14,false,42688.800000000003,412.39999999999998,337.5,74.900000000000006,1499,0.10000000000000001,4436,2091.0999999999999,2039.2,4243.3999999999996,2563.3000000000002,2634.6999999999998,31118.5,214.40000000000001,0.69999999999999996,4.7999999999999998,145.40000000000001,0.59999999999999998,159.40000000000001,484.89999999999998,587.60000000000002,633.5,5.7000000000000002,13,0.90000000000000002,328.30000000000001,15.300000000000001,0,0,0,0,12105252,22152,23432492,16726.5,14392,12083069,11349423,6750208,1531904,31014912,6918144,1851392,31014912,6918144,1851392,31014912,7168000,2027520,31014912,7176192,2027520,31014912,7573504,2416640,31014912,30998528,26312704,31014912,0,0,0,33,33,71456,0,0,0,0,0,0,0,0,0,0,0,0,0,0,0,0,0,0,0,0,0,0,0,0,0,0,0,0,0,0,ok
controls,sax-scalar-unique-fallback,ABeautifulGame-draco-glb,0,false,43355.300000000003,397.19999999999999,302.19999999999999,95,1202,0.10000000000000001,4012.6999999999998,1894.9999999999995,1828.4999999999998,3840.4000000000001,1424.9000000000001,1227.9000000000001,35073.199999999997,133.5,0.5,3,85.299999999999997,0.5,88.799999999999997,284.89999999999998,270.10000000000002,188.30000000000001,3.6000000000000001,6.2000000000000002,0.59999999999999998,131.19999999999999,8.3000000000000007,0,0,0,0,12105252,22152,23432492,17722.400000000001,17350.799999999999,12083069,11349423,6545408,1466368,30760960,6709248,1634304,30760960,6709248,1634304,30760960,6979584,1847296,30760960,6983680,1847296,30760960,7348224,2195456,30760960,30785536,25640960,30785536,0,0,0,33,33,71456,0,0,0,0,0,0,0,0,0,0,0,0,0,0,0,0,0,0,0,0,0,0,0,0,0,0,0,0,0,0,ok
controls,sax-scalar-unique-fallback,ABeautifulGame-draco-glb,1,false,41290.800000000003,479.10000000000002,373.30000000000001,105.8,2037,0.40000000000000002,4600.1999999999998,2170.8000000000002,2110.2000000000003,4336.6000000000004,1443.2,1400.5999999999999,31287.599999999999,122.3,0.5,2.7999999999999998,100.5,0.59999999999999998,77.299999999999997,262.89999999999998,281.69999999999999,286.60000000000002,4.4000000000000004,12.800000000000001,0.90000000000000002,209.19999999999999,11,0,0,0,0,12105252,22152,23432492,14864.4,16423.200000000001,12083069,11349423,6545408,1404928,30785536,6733824,1556480,30785536,6733824,1556480,30785536,7053312,1855488,30785536,7053312,1855488,30785536,7442432,2461696,30785536,30871552,25833472,30871552,0,0,0,33,33,71456,0,0,0,0,0,0,0,0,0,0,0,0,0,0,0,0,0,0,0,0,0,0,0,0,0,0,0,0,0,0,ok
controls,sax-scalar-unique-fallback,ABeautifulGame-draco-glb,2,false,47039.800000000003,416.10000000000002,325.5,90.599999999999994,2039.5,0.40000000000000002,5326.3000000000002,2573,2499.0999999999999,5057.3999999999996,2465.5,2503,34265.5,232.09999999999999,1.3,5.7000000000000002,171.69999999999999,0.80000000000000004,172.40000000000001,525.60000000000002,516.70000000000005,445.69999999999999,5,13.199999999999999,0.90000000000000002,321.89999999999998,14.300000000000001,0,0,0,0,12105252,22152,23432492,18909,15356.5,12083069,11349423,6537216,1310720,30871552,6733824,1523712,30871552,6733824,1523712,30871552,6979584,1843200,30871552,6983680,1843200,30871552,7389184,2170880,30871552,30830592,25755648,30871552,0,0,0,33,33,71456,0,0,0,0,0,0,0,0,0,0,0,0,0,0,0,0,0,0,0,0,0,0,0,0,0,0,0,0,0,0,ok
controls,sax-scalar-unique-fallback,ABeautifulGame-draco-glb,3,false,39976.099999999999,448,367,81,1203,0.10000000000000001,4016.3000000000002,1877.8999999999999,1819.1999999999998,3848.3000000000002,1443.5999999999999,1254.2,31593.599999999999,120.7,0.40000000000000002,2.6000000000000001,91.299999999999997,0.5,87,289.5,317.69999999999999,177.5,3.1000000000000001,6.4000000000000004,0.59999999999999998,126.2,8.5999999999999996,0,0,0,0,12105252,22152,23432492,16658.299999999999,14935.299999999999,12083069,11349423,6557696,1339392,30871552,6742016,1466368,30871552,6742016,1466368,30871552,7073792,1855488,30871552,7073792,1855488,30871552,7462912,2183168,30871552,30871552,25899008,30871552,0,0,0,33,33,71456,0,0,0,0,0,0,0,0,0,0,0,0,0,0,0,0,0,0,0,0,0,0,0,0,0,0,0,0,0,0,ok
controls,sax-scalar-unique-fallback,ABeautifulGame-draco-glb,4,false,41269.099999999999,427.39999999999998,349.69999999999999,77.700000000000003,1243.3,0.10000000000000001,4495.6000000000004,2213.2000000000003,2171.5,4326.6000000000004,1439.3,1265.5999999999999,32379.799999999999,124.09999999999999,0.40000000000000002,2.7999999999999998,85.799999999999997,0.5,88.700000000000003,334.69999999999999,276.19999999999999,190.09999999999999,3.2000000000000002,6.5999999999999996,0.5,121.5,8.0999999999999996,0,0,0,0,12105252,22152,23432492,14801.799999999999,17578,12083069,11349423,6541312,1323008,30871552,6766592,1548288,30871552,6766592,1548288,30871552,7016448,1773568,30871552,7016448,1773568,30871552,7467008,2187264,30871552,30875648,25776128,30875648,0,0,0,33,33,71456,0,0,0,0,0,0,0,0,0,0,0,0,0,0,0,0,0,0,0,0,0,0,0,0,0,0,0,0,0,0,ok
controls,sax-scalar-unique-fallback,ABeautifulGame-draco-glb,5,false,53134.900000000001,405.60000000000002,317.19999999999999,88.400000000000006,2365.5999999999999,0.20000000000000001,7119.6000000000004,3469.6999999999994,3406.5,6778.3000000000002,2635.5,2196.5999999999999,38387.099999999999,232.80000000000001,1.1000000000000001,4.4000000000000004,179.80000000000001,0.90000000000000002,147.30000000000001,491.69999999999999,544,317.10000000000002,5.5,13.199999999999999,0.80000000000000004,202.90000000000001,13.800000000000001,0,0,0,0,12105252,22152,23432492,18972.299999999999,19414.799999999999,12083069,11349423,6623232,1363968,30875648,6782976,1511424,30875648,6782976,1511424,30875648,7077888,1798144,30875648,7077888,1798144,30875648,7487488,2519040,30875648,30900224,25829376,30900224,0,0,0,33,33,71456,0,0,0,0,0,0,0,0,0,0,0,0,0,0,0,0,0,0,0,0,0,0,0,0,0,0,0,0,0,0,ok
controls,sax-scalar-unique-fallback,ABeautifulGame-draco-glb,6,false,36954.699999999997,395.89999999999998,313.30000000000001,82.599999999999994,1211.2,0.20000000000000001,4057,1916.8,1852.0999999999999,3889.3000000000002,1428.5999999999999,1275.8,28568.900000000001,145.59999999999999,0.5,2.5,82.799999999999997,0.5,77.900000000000006,285.89999999999998,295.10000000000002,224.5,3.2000000000000002,6.2999999999999998,0.59999999999999998,114.40000000000001,9,0,0,0,0,12105252,22152,23432492,14019.799999999999,14549.1,12083069,11349423,6660096,1462272,30900224,6828032,1642496,30900224,6828032,1642496,30900224,7073792,1929216,30900224,7073792,1929216,30900224,7528448,2543616,30900224,30961664,25976832,30961664,0,0,0,33,33,71456,0,0,0,0,0,0,0,0,0,0,0,0,0,0,0,0,0,0,0,0,0,0,0,0,0,0,0,0,0,0,ok
controls,sax-scalar-unique-fallback,ABeautifulGame-draco-glb,7,false,47012.699999999997,441.80000000000001,313.5,128.30000000000001,1236,0.10000000000000001,4572.6999999999998,2093.2000000000003,2041.4999999999993,4404.3999999999996,2056.8000000000002,1766,36917.900000000001,184.40000000000001,0.59999999999999998,4.0999999999999996,118.40000000000001,0.59999999999999998,102.2,388.39999999999998,421.30000000000001,285.5,4.4000000000000004,11,0.69999999999999996,176.69999999999999,11.5,0,0,0,0,12105252,22152,23432492,19856,17061.900000000001,12083069,11349423,6664192,1409024,30961664,6823936,1601536,30961664,6823936,1601536,30961664,7122944,1863680,30961664,7122944,1863680,30961664,7520256,2224128,30961664,30937088,26083328,30961664,0,0,0,33,33,71456,0,0,0,0,0,0,0,0,0,0,0,0,0,0,0,0,0,0,0,0,0,0,0,0,0,0,0,0,0,0,ok
controls,sax-scalar-unique-fallback,ABeautifulGame-draco-glb,8,false,44503,509.39999999999998,404.19999999999999,105.2,2054.6999999999998,0.29999999999999999,5687.8999999999996,2705.8000000000011,2635.6000000000004,5424.6000000000004,2175.4000000000001,2564.5,31484.799999999999,350.80000000000001,1.2,4.7999999999999998,294.89999999999998,1.3,220.5,542.79999999999995,510.10000000000002,337.80000000000001,4.7999999999999998,12,0.80000000000000004,231.90000000000001,14.399999999999999,0,0,0,0,12105252,22152,23432492,16555.299999999999,14929.5,12083069,11349423,6656000,1437696,30961664,6828032,1613824,30961664,6828032,1613824,30961664,7102464,1806336,30961664,7102464,1806336,30961664,7536640,2543616,30961664,30953472,26050560,30961664,0,0,0,33,33,71456,0,0,0,0,0,0,0,0,0,0,0,0,0,0,0,0,0,0,0,0,0,0,0,0,0,0,0,0,0,0,ok
controls,sax-scalar-unique-fallback,ABeautifulGame-draco-glb,9,false,37724.599999999999,422.69999999999999,317.19999999999999,105.5,1268.4000000000001,0.10000000000000001,4320.8999999999996,2047.1000000000001,2000.1999999999996,4116,1532.5999999999999,1232,28929.200000000001,124.3,0.40000000000000002,2.8999999999999999,89.099999999999994,0.5,88.599999999999994,329.10000000000002,276.89999999999998,164.09999999999999,3.5,6.7000000000000002,0.59999999999999998,115.8,8.5,0,0,0,0,12105252,22152,23432492,14344.5,14584.700000000001,12083069,11349423,6696960,1421312,30961664,6860800,1802240,30961664,6860800,1802240,30961664,7147520,2093056,30961664,7147520,2093056,30961664,7516160,2232320,30961664,30937088,26103808,30961664,0,0,0,33,33,71456,0,0,0,0,0,0,0,0,0,0,0,0,0,0,0,0,0,0,0,0,0,0,0,0,0,0,0,0,0,0,ok
controls,sax-scalar-unique-fallback,ABeautifulGame-draco-glb,10,false,37094.199999999997,410.79999999999995,306.89999999999998,103.90000000000001,1821.2,0.29999999999999999,4086.8000000000002,1953.4999999999998,1890,3917.6999999999998,1437.9000000000001,1223.5,28095.400000000001,119,0.40000000000000002,2.7999999999999998,88.700000000000003,0.5,88.5,292.5,294.80000000000001,186.59999999999999,2.8999999999999999,6.2999999999999998,0.5,111.5,7.6999999999999993,0,0,0,0,12105252,22152,23432492,14102.200000000001,13993.200000000001,12083069,11349423,6717440,1482752,30961664,6868992,1675264,30961664,6868992,1675264,30961664,7098368,1859584,30961664,7098368,1859584,30961664,7516160,2215936,30961664,30941184,26050560,30961664,0,0,0,33,33,71456,0,0,0,0,0,0,0,0,0,0,0,0,0,0,0,0,0,0,0,0,0,0,0,0,0,0,0,0,0,0,ok
controls,sax-scalar-unique-fallback,ABeautifulGame-draco-glb,11,false,44515,352.20000000000005,275.30000000000001,76.900000000000006,1234.0999999999999,0.20000000000000001,4010.0999999999999,1892.2000000000005,1835.4999999999998,3841.1999999999998,1429,1217,36254.5,121.5,0.5,2.7999999999999998,97.099999999999994,0.59999999999999998,78.400000000000006,309.30000000000001,291.30000000000001,168.09999999999999,2.8999999999999999,6.2000000000000002,0.5,108,8.0999999999999996,0,0,0,0,12105252,22152,23432492,17637.099999999999,18617.400000000001,12083069,11349423,6713344,1429504,30961664,6877184,1867776,30961664,6877184,1867776,30961664,7155712,2125824,30961664,7155712,2125824,30961664,7524352,2232320,30961664,30945280,26099712,30961664,0,0,0,33,33,71456,0,0,0,0,0,0,0,0,0,0,0,0,0,0,0,0,0,0,0,0,0,0,0,0,0,0,0,0,0,0,ok
controls,sax-scalar-unique-fallback,ABeautifulGame-draco-glb,12,false,48547.599999999999,420.69999999999999,347.39999999999998,73.299999999999997,1278.8,0.10000000000000001,4744.1999999999998,2303.1999999999998,2218.1000000000004,4519.1000000000004,1484.0999999999999,2027.8,38570.699999999997,138.30000000000001,0.40000000000000002,3.1000000000000001,129.90000000000001,0.69999999999999996,128.5,517.60000000000002,489.10000000000002,350.30000000000001,5,11.300000000000001,0.90000000000000002,210.19999999999999,11,0,0,0,0,12105252,22152,23432492,19406,19164.700000000001,12083069,11349423,6705152,1400832,30961664,6877184,1724416,30961664,6877184,1724416,30961664,7090176,1826816,30961664,7090176,1826816,30961664,7540736,2543616,30961664,30957568,26050560,30961664,0,0,0,33,33,71456,0,0,0,0,0,0,0,0,0,0,0,0,0,0,0,0,0,0,0,0,0,0,0,0,0,0,0,0,0,0,ok
controls,sax-scalar-unique-fallback,ABeautifulGame-draco-glb,13,false,51129.400000000001,472.89999999999998,370.69999999999999,102.2,1898.8,0.40000000000000002,6902.8999999999996,3426.6000000000008,3341.6000000000004,6642.8999999999996,2360.5999999999999,1955,37513.699999999997,201.09999999999999,0.80000000000000004,5.0999999999999996,170.90000000000001,0.69999999999999996,143.5,475.19999999999999,429.60000000000002,274.39999999999998,4.2999999999999998,10.199999999999999,0.80000000000000004,189.59999999999999,13.399999999999999,0,0,0,0,12105252,22152,23432492,17638.599999999999,19875.099999999999,12083069,11349423,6709248,1413120,30961664,6877184,1835008,30961664,6877184,1835008,30961664,7168000,2084864,30961664,7168000,2084864,30961664,7540736,2560000,30961664,30957568,26099712,30961664,0,0,0,33,33,71456,0,0,0,0,0,0,0,0,0,0,0,0,0,0,0,0,0,0,0,0,0,0,0,0,0,0,0,0,0,0,ok
controls,sax-scalar-unique-fallback,ABeautifulGame-draco-glb,14,false,58502.400000000001,2915.3000000000002,2807.4000000000001,107.90000000000001,2312.5,0.29999999999999999,7670.1999999999998,3658.0999999999999,3565,7353.1000000000004,2036.0999999999999,2150.3000000000002,41390.100000000006,232.80000000000001,0.69999999999999996,4.5999999999999996,157.59999999999999,0.80000000000000004,154.19999999999999,541.5,445.60000000000002,328.80000000000001,5.9000000000000004,11.199999999999999,0.80000000000000004,204,13.5,0,0,0,0,12105252,22152,23432492,20565.900000000001,20824.200000000001,12083069,11349423,6733824,1470464,30961664,6889472,1716224,30961664,6889472,1716224,30961664,7102464,1921024,30961664,7102464,1921024,30961664,7516160,2215936,30961664,30941184,26050560,30961664,0,0,0,33,33,71456,0,0,0,0,0,0,0,0,0,0,0,0,0,0,0,0,0,0,0,0,0,0,0,0,0,0,0,0,0,0,ok
controls,current,ABeautifulGame-glb,0,false,90660.100000000006,515.20000000000005,384.80000000000001,130.40000000000001,3419.0999999999999,0.20000000000000001,5432.8999999999996,2602.2999999999993,2534.1000000000004,5141,2730.9000000000001,1391.8,77147.199999999997,339.89999999999998,0.40000000000000002,2.7999999999999998,279,0.59999999999999998,60,275.30000000000001,105.2,220.09999999999999,2.7999999999999998,6.4000000000000004,0.5,62.100000000000001,6.6000000000000005,0,0,0,0,42977928,32208,61875787,54447.199999999997,22700,42945692,18930095,6479872,1228800,69279744,6684672,1421312,69279744,6684672,1421312,69279744,6971392,1769472,69279744,6979584,1769472,69279744,7479296,2899968,69279744,69373952,64421888,69373952,0,0,0,33,33,71456,0,0,0,0,0,0,0,0,0,0,0,0,0,0,0,0,0,0,0,0,0,0,0,0,0,0,0,0,0,0,ok
controls,current,ABeautifulGame-glb,1,false,85545.300000000003,379.29999999999995,296.19999999999999,83.099999999999994,2111.1999999999998,0.20000000000000001,4145.5,1981.4000000000003,1921.8000000000002,3943.3000000000002,2654.4000000000001,1320.2,74917.300000000003,318.5,0.5,2.7999999999999998,274.5,0.69999999999999996,61.100000000000001,267.60000000000002,91.400000000000006,180.5,3.1000000000000001,6.2999999999999998,0.5,80.299999999999997,6.5,0,0,0,0,42977928,32208,61875787,50558.599999999999,24358.700000000001,42945692,18930095,6537216,1323008,69373952,6742016,1478656,69373952,6742016,1478656,69373952,7090176,2060288,69373952,7098368,2060288,69373952,7573504,2375680,69373952,69459968,64794624,69459968,0,0,0,33,33,71456,0,0,0,0,0,0,0,0,0,0,0,0,0,0,0,0,0,0,0,0,0,0,0,0,0,0,0,0,0,0,ok
controls,current,ABeautifulGame-glb,2,false,82952.600000000006,441,346.39999999999998,94.599999999999994,1916.0999999999999,0.10000000000000001,4199.1999999999998,1989.0999999999997,1943.5999999999999,4032.1999999999998,2644.1999999999998,1307.5,72428,302.10000000000002,0.5,2.7000000000000002,256.19999999999999,0.5,67.099999999999994,260.89999999999998,118,196.19999999999999,2.7000000000000002,6.5999999999999996,0.5,60.600000000000001,6.7000000000000002,0,0,0,0,42977928,32208,61875787,49696.900000000001,22731.099999999999,42945692,18930095,6606848,1347584,69459968,6844416,1609728,69459968,6844416,1609728,69459968,7069696,1855488,69459968,7077888,1855488,69459968,7561216,2412544,69459968,69443584,64950272,69459968,0,0,0,33,33,71456,0,0,0,0,0,0,0,0,0,0,0,0,0,0,0,0,0,0,0,0,0,0,0,0,0,0,0,0,0,0,ok
controls,current,ABeautifulGame-glb,3,false,83178.699999999997,412.69999999999999,321,91.700000000000003,1923.2,0.20000000000000001,3992.5999999999999,1914.3000000000002,1861,3811,2653.4000000000001,1510.3,72669.299999999988,314.30000000000001,0.5,2.3999999999999999,281.89999999999998,0.5,92.5,396.10000000000002,126.59999999999999,191.19999999999999,2.7000000000000002,6.2999999999999998,0.80000000000000004,60.899999999999999,6.0999999999999996,0,0,0,0,42977928,32208,61875787,50307.699999999997,22361.599999999999,42945692,18930095,6557696,1462272,69459968,6746112,1486848,69459968,6746112,1486848,69459968,7118848,2093056,69459968,7127040,2093056,69459968,7602176,2404352,69459968,69476352,64929792,69476352,0,0,0,33,33,71456,0,0,0,0,0,0,0,0,0,0,0,0,0,0,0,0,0,0,0,0,0,0,0,0,0,0,0,0,0,0,ok
controls,current,ABeautifulGame-glb,4,false,80434.300000000003,434.60000000000002,345.19999999999999,89.400000000000006,1964.2,0.10000000000000001,3974.5999999999999,1893.3000000000004,1844.0000000000002,3807.1999999999998,2647.9000000000001,1336.0999999999999,70058.5,309.19999999999999,0.5,2.8999999999999999,263.80000000000001,0.59999999999999998,62.600000000000001,311.19999999999999,98.799999999999997,181.19999999999999,2.7999999999999998,6.4000000000000004,0.59999999999999998,62.100000000000001,6.1999999999999993,0,0,0,0,42977928,32208,61875787,48755,21303.5,42945692,18930095,6619136,1392640,69476352,6860800,1634304,69476352,6860800,1634304,69476352,7106560,1884160,69476352,7106560,1884160,69476352,7573504,2412544,69476352,69447680,65122304,69476352,0,0,0,33,33,71456,0,0,0,0,0,0,0,0,0,0,0,0,0,0,0,0,0,0,0,0,0,0,0,0,0,0,0,0,0,0,ok
controls,current,ABeautifulGame-glb,5,false,80922.899999999994,395.20000000000005,299.10000000000002,96.099999999999994,1913.4000000000001,0.10000000000000001,3922.6999999999998,1861.3,1808.5999999999999,3729.3000000000002,2556.3000000000002,1271.9000000000001,70847.799999999988,309,0.5,2.6000000000000001,266.60000000000002,0.59999999999999998,59,248.90000000000001,86.099999999999994,196.30000000000001,2.7999999999999998,6.4000000000000004,0.5,60.399999999999999,6.5,0,0,0,0,42977928,32208,61875787,48849.199999999997,21998.599999999999,42945692,18930095,6586368,1318912,69476352,6848512,1630208,69476352,6848512,1630208,69476352,7163904,2113536,69476352,7163904,2113536,69476352,7643136,2420736,69476352,69517312,65081344,69517312,0,0,0,33,33,71456,0,0,0,0,0,0,0,0,0,0,0,0,0,0,0,0,0,0,0,0,0,0,0,0,0,0,0,0,0,0,ok
controls,current,ABeautifulGame-glb,6,false,83049.5,391.39999999999998,307.19999999999999,84.200000000000003,1885.2,0.10000000000000001,4850.3000000000002,2297.4000000000005,2241.3000000000002,4689.1999999999998,2897.5999999999999,1322.7,71684.700000000012,309.60000000000002,0.5,2.6000000000000001,276.5,0.5,64.799999999999997,289.60000000000002,93.200000000000003,179.69999999999999,2.6000000000000001,6.2999999999999998,0.69999999999999996,62,6.5999999999999996,0,0,0,0,42977928,32208,61875787,49080.300000000003,22604.400000000001,42945692,18930095,6635520,1384448,69517312,6901760,1859584,69517312,6901760,1859584,69517312,7151616,2109440,69517312,7151616,2109440,69517312,7639040,2420736,69517312,69517312,65302528,69517312,0,0,0,33,33,71456,0,0,0,0,0,0,0,0,0,0,0,0,0,0,0,0,0,0,0,0,0,0,0,0,0,0,0,0,0,0,ok
controls,current,ABeautifulGame-glb,7,false,102943.2,440,346.5,93.5,2099.9000000000001,0.29999999999999999,6946.5,3266.8000000000002,3163.9999999999995,6681,4562.8000000000002,2324.6999999999998,86540.5,571.89999999999998,0.90000000000000002,4.7000000000000002,454.30000000000001,1.1000000000000001,134.19999999999999,452,168,323.39999999999998,5.2999999999999998,10.1,0.90000000000000002,141.19999999999999,10.800000000000001,0,0,0,0,42977928,32208,61875787,63734.699999999997,22805.799999999999,42945692,18930095,6606848,1327104,69517312,6856704,1597440,69517312,6856704,1597440,69517312,7172096,1961984,69517312,7172096,1961984,69517312,7671808,2408448,69517312,69550080,65376256,69550080,0,0,0,33,33,71456,0,0,0,0,0,0,0,0,0,0,0,0,0,0,0,0,0,0,0,0,0,0,0,0,0,0,0,0,0,0,ok
controls,current,ABeautifulGame-glb,8,false,83280.899999999994,456.89999999999998,361.69999999999999,95.200000000000003,1913.2,0.10000000000000001,4001.1999999999998,1832.1000000000001,1780.8,3834.5999999999999,2642.8000000000002,1332.5,72916.899999999994,316.60000000000002,0.69999999999999996,2.6000000000000001,262.39999999999998,0.5,63.600000000000001,272,101.40000000000001,211.59999999999999,3.1000000000000001,6.2000000000000002,0.59999999999999998,63,6.5,0,0,0,0,42977928,32208,61875787,50749.400000000001,22167.5,42945692,18930095,6664192,1388544,69550080,6885376,1937408,69550080,6885376,1937408,69550080,7180288,2121728,69550080,7180288,2121728,69550080,7667712,2428928,69550080,69537792,65200128,69550080,0,0,0,33,33,71456,0,0,0,0,0,0,0,0,0,0,0,0,0,0,0,0,0,0,0,0,0,0,0,0,0,0,0,0,0,0,ok
controls,current,ABeautifulGame-glb,9,false,82872.300000000003,409.5,311.80000000000001,97.700000000000003,1897.4000000000001,0.10000000000000001,4036.5999999999999,1881.5999999999999,1819.2,3856.9000000000001,2856.9000000000001,1354.9000000000001,72300.899999999994,343.69999999999999,0.5,2.7000000000000002,260.39999999999998,0.59999999999999998,61,274.19999999999999,98,207.30000000000001,2.8999999999999999,6.4000000000000004,0.69999999999999996,62.5,6.5,0,0,0,0,42977928,32208,61875787,50109.300000000003,22191.599999999999,42945692,18930095,6660096,1519616,69550080,6885376,1777664,69550080,6885376,1777664,69550080,7262208,2109440,69550080,7262208,2109440,69550080,7725056,2748416,69550080,69591040,65912832,69591040,0,0,0,33,33,71456,0,0,0,0,0,0,0,0,0,0,0,0,0,0,0,0,0,0,0,0,0,0,0,0,0,0,0,0,0,0,ok
controls,current,ABeautifulGame-glb,10,false,81972.800000000003,408.39999999999998,318.39999999999998,90,1930.3,0.10000000000000001,4015.9000000000001,1852.7,1810.5999999999999,3850,2652.4000000000001,1327,71621.699999999997,321.30000000000001,0.5,2.3999999999999999,257.5,0.59999999999999998,58.899999999999999,267.60000000000002,101.3,195.5,2.8999999999999999,6.2000000000000002,0.5,77.799999999999997,6.3999999999999995,0,0,0,0,42977928,32208,61875787,49312,22309.700000000001,42945692,18930095,6717440,1454080,69591040,6942720,1818624,69591040,6942720,1818624,69591040,7217152,2064384,69591040,7217152,2064384,69591040,7671808,2473984,69591040,69545984,65875968,69591040,0,0,0,33,33,71456,0,0,0,0,0,0,0,0,0,0,0,0,0,0,0,0,0,0,0,0,0,0,0,0,0,0,0,0,0,0,ok
controls,current,ABeautifulGame-glb,11,false,90805.600000000006,368.69999999999999,288.5,80.200000000000003,1911.2,0.10000000000000001,4037.5999999999999,1883.5999999999999,1815.0999999999999,3868.9000000000001,3008,1381.8,80078.899999999994,345.89999999999998,0.5,2.5,270.10000000000002,0.5,63.299999999999997,284.10000000000002,98.900000000000006,208.40000000000001,3.3999999999999999,6.4000000000000004,0.69999999999999996,60.100000000000001,7.2000000000000002,0,0,0,0,42977928,32208,61875787,55153.400000000001,24925.5,42945692,18930095,6643712,1363968,69591040,6881280,1814528,69591040,6881280,1814528,69591040,7266304,2154496,69591040,7274496,2154496,69591040,7745536,2473984,69591040,69607424,65482752,69607424,0,0,0,33,33,71456,0,0,0,0,0,0,0,0,0,0,0,0,0,0,0,0,0,0,0,0,0,0,0,0,0,0,0,0,0,0,ok
controls,current,ABeautifulGame-glb,12,false,81651.300000000003,388.30000000000001,298.60000000000002,89.700000000000003,1894.9000000000001,0.10000000000000001,4169.6000000000004,1995.1000000000001,1954.5999999999999,4004.4000000000001,2611.4000000000001,1314.5999999999999,71238.899999999994,302.5,0.5,2.3999999999999999,257.19999999999999,0.5,58.600000000000001,262.10000000000002,119.09999999999999,211.5,2.7999999999999998,6.7000000000000002,0.40000000000000002,60.700000000000003,6.0999999999999996,0,0,0,0,42977928,32208,61875787,49297.599999999999,21941.299999999999,42945692,18930095,6717440,1429504,69607424,6938624,2105344,69607424,6938624,2105344,69607424,7237632,2265088,69607424,7237632,2265088,69607424,7696384,2465792,69607424,69562368,65101824,69607424,0,0,0,33,33,71456,0,0,0,0,0,0,0,0,0,0,0,0,0,0,0,0,0,0,0,0,0,0,0,0,0,0,0,0,0,0,ok
controls,current,ABeautifulGame-glb,13,false,82705.600000000006,428.5,308.30000000000001,120.2,1930.7,0.20000000000000001,4099.5,1932.7000000000003,1871.7000000000005,3931.1999999999998,2688.1999999999998,1279.2,72262.800000000003,327.5,0.40000000000000002,2.6000000000000001,241.69999999999999,0.5,66.599999999999994,260.60000000000002,86.400000000000006,179.30000000000001,2.7000000000000002,6.2000000000000002,0.5,61,6.3000000000000007,0,0,0,0,42977928,32208,61875787,48800.099999999999,23462.700000000001,42945692,18930095,6680576,1716224,69607424,6926336,2031616,69607424,6926336,2031616,69607424,7266304,2301952,69607424,7266304,2301952,69607424,7712768,2473984,69607424,69570560,65380352,69607424,0,0,0,33,33,71456,0,0,0,0,0,0,0,0,0,0,0,0,0,0,0,0,0,0,0,0,0,0,0,0,0,0,0,0,0,0,ok
controls,current,ABeautifulGame-glb,14,false,83575.100000000006,381.39999999999998,278,103.40000000000001,1908.9000000000001,0.10000000000000001,4209.6999999999998,1994.6999999999996,1950.2,4034.1999999999998,2721.4000000000001,1507.2,72829.5,321.69999999999999,0.5,2.5,275.30000000000001,0.5,58.399999999999999,274.60000000000002,161.40000000000001,273.30000000000001,4.4000000000000004,10.1,0.80000000000000004,94,6.2999999999999998,0,0,0,0,42977928,32208,61875787,50488.699999999997,22340.799999999999,42945692,18930095,6713344,1433600,69607424,6926336,1679360,69607424,6926336,1679360,69607424,7196672,2052096,69607424,7196672,2052096,69607424,7671808,2482176,69607424,69537792,65155072,69607424,0,0,0,33,33,71456,0,0,0,0,0,0,0,0,0,0,0,0,0,0,0,0,0,0,0,0,0,0,0,0,0,0,0,0,0,0,ok
controls,sax-scalar-unique-fallback,ABeautifulGame-glb,0,false,84567.5,370,279.5,90.5,1708.5,0.10000000000000001,4032.1999999999998,1921.1999999999996,1854.9000000000001,3842.5,2305.8000000000002,1315.9000000000001,74817,316,0.40000000000000002,2.6000000000000001,260.60000000000002,0.69999999999999996,58.600000000000001,292.10000000000002,99,182.09999999999999,3,6.4000000000000004,0.5,59.899999999999999,6.2999999999999998,0,0,0,0,42977928,32208,61875787,50408.800000000003,24408.200000000001,42945692,18930095,6496256,1236992,69353472,6717440,2502656,69353472,6717440,2502656,69353472,6955008,1777664,69353472,6955008,1777664,69353472,7454720,2392064,69353472,69337088,64335872,69353472,0,0,0,33,33,71456,0,0,0,0,0,0,0,0,0,0,0,0,0,0,0,0,0,0,0,0,0,0,0,0,0,0,0,0,0,0,ok
controls,sax-scalar-unique-fallback,ABeautifulGame-glb,1,false,97086.300000000003,487.39999999999998,334.80000000000001,152.59999999999999,2823.9000000000001,0.40000000000000002,6740.6000000000004,3193.8999999999992,3123.0000000000009,6426.3000000000002,4212.1000000000004,2357,80433.699999999997,563.39999999999998,0.80000000000000004,5.4000000000000004,515.39999999999998,1,113.40000000000001,439.5,170.19999999999999,351.19999999999999,4.9000000000000004,12.300000000000001,0.69999999999999996,112.90000000000001,9.8000000000000007,0,0,0,0,42977928,32208,61875787,57037.900000000001,23395.799999999999,42945692,18930095,6541312,1351680,69353472,6742016,1544192,69353472,6742016,1544192,69353472,7041024,1798144,69353472,7041024,1798144,69353472,7491584,2416640,69353472,69373952,64888832,69373952,0,0,0,33,33,71456,0,0,0,0,0,0,0,0,0,0,0,0,0,0,0,0,0,0,0,0,0,0,0,0,0,0,0,0,0,0,ok
controls,sax-scalar-unique-fallback,ABeautifulGame-glb,2,false,91508.600000000006,420.10000000000002,322.19999999999999,97.900000000000006,1731.7,0,4058.6999999999998,1890.1000000000006,1848.9000000000005,3889.8000000000002,2305.5999999999999,1317.4000000000001,81657,312.39999999999998,0.5,2.5,263.89999999999998,0.5,64.900000000000006,281.39999999999998,104.3,183.19999999999999,2.7000000000000002,6.0999999999999996,0.59999999999999998,60.700000000000003,6.2999999999999998,0,0,0,0,42977928,32208,61875787,58992.099999999999,22664.900000000001,42945692,18930095,6524928,1290240,69373952,6725632,1462272,69373952,6725632,1462272,69373952,7004160,1785856,69373952,7004160,1785856,69373952,7483392,2207744,69373952,69378048,64335872,69378048,0,0,0,33,33,71456,0,0,0,0,0,0,0,0,0,0,0,0,0,0,0,0,0,0,0,0,0,0,0,0,0,0,0,0,0,0,ok
controls,sax-scalar-unique-fallback,ABeautifulGame-glb,3,false,86016.5,403,314.89999999999998,88.099999999999994,1717.4000000000001,0.20000000000000001,4139.8999999999996,1885.1000000000001,1841.3000000000002,3952.1999999999998,2273.0999999999999,1305.7,76159.300000000003,309.19999999999999,0.40000000000000002,2.7999999999999998,283.5,0.5,64.799999999999997,271.60000000000002,91.599999999999994,178.69999999999999,2.7999999999999998,6.2999999999999998,0.5,62,6.5999999999999996,0,0,0,0,42977928,32208,61875787,50682.400000000001,25476.900000000001,42945692,18930095,6533120,1290240,69378048,6754304,1466368,69378048,6754304,1466368,69378048,7057408,1806336,69378048,7061504,1806336,69378048,7548928,2494464,69378048,69427200,64733184,69427200,0,0,0,33,33,71456,0,0,0,0,0,0,0,0,0,0,0,0,0,0,0,0,0,0,0,0,0,0,0,0,0,0,0,0,0,0,ok
controls,sax-scalar-unique-fallback,ABeautifulGame-glb,4,false,84274.399999999994,432.30000000000001,343.10000000000002,89.200000000000003,1691.3,0.10000000000000001,4118.8000000000002,1914.7000000000005,1871.1000000000001,3947.0999999999999,2293.1999999999998,1333.9000000000001,74386.600000000006,308.5,0.5,2.7000000000000002,260,0.5,66.099999999999994,290.30000000000001,97.5,198.19999999999999,2.7999999999999998,6.2000000000000002,0.5,64.700000000000003,6.4000000000000004,0,0,0,0,42977928,32208,61875787,51515.199999999997,22871.400000000001,42945692,18930095,6537216,1306624,69427200,6782976,1576960,69427200,6782976,1576960,69427200,7012352,1802240,69427200,7012352,1802240,69427200,7520256,2478080,69427200,69406720,64606208,69427200,0,0,0,33,33,71456,0,0,0,0,0,0,0,0,0,0,0,0,0,0,0,0,0,0,0,0,0,0,0,0,0,0,0,0,0,0,ok
controls,sax-scalar-unique-fallback,ABeautifulGame-glb,5,false,101598,474.5,362.80000000000001,111.7,1687.5999999999999,0.10000000000000001,4465.1999999999998,2179.5,2136.1999999999998,4295.8999999999996,2262.6999999999998,1343.3,91223.100000000006,312.19999999999999,0.40000000000000002,2.8999999999999999,295.30000000000001,0.5,65.200000000000003,275.69999999999999,93,191,3.2000000000000002,6.4000000000000004,0.5,61.600000000000001,7,0,0,0,0,42977928,32208,61875787,60582.099999999999,30641,42945692,18930095,6512640,1253376,69427200,6750208,1499136,69427200,6750208,1499136,69427200,7041024,1806336,69427200,7041024,1806336,69427200,7548928,2473984,69427200,69447680,65073152,69447680,0,0,0,33,33,71456,0,0,0,0,0,0,0,0,0,0,0,0,0,0,0,0,0,0,0,0,0,0,0,0,0,0,0,0,0,0,ok
controls,sax-scalar-unique-fallback,ABeautifulGame-glb,6,false,110240.60000000001,457.59999999999997,326.39999999999998,131.19999999999999,2187.6999999999998,0.59999999999999998,6932.8000000000002,3394.5,3301.6999999999994,6657.3999999999996,3542.0999999999999,2418.1999999999998,94670.599999999991,579.39999999999998,0.90000000000000002,5.2000000000000002,492,0.90000000000000002,107,533.89999999999998,179.09999999999999,327.10000000000002,4.5,10.1,0.80000000000000004,116.40000000000001,11.300000000000001,0,0,0,0,42977928,32208,61875787,67977.899999999994,26692.700000000001,42945692,18930095,6569984,1413120,69447680,6807552,1658880,69447680,6807552,1658880,69447680,7024640,1802240,69447680,7024640,1802240,69447680,7516160,2469888,69447680,69398528,64552960,69447680,0,0,0,33,33,71456,0,0,0,0,0,0,0,0,0,0,0,0,0,0,0,0,0,0,0,0,0,0,0,0,0,0,0,0,0,0,ok
controls,sax-scalar-unique-fallback,ABeautifulGame-glb,7,false,91777.699999999997,419.39999999999998,313.5,105.90000000000001,2489.0999999999999,0.59999999999999998,5690.1000000000004,2604.8999999999996,2527.8999999999996,5415.8999999999996,4109.5,2166.1999999999998,76872,582,0.80000000000000004,5,522,1.1000000000000001,122.59999999999999,374.60000000000002,99.599999999999994,271.39999999999998,3.5,6.9000000000000004,0.59999999999999998,91,10.199999999999999,0,0,0,0,42977928,32208,61875787,53688,23184,42945692,18930095,6549504,1384448,69447680,6770688,1601536,69447680,6770688,1601536,69447680,7077888,1806336,69447680,7077888,1806336,69447680,7581696,2478080,69447680,69476352,64618496,69476352,0,0,0,33,33,71456,0,0,0,0,0,0,0,0,0,0,0,0,0,0,0,0,0,0,0,0,0,0,0,0,0,0,0,0,0,0,ok
controls,sax-scalar-unique-fallback,ABeautifulGame-glb,8,false,90894.5,419.09999999999997,329.89999999999998,89.200000000000003,1686,0.10000000000000001,4004.4000000000001,1870.6999999999998,1826.4000000000001,3815.5999999999999,2804.8000000000002,1392.5999999999999,80567.699999999997,342.19999999999999,0.5,2.7999999999999998,275.89999999999998,0.59999999999999998,66.400000000000006,284.10000000000002,100.09999999999999,186.69999999999999,3.3999999999999999,6.7000000000000002,0.40000000000000002,81.599999999999994,7.2000000000000002,0,0,0,0,42977928,32208,61875787,58304.199999999997,22263.5,42945692,18930095,6615040,1331200,69476352,6823936,1531904,69476352,6823936,1531904,69476352,7053312,1830912,69476352,7053312,1830912,69476352,7548928,2506752,69476352,69427200,64909312,69476352,0,0,0,33,33,71456,0,0,0,0,0,0,0,0,0,0,0,0,0,0,0,0,0,0,0,0,0,0,0,0,0,0,0,0,0,0,ok
controls,sax-scalar-unique-fallback,ABeautifulGame-glb,9,false,85847.5,412.09999999999997,323.39999999999998,88.700000000000003,1676.8,0.20000000000000001,4258.1000000000004,1935.1999999999996,1880.3999999999999,4090.8000000000002,2619.3000000000002,1330.0999999999999,75531,318.39999999999998,0.40000000000000002,2.7000000000000002,265.5,0.5,60.200000000000003,293.80000000000001,102.2,180.19999999999999,2.7999999999999998,6.5999999999999996,0.5,61.799999999999997,6.5,0,0,0,0,42977928,32208,61875787,51033.300000000003,24497.700000000001,42945692,18930095,6590464,1331200,69476352,6807552,1597440,69476352,6807552,1597440,69476352,7098368,1814528,69476352,7098368,1814528,69476352,7577600,2494464,69476352,69464064,64999424,69476352,0,0,0,33,33,71456,0,0,0,0,0,0,0,0,0,0,0,0,0,0,0,0,0,0,0,0,0,0,0,0,0,0,0,0,0,0,ok
controls,sax-scalar-unique-fallback,ABeautifulGame-glb,10,false,86028.5,416.39999999999998,330.30000000000001,86.099999999999994,1682.4000000000001,0.10000000000000001,4057.4000000000001,1876.3,1824.3999999999999,3887.3000000000002,2526,2315.9000000000001,75004.700000000012,542.20000000000005,0.80000000000000004,4.5,488.60000000000002,1.1000000000000001,117.90000000000001,470.80000000000001,169,335.89999999999998,4.9000000000000004,10.300000000000001,0.80000000000000004,113.7,9.9000000000000004,0,0,0,0,42977928,32208,61875787,52011.800000000003,22992.900000000001,42945692,18930095,6639616,1441792,69476352,6848512,1667072,69476352,6848512,1667072,69476352,7057408,1826816,69476352,7057408,1826816,69476352,7565312,2506752,69476352,69451776,64897024,69476352,0,0,0,33,33,71456,0,0,0,0,0,0,0,0,0,0,0,0,0,0,0,0,0,0,0,0,0,0,0,0,0,0,0,0,0,0,ok
controls,sax-scalar-unique-fallback,ABeautifulGame-glb,11,false,82447.699999999997,428.60000000000002,340,88.599999999999994,1690.7,0.10000000000000001,4030.5,1873.5999999999999,1820.3000000000002,3860.1999999999998,2265,1304,72710,309.10000000000002,0.5,2.5,284.60000000000002,0.80000000000000004,64.700000000000003,271.5,92.700000000000003,170.09999999999999,2.8999999999999999,6.0999999999999996,0.5,63.899999999999999,6.6999999999999993,0,0,0,0,42977928,32208,61875787,50071.300000000003,22638.700000000001,42945692,18930095,6627328,1449984,69476352,6828032,1630208,69476352,6828032,1630208,69476352,7118848,1884160,69476352,7118848,1884160,69476352,7565312,2486272,69476352,69459968,64528384,69476352,0,0,0,33,33,71456,0,0,0,0,0,0,0,0,0,0,0,0,0,0,0,0,0,0,0,0,0,0,0,0,0,0,0,0,0,0,ok
controls,sax-scalar-unique-fallback,ABeautifulGame-glb,12,false,84574.5,354.5,275.10000000000002,79.400000000000006,1681.5999999999999,0.10000000000000001,3918.5999999999999,1793.8000000000002,1748.1000000000001,3753.3000000000002,2375.3000000000002,1329.5,74896.699999999997,330.30000000000001,0.40000000000000002,2.3999999999999999,281.10000000000002,0.5,64,271.69999999999999,90.700000000000003,181,2.7999999999999998,6,0.5,60.799999999999997,7,0,0,0,0,42977928,32208,61875787,51839.900000000001,23056.799999999999,42945692,18930095,6623232,1351680,69476352,6823936,1572864,69476352,6823936,1572864,69476352,7081984,1822720,69476352,7081984,1822720,69476352,7598080,2494464,69476352,69480448,65040384,69480448,0,0,0,33,33,71456,0,0,0,0,0,0,0,0,0,0,0,0,0,0,0,0,0,0,0,0,0,0,0,0,0,0,0,0,0,0,ok
controls,sax-scalar-unique-fallback,ABeautifulGame-glb,13,false,84593.899999999994,408.69999999999999,321.19999999999999,87.5,1682,0.10000000000000001,3889,1803.0000000000002,1757.0000000000002,3724.4000000000001,2260.5999999999999,1259.9000000000001,75076.100000000006,300.80000000000001,0.59999999999999998,2.3999999999999999,271.5,0.59999999999999998,66.099999999999994,264.60000000000002,89.799999999999997,160.90000000000001,2.7000000000000002,6,0.5,60.899999999999999,6.5,0,0,0,0,42977928,32208,61875787,52369.300000000003,22706.799999999999,42945692,18930095,6619136,1441792,69480448,6840320,1687552,69480448,6840320,1687552,69480448,7127040,1826816,69480448,7127040,1826816,69480448,7585792,2490368,69480448,69476352,65118208,69480448,0,0,0,33,33,71456,0,0,0,0,0,0,0,0,0,0,0,0,0,0,0,0,0,0,0,0,0,0,0,0,0,0,0,0,0,0,ok
controls,sax-scalar-unique-fallback,ABeautifulGame-glb,14,false,84193,408.5,323.30000000000001,85.200000000000003,1840,0.10000000000000001,4017.9000000000001,1893.5999999999999,1842.9000000000003,3846.4000000000001,2287.3000000000002,1340.8,74277.199999999997,313.30000000000001,0.5,2.8999999999999999,275,0.59999999999999998,65.700000000000003,279.39999999999998,113,183.30000000000001,2.7000000000000002,6.2999999999999998,0.40000000000000002,61.799999999999997,6.8000000000000007,0,0,0,0,42977928,32208,61875787,51552.400000000001,22724.799999999999,42945692,18930095,6635520,1351680,69480448,6832128,1560576,69480448,6832128,1560576,69480448,7106560,1859584,69480448,7106560,1859584,69480448,7610368,2510848,69480448,69500928,65372160,69500928,0,0,0,33,33,71456,0,0,0,0,0,0,0,0,0,0,0,0,0,0,0,0,0,0,0,0,0,0,0,0,0,0,0,0,0,0,ok
controls,current,Avocado-glb,0,false,23921.599999999999,504.5,410.39999999999998,94.099999999999994,191.30000000000001,0.20000000000000001,4363.1000000000004,2118.5999999999999,2051.0999999999999,4098.8000000000002,221.40000000000001,115.7,18508.199999999997,26,0.5,2.7000000000000002,23.699999999999999,0.5,6.2999999999999998,9.3000000000000007,6.7999999999999998,5,0.59999999999999998,2.8999999999999999,0.5,6,5,0,0,0,0,8110040,1524,16193390,9333.3999999999996,9174.7999999999993,8108488,8084902,6344704,1236992,22851584,6356992,1249280,22851584,6356992,1249280,22851584,6750208,1503232,22851584,6750208,1503232,22851584,6766592,1519616,22851584,22970368,17752064,22970368,0,0,0,33,33,71456,0,0,0,0,0,0,0,0,0,0,0,0,0,0,0,0,0,0,0,0,0,0,0,0,0,0,0,0,0,0,ok
controls,current,Avocado-glb,1,false,23229.200000000001,317.5,276.69999999999999,40.799999999999997,139.59999999999999,0.20000000000000001,4090.8000000000002,1953.6000000000001,1905.1000000000001,3911.0999999999999,195.40000000000001,132.69999999999999,18339,21.300000000000001,0.40000000000000002,2.8999999999999999,25.300000000000001,0.5,5.9000000000000004,9,6.5999999999999996,5.0999999999999996,0.59999999999999998,2.7999999999999998,0.5,8,5.1999999999999993,0,0,0,0,8110040,1524,16193390,9386.3999999999996,8952.6000000000004,8108488,8084902,6410240,1286144,22970368,6430720,1306624,22970368,6430720,1306624,22970368,6758400,1519616,22970368,6758400,1519616,22970368,6774784,1519616,22970368,22978560,17756160,22978560,0,0,0,33,33,71456,0,0,0,0,0,0,0,0,0,0,0,0,0,0,0,0,0,0,0,0,0,0,0,0,0,0,0,0,0,0,ok
controls,current,Avocado-glb,2,false,22977.099999999999,323.80000000000001,284.19999999999999,39.600000000000001,132.19999999999999,0.10000000000000001,4102.5,1971.9000000000001,1920.9000000000001,3922.5999999999999,201.69999999999999,106.40000000000001,18097.299999999999,19.5,0.40000000000000002,2.2999999999999998,23.800000000000001,0.5,6.2999999999999998,8.1999999999999993,6.4000000000000004,4.7000000000000002,0.5,2.7999999999999998,0.5,6.0999999999999996,5.0999999999999996,0,0,0,0,8110040,1524,16193390,9076.5,9020.7999999999993,8108488,8084902,6430720,1232896,22978560,6438912,1236992,22978560,6438912,1236992,22978560,6782976,1531904,22978560,6782976,1531904,22978560,6795264,1544192,22978560,22999040,17776640,22999040,0,0,0,33,33,71456,0,0,0,0,0,0,0,0,0,0,0,0,0,0,0,0,0,0,0,0,0,0,0,0,0,0,0,0,0,0,ok
controls,current,Avocado-glb,3,false,23464,362.29999999999995,319.89999999999998,42.399999999999999,129.40000000000001,0.10000000000000001,4156.3999999999996,1947.8,1902.8999999999999,3970.1999999999998,213.59999999999999,118.5,18468,20.800000000000001,0.40000000000000002,2.8999999999999999,26.399999999999999,0.5,6.2999999999999998,9.5,7.2999999999999998,4.7000000000000002,0.59999999999999998,2.7999999999999998,0.40000000000000002,11.1,5.3000000000000007,0,0,0,0,8110040,1524,16193390,9360.2000000000007,9107.7999999999993,8108488,8084902,6447104,1376256,22999040,6447104,1376256,22999040,6447104,1376256,22999040,6799360,1544192,22999040,6799360,1544192,22999040,6819840,1560576,22999040,23023616,17797120,23023616,0,0,0,33,33,71456,0,0,0,0,0,0,0,0,0,0,0,0,0,0,0,0,0,0,0,0,0,0,0,0,0,0,0,0,0,0,ok
controls,current,Avocado-glb,4,false,23809.099999999999,344.89999999999998,301.39999999999998,43.5,189.59999999999999,0.20000000000000001,4204.8999999999996,2036.2999999999995,1957.5999999999999,4023.1999999999998,213.19999999999999,104.40000000000001,18737.900000000001,21.600000000000001,0.40000000000000002,2.5,17.800000000000001,0.5,6.5999999999999996,8.8000000000000007,6.9000000000000004,4.7000000000000002,0.5,2.7000000000000002,0.5,5.7999999999999998,5,0,0,0,0,8110040,1524,16193390,9054.6000000000004,9683.2999999999993,8108488,8084902,6455296,1220608,23023616,6426624,1167360,23023616,6426624,1167360,23023616,6811648,1560576,23023616,6811648,1560576,23023616,6811648,1560576,23023616,23015424,17797120,23023616,0,0,0,33,33,71456,0,0,0,0,0,0,0,0,0,0,0,0,0,0,0,0,0,0,0,0,0,0,0,0,0,0,0,0,0,0,ok
controls,current,Avocado-glb,5,false,22836.400000000001,362.70000000000005,318.60000000000002,44.100000000000001,152.19999999999999,0.20000000000000001,3950,1889.1999999999996,1843.0999999999999,3767.3000000000002,186.30000000000001,119.59999999999999,18051.599999999999,19.699999999999999,0.40000000000000002,2.6000000000000001,20,0.40000000000000002,5.7999999999999998,8.4000000000000004,6.7999999999999998,4.5,0.59999999999999998,2.5,0.5,8.4000000000000004,20.100000000000001,0,0,0,0,8110040,1524,16193390,9154.2000000000007,8897.3999999999996,8108488,8084902,6459392,1306624,23023616,6418432,1179648,23023616,6418432,1179648,23023616,6795264,1560576,23023616,6795264,1560576,23023616,6811648,1560576,23023616,23015424,17797120,23023616,0,0,0,33,33,71456,0,0,0,0,0,0,0,0,0,0,0,0,0,0,0,0,0,0,0,0,0,0,0,0,0,0,0,0,0,0,ok
controls,current,Avocado-glb,6,false,23436.599999999999,407.39999999999998,365.19999999999999,42.200000000000003,125.5,0.20000000000000001,4117.3000000000002,1987.5999999999999,1932.8,3928.9000000000001,196.69999999999999,103.40000000000001,18473.400000000001,20.5,0.5,2.7999999999999998,17.600000000000001,0.40000000000000002,6.4000000000000004,8.5999999999999996,6.7999999999999998,4.9000000000000004,0.5,2.7000000000000002,0.5,6.5,5,0,0,0,0,8110040,1524,16193390,9302.5,9170.8999999999996,8108488,8084902,6438912,1200128,23023616,6438912,1200128,23023616,6438912,1200128,23023616,6819840,1560576,23023616,6819840,1560576,23023616,6819840,1560576,23023616,23023616,17793024,23023616,0,0,0,33,33,71456,0,0,0,0,0,0,0,0,0,0,0,0,0,0,0,0,0,0,0,0,0,0,0,0,0,0,0,0,0,0,ok
controls,current,Avocado-glb,7,false,24462.5,350,304.39999999999998,45.600000000000001,643.10000000000002,0.20000000000000001,4249.8000000000002,2120.0999999999999,2070.4000000000001,3998.8000000000002,205.40000000000001,112.5,18886.200000000001,23,0.5,2.7000000000000002,21.300000000000001,0.5,6.5,8.9000000000000004,6.9000000000000004,5.5,0.69999999999999996,2.6000000000000001,0.5,8.9000000000000004,5.1999999999999993,0,0,0,0,8110040,1524,16193390,9728.7000000000007,9157.5,8108488,8084902,6475776,1376256,23023616,6422528,1228800,23023616,6422528,1228800,23023616,6799360,1560576,23023616,6799360,1560576,23023616,6819840,1560576,23023616,23023616,17797120,23023616,0,0,0,33,33,71456,0,0,0,0,0,0,0,0,0,0,0,0,0,0,0,0,0,0,0,0,0,0,0,0,0,0,0,0,0,0,ok
controls,current,Avocado-glb,8,false,23243.799999999999,347.69999999999999,309.19999999999999,38.5,133.40000000000001,0.10000000000000001,4048.0999999999999,1937.0999999999999,1890.9999999999998,3870.8000000000002,186.30000000000001,101.90000000000001,18412.800000000003,18.5,0.5,2.7999999999999998,17.800000000000001,0.5,6,8,6.5,10.1,0.59999999999999998,3,0.40000000000000002,5.5999999999999996,4.5999999999999996,0,0,0,0,8110040,1524,16193390,9345.1000000000004,9067.7000000000007,8108488,8084902,6451200,1245184,23023616,6459392,1253376,23023616,6459392,1253376,23023616,6823936,1560576,23023616,6823936,1560576,23023616,6836224,1568768,23023616,23040000,17801216,23040000,0,0,0,33,33,71456,0,0,0,0,0,0,0,0,0,0,0,0,0,0,0,0,0,0,0,0,0,0,0,0,0,0,0,0,0,0,ok
controls,current,Avocado-glb,9,false,23281.200000000001,357.89999999999998,320.19999999999999,37.700000000000003,122.8,0.20000000000000001,4089.9000000000001,1930.8999999999999,1876.4999999999998,3906.8000000000002,286.30000000000001,124.5,18285.5,23.300000000000001,0.5,2.7000000000000002,23.5,0.5,6.9000000000000004,9.5999999999999996,7.5,6.0999999999999996,0.59999999999999998,2.7999999999999998,0.40000000000000002,14.5,5.0999999999999996,0,0,0,0,8110040,1524,16193390,9135.8999999999996,9149.6000000000004,8108488,8084902,6438912,1265664,23040000,6438912,1265664,23040000,6438912,1265664,23040000,6819840,1568768,23040000,6828032,1568768,23040000,6844416,1581056,23040000,23048192,17817600,23048192,0,0,0,33,33,71456,0,0,0,0,0,0,0,0,0,0,0,0,0,0,0,0,0,0,0,0,0,0,0,0,0,0,0,0,0,0,ok
controls,current,Avocado-glb,10,false,24294.5,347.19999999999999,305,42.200000000000003,128.69999999999999,0.10000000000000001,4113,1984.1999999999998,1933.5,3904,225.09999999999999,106.2,19358.900000000001,20.5,0.5,2.5,21.199999999999999,0.5,6.4000000000000004,8.9000000000000004,6.7999999999999998,4.9000000000000004,0.5,2.5,0.5,5.9000000000000004,5.2000000000000002,0,0,0,0,8110040,1524,16193390,9955.2000000000007,9403.7000000000007,8108488,8084902,6451200,1183744,23048192,6451200,1183744,23048192,6451200,1183744,23048192,6832128,1581056,23048192,6840320,1581056,23048192,6848512,1581056,23048192,23052288,17817600,23052288,0,0,0,33,33,71456,0,0,0,0,0,0,0,0,0,0,0,0,0,0,0,0,0,0,0,0,0,0,0,0,0,0,0,0,0,0,ok
controls,current,Avocado-glb,11,false,28022.099999999999,342.69999999999999,304.89999999999998,37.799999999999997,124.09999999999999,0.10000000000000001,4266,2030.7000000000005,1977.8,4079.6999999999998,223.19999999999999,118,22932.700000000001,21.399999999999999,0.69999999999999996,2.2999999999999998,25.699999999999999,0.5,6.5,8.9000000000000004,7.0999999999999996,4.7000000000000002,0.5,2.7000000000000002,0.5,12.300000000000001,4.9000000000000004,0,0,0,0,8110040,1524,16193390,11551,11381.700000000001,8108488,8084902,6467584,1306624,23052288,6467584,1306624,23052288,6467584,1306624,23052288,6864896,1593344,23052288,6864896,1593344,23052288,6889472,1617920,23052288,23093248,17854464,23093248,0,0,0,33,33,71456,0,0,0,0,0,0,0,0,0,0,0,0,0,0,0,0,0,0,0,0,0,0,0,0,0,0,0,0,0,0,ok
controls,current,Avocado-glb,12,false,25636.599999999999,461.30000000000001,397.30000000000001,64,233.59999999999999,0.20000000000000001,6197.8999999999996,3042.9000000000001,2960.5999999999995,5848.8999999999996,210.59999999999999,103.5,18412.300000000003,21,0.40000000000000002,2.7000000000000002,18.100000000000001,0.40000000000000002,6.0999999999999996,8.6999999999999993,7.2999999999999998,4.9000000000000004,0.40000000000000002,3.1000000000000001,0.5,5.7000000000000002,5.0999999999999996,0,0,0,0,8110040,1524,16193390,9275.2000000000007,9137.1000000000004,8108488,8084902,6488064,1236992,23093248,6488064,1236992,23093248,6488064,1236992,23093248,6873088,1617920,23093248,6873088,1617920,23093248,6873088,1617920,23093248,23076864,17854464,23093248,0,0,0,33,33,71456,0,0,0,0,0,0,0,0,0,0,0,0,0,0,0,0,0,0,0,0,0,0,0,0,0,0,0,0,0,0,ok
controls,current,Avocado-glb,13,false,25552,316.10000000000002,279.30000000000001,36.799999999999997,125.8,0.20000000000000001,4139,2003,1949.2999999999997,3931.5,203.59999999999999,109.3,20624.699999999997,20.5,0.40000000000000002,2.3999999999999999,21.100000000000001,0.5,6.2000000000000002,8.8000000000000007,7.2000000000000002,4.7999999999999998,0.40000000000000002,2.7000000000000002,0.5,9.1999999999999993,4.9000000000000004,0,0,0,0,8110040,1524,16193390,10194.799999999999,10429.9,8108488,8084902,6463488,1269760,23093248,6463488,1269760,23093248,6463488,1269760,23093248,6856704,1617920,23093248,6856704,1617920,23093248,6873088,1617920,23093248,23093248,17854464,23093248,0,0,0,33,33,71456,0,0,0,0,0,0,0,0,0,0,0,0,0,0,0,0,0,0,0,0,0,0,0,0,0,0,0,0,0,0,ok
controls,current,Avocado-glb,14,false,25983.700000000001,383,326.39999999999998,56.600000000000001,227.59999999999999,0.20000000000000001,4836.1999999999998,2363.5999999999999,2296,4536.8999999999996,290.89999999999998,119.59999999999999,20107,24.199999999999999,0.5,2.5,18.699999999999999,0.5,6.4000000000000004,8.9000000000000004,7.2999999999999998,4.7000000000000002,0.5,4.5999999999999996,0.69999999999999996,10.199999999999999,6.0999999999999996,0,0,0,0,8110040,1524,16193390,10134.299999999999,9972.7000000000007,8108488,8084902,6508544,1306624,23093248,6508544,1306624,23093248,6508544,1306624,23093248,6885376,1617920,23093248,6885376,1617920,23093248,6885376,1617920,23093248,23089152,17854464,23093248,0,0,0,33,33,71456,0,0,0,0,0,0,0,0,0,0,0,0,0,0,0,0,0,0,0,0,0,0,0,0,0,0,0,0,0,0,ok
controls,sax-scalar-unique-fallback,Avocado-glb,0,false,73915.899999999994,8079.5999999999995,7865.1999999999998,214.40000000000001,193.80000000000001,0.40000000000000002,25415.799999999999,5666.1999999999989,5545.9000000000005,24908.799999999999,345.19999999999999,195.69999999999999,39661.400000000001,43.100000000000001,0.69999999999999996,4.2000000000000002,40.200000000000003,0.59999999999999998,11.199999999999999,16.300000000000001,12.4,8.4000000000000004,0.80000000000000004,5.0999999999999996,0.69999999999999996,10.4,8.4000000000000004,0,0,0,0,8110040,1524,16193390,16942.700000000001,22718.700000000001,8108488,8084902,6316032,1069056,22831104,6320128,1069056,22831104,6320128,1069056,22831104,6742016,1482752,22831104,6742016,1482752,22831104,6758400,1499136,22831104,22962176,17735680,22962176,0,0,0,33,33,71456,0,0,0,0,0,0,0,0,0,0,0,0,0,0,0,0,0,0,0,0,0,0,0,0,0,0,0,0,0,0,ok
controls,sax-scalar-unique-fallback,Avocado-glb,1,false,42983.900000000001,473.80000000000001,415.60000000000002,58.200000000000003,296,0.29999999999999999,8301.1000000000004,3814.6999999999994,3585.0999999999999,7938.1000000000004,408.30000000000001,625.20000000000005,32850.300000000003,153.09999999999999,1,4.7000000000000002,40.700000000000003,0.80000000000000004,11.5,15.6,11.300000000000001,8.5,1,5,0.69999999999999996,324.80000000000001,8.5,0,0,0,0,8110040,1524,16193390,17255.200000000001,15595.1,8108488,8084902,6402048,1187840,22962176,6410240,1191936,22962176,6410240,1191936,22962176,6746112,1499136,22962176,6746112,1499136,22962176,6774784,1499136,22962176,22978560,17735680,22978560,0,0,0,33,33,71456,0,0,0,0,0,0,0,0,0,0,0,0,0,0,0,0,0,0,0,0,0,0,0,0,0,0,0,0,0,0,ok
controls,sax-scalar-unique-fallback,Avocado-glb,2,false,52986,6748.1999999999998,6678.3999999999996,69.799999999999997,215.59999999999999,0.10000000000000001,6890.6000000000004,3349.8999999999996,3278.4999999999995,6516.8000000000002,314.10000000000002,215.30000000000001,38580.100000000006,38.600000000000001,0.59999999999999998,3.8999999999999999,46.600000000000001,0.59999999999999998,10.800000000000001,15.4,11.699999999999999,8.4000000000000004,0.80000000000000004,4.7000000000000002,0.59999999999999998,10.300000000000001,8.0999999999999996,0,0,0,0,8110040,1524,16193390,20030.900000000001,18549.200000000001,8108488,8084902,6406144,1130496,22978560,6410240,1290240,22978560,6410240,1290240,22978560,6791168,1511424,22978560,6791168,1511424,22978560,6803456,1523712,22978560,23007232,17760256,23007232,0,0,0,33,33,71456,0,0,0,0,0,0,0,0,0,0,0,0,0,0,0,0,0,0,0,0,0,0,0,0,0,0,0,0,0,0,ok
controls,sax-scalar-unique-fallback,Avocado-glb,3,false,34734.099999999999,379.19999999999999,330.89999999999998,48.299999999999997,208.40000000000001,0.20000000000000001,7596.3000000000002,4020.9999999999991,3941.6000000000004,7303.3000000000002,342.80000000000001,183.5,26000.599999999999,34.700000000000003,0.69999999999999996,4.9000000000000004,38.5,0.59999999999999998,10.699999999999999,15.9,13,8.4000000000000004,0.80000000000000004,4.7000000000000002,0.69999999999999996,11.1,7.7000000000000002,0,0,0,0,8110040,1524,16193390,14601.6,11399,8108488,8084902,6451200,1273856,23007232,6451200,1273856,23007232,6451200,1273856,23007232,6774784,1523712,23007232,6774784,1523712,23007232,6782976,1523712,23007232,22986752,17760256,23007232,0,0,0,33,33,71456,0,0,0,0,0,0,0,0,0,0,0,0,0,0,0,0,0,0,0,0,0,0,0,0,0,0,0,0,0,0,ok
controls,sax-scalar-unique-fallback,Avocado-glb,4,false,30507.400000000001,402,347.19999999999999,54.799999999999997,198.09999999999999,0.20000000000000001,7709.6000000000004,3696.6999999999994,3614.9000000000005,7399.8999999999996,313,188.69999999999999,21673.099999999999,41.399999999999999,0.69999999999999996,4.7999999999999998,38,0.59999999999999998,11.5,16,11.300000000000001,8.0999999999999996,0.80000000000000004,5,0.69999999999999996,9.9000000000000004,7.7999999999999998,0,0,0,0,8110040,1524,16193390,11820.9,9852.2000000000007,8108488,8084902,6430720,1200128,23007232,6434816,1204224,23007232,6434816,1204224,23007232,6778880,1523712,23007232,6778880,1523712,23007232,6795264,1523712,23007232,22999040,17760256,23007232,0,0,0,33,33,71456,0,0,0,0,0,0,0,0,0,0,0,0,0,0,0,0,0,0,0,0,0,0,0,0,0,0,0,0,0,0,ok
controls,sax-scalar-unique-fallback,Avocado-glb,5,false,28928.700000000001,321.60000000000002,277.60000000000002,44,118.3,0.10000000000000001,7659.5,3651.8999999999996,3573.5000000000005,7397.1000000000004,447.60000000000002,249.09999999999999,20110,50.399999999999999,1,6.5,49.299999999999997,1.1000000000000001,15.4,20.5,16.100000000000001,11.6,1,6.2000000000000002,1,13.6,11.6,0,0,0,0,8110040,1524,16193390,10812.1,9297.8999999999996,8108488,8084902,6447104,1298432,23007232,6447104,1298432,23007232,6447104,1298432,23007232,6799360,1523712,23007232,6803456,1523712,23007232,6807552,1523712,23007232,23011328,17760256,23011328,0,0,0,33,33,71456,0,0,0,0,0,0,0,0,0,0,0,0,0,0,0,0,0,0,0,0,0,0,0,0,0,0,0,0,0,0,ok
controls,sax-scalar-unique-fallback,Avocado-glb,6,false,24002.799999999999,364.60000000000002,321,43.600000000000001,129.69999999999999,0.20000000000000001,4628.8999999999996,2236.9999999999995,2186.1999999999998,4416,180.69999999999999,108.7,18574.700000000001,20.899999999999999,0.40000000000000002,2.6000000000000001,24.699999999999999,0.5,6.2000000000000002,8.8000000000000007,6.9000000000000004,4.5,0.40000000000000002,2.8999999999999999,0.5,5.7000000000000002,4.7000000000000002,0,0,0,0,8110040,1524,16193390,9232.2000000000007,9342.5,8108488,8084902,6459392,1257472,23011328,6467584,1265664,23011328,6467584,1265664,23011328,6819840,1536000,23011328,6819840,1536000,23011328,6832128,1548288,23011328,23035904,17784832,23035904,0,0,0,33,33,71456,0,0,0,0,0,0,0,0,0,0,0,0,0,0,0,0,0,0,0,0,0,0,0,0,0,0,0,0,0,0,ok
controls,sax-scalar-unique-fallback,Avocado-glb,7,false,29255.599999999999,303.39999999999998,259.89999999999998,43.5,142.30000000000001,0.20000000000000001,4115.5,1981.6000000000001,1937.2000000000003,3929.3000000000002,178.40000000000001,106.5,24393.900000000001,22,0.5,2.7000000000000002,21,0.5,6.0999999999999996,8.4000000000000004,6.7999999999999998,4.5999999999999996,0.5,2.6000000000000001,0.5,5.7000000000000002,5.3000000000000007,0,0,0,0,8110040,1524,16193390,10312.4,14081.5,8108488,8084902,6467584,1208320,23035904,6467584,1208320,23035904,6467584,1208320,23035904,6807552,1548288,23035904,6811648,1548288,23035904,6819840,1548288,23035904,23023616,17784832,23035904,0,0,0,33,33,71456,0,0,0,0,0,0,0,0,0,0,0,0,0,0,0,0,0,0,0,0,0,0,0,0,0,0,0,0,0,0,ok
controls,sax-scalar-unique-fallback,Avocado-glb,8,false,27535.700000000001,490.10000000000002,420.60000000000002,69.5,223.59999999999999,0.10000000000000001,6754.1999999999998,3278.3000000000002,3208.0999999999999,6457.5,306.89999999999998,175.5,19564.599999999999,34.100000000000001,0.59999999999999998,3.7000000000000002,40.299999999999997,0.5,9.6999999999999993,15.199999999999999,12.1,7.2000000000000002,0.69999999999999996,4.9000000000000004,0.69999999999999996,9.0999999999999996,8,0,0,0,0,8110040,1524,16193390,10178.9,9385.7000000000007,8108488,8084902,6467584,1241088,23035904,6483968,1257472,23035904,6483968,1257472,23035904,6836224,1548288,23035904,6836224,1548288,23035904,6848512,1560576,23035904,23052288,17797120,23052288,0,0,0,33,33,71456,0,0,0,0,0,0,0,0,0,0,0,0,0,0,0,0,0,0,0,0,0,0,0,0,0,0,0,0,0,0,ok
controls,sax-scalar-unique-fallback,Avocado-glb,9,false,26587.799999999999,326.69999999999999,288.30000000000001,38.399999999999999,129.30000000000001,0.20000000000000001,4088.5999999999999,1956.3,1909.4999999999998,3911.3000000000002,192.40000000000001,114,21722.400000000001,21.399999999999999,0.5,2.5,26.300000000000001,0.5,6.2000000000000002,9.5,7.7000000000000002,4.7999999999999998,0.59999999999999998,2.7000000000000002,0.40000000000000002,5.7999999999999998,5.4000000000000004,0,0,0,0,8110040,1524,16193390,10159.799999999999,11562.6,8108488,8084902,6471680,1183744,23052288,6483968,1196032,23052288,6483968,1196032,23052288,6848512,1560576,23052288,6848512,1560576,23052288,6860800,1572864,23052288,23064576,17809408,23064576,0,0,0,33,33,71456,0,0,0,0,0,0,0,0,0,0,0,0,0,0,0,0,0,0,0,0,0,0,0,0,0,0,0,0,0,0,ok
controls,sax-scalar-unique-fallback,Avocado-glb,10,false,24607.5,313.5,275.19999999999999,38.299999999999997,134.5,0.10000000000000001,4436.8000000000002,2172.0999999999999,2126.0999999999999,4140.5,186.30000000000001,107.8,19412.599999999999,20.699999999999999,0.40000000000000002,2.3999999999999999,22.600000000000001,0.5,6.2000000000000002,8.8000000000000007,7.2000000000000002,5,0.5,2.7000000000000002,0.5,6.0999999999999996,5,0,0,0,0,8110040,1524,16193390,9678.5,9734.1000000000004,8108488,8084902,6467584,1220608,23064576,6479872,1232896,23064576,6479872,1232896,23064576,6852608,1572864,23064576,6852608,1572864,23064576,6860800,1572864,23064576,23064576,17809408,23064576,0,0,0,33,33,71456,0,0,0,0,0,0,0,0,0,0,0,0,0,0,0,0,0,0,0,0,0,0,0,0,0,0,0,0,0,0,ok
controls,sax-scalar-unique-fallback,Avocado-glb,11,false,26547,490.10000000000002,417.60000000000002,72.5,538.5,0.29999999999999999,5213.5,2592.1999999999998,2523.6999999999994,4909.6000000000004,194.5,110.5,19979.700000000001,21.899999999999999,0.5,2.8999999999999999,21.899999999999999,0.40000000000000002,6.2999999999999998,8.6999999999999993,7.4000000000000004,4.9000000000000004,0.5,2.6000000000000001,0.5,5.7999999999999998,5.5,0,0,0,0,8110040,1524,16193390,9830.1000000000004,10149.6,8108488,8084902,6459392,1216512,23064576,6479872,1241088,23064576,6479872,1241088,23064576,6856704,1572864,23064576,6856704,1572864,23064576,6860800,1572864,23064576,23064576,17809408,23064576,0,0,0,33,33,71456,0,0,0,0,0,0,0,0,0,0,0,0,0,0,0,0,0,0,0,0,0,0,0,0,0,0,0,0,0,0,ok
controls,sax-scalar-unique-fallback,Avocado-glb,12,false,36854.199999999997,395.69999999999999,340.19999999999999,55.5,226.09999999999999,0.20000000000000001,7843.3000000000002,3731.2000000000003,3650.7000000000007,7300.3999999999996,667.89999999999998,191.09999999999999,27507.200000000001,39.399999999999999,0.69999999999999996,4.4000000000000004,41,0.69999999999999996,11.5,14.9,12.5,8.1999999999999993,0.80000000000000004,4.9000000000000004,0.90000000000000002,10.5,8.4000000000000004,0,0,0,0,8110040,1524,16193390,13743.5,13763.700000000001,8108488,8084902,6447104,1175552,23064576,6467584,1196032,23064576,6467584,1196032,23064576,6856704,1572864,23064576,6856704,1572864,23064576,6860800,1572864,23064576,23064576,17809408,23064576,0,0,0,33,33,71456,0,0,0,0,0,0,0,0,0,0,0,0,0,0,0,0,0,0,0,0,0,0,0,0,0,0,0,0,0,0,ok
controls,sax-scalar-unique-fallback,Avocado-glb,13,false,27068.700000000001,391.19999999999999,342.80000000000001,48.399999999999999,161.40000000000001,0.20000000000000001,4180.1000000000004,1959.0999999999999,1910.8,3963.8000000000002,181,114.8,22024.900000000001,22.199999999999999,0.40000000000000002,2.7999999999999998,24,0.5,6.5,9.1999999999999993,7.2999999999999998,7.0999999999999996,0.59999999999999998,2.7999999999999998,0.5,5.5999999999999996,5.5,0,0,0,0,8110040,1524,16193390,12284.700000000001,9740.2000000000007,8108488,8084902,6479872,1261568,23064576,6496256,1277952,23064576,6496256,1277952,23064576,6832128,1572864,23064576,6832128,1572864,23064576,6844416,1572864,23064576,23048192,17809408,23064576,0,0,0,33,33,71456,0,0,0,0,0,0,0,0,0,0,0,0,0,0,0,0,0,0,0,0,0,0,0,0,0,0,0,0,0,0,ok
controls,sax-scalar-unique-fallback,Avocado-glb,14,false,27405.299999999999,355.40000000000003,312.10000000000002,43.299999999999997,135.19999999999999,0.10000000000000001,4720.6999999999998,2403.7000000000003,2351.7999999999997,4503.3999999999996,180.69999999999999,125.40000000000001,21872.699999999997,20,0.5,2.5,22.399999999999999,0.40000000000000002,6.2000000000000002,8.4000000000000004,7.4000000000000004,4.4000000000000004,0.5,3.1000000000000001,0.5,24.600000000000001,5.1999999999999993,0,0,0,0,8110040,1524,16193390,11812.4,10060.299999999999,8108488,8084902,6459392,1208320,23064576,6471680,1220608,23064576,6471680,1220608,23064576,6844416,1572864,23064576,6844416,1572864,23064576,6852608,1572864,23064576,23056384,17809408,23064576,0,0,0,33,33,71456,0,0,0,0,0,0,0,0,0,0,0,0,0,0,0,0,0,0,0,0,0,0,0,0,0,0,0,0,0,0,ok
controls,current,SpecularTest-glb,0,false,7745.3999999999996,326.20000000000005,276.10000000000002,50.100000000000001,690.20000000000005,0.10000000000000001,4385.3000000000002,2164.6999999999998,2107.1999999999998,4221.1000000000004,912.60000000000002,1065.5999999999999,352.69999999999999,46.700000000000003,0.59999999999999998,2.5,163.90000000000001,0.5,9.4000000000000004,581.5,127.40000000000001,85.900000000000006,2.6000000000000001,3.2999999999999998,0.5,8.6999999999999993,6.0999999999999996,0,0,0,0,223376,12084,242432,285.5,67.200000000000003,211264,31168,6356992,1179648,7335936,6447104,1286144,7335936,6447104,1286144,7335936,6836224,1568768,7335936,6844416,1654784,7335936,7159808,2240512,7335936,7401472,2240512,7401472,0,0,0,33,33,71456,0,0,0,0,0,0,0,0,0,0,0,0,0,0,0,0,0,0,0,0,0,0,0,0,0,0,0,0,0,0,ok
controls,current,SpecularTest-glb,1,false,7324.8999999999996,366.69999999999999,289.69999999999999,77,672.89999999999998,0,4118.1000000000004,1942.2000000000003,1898.7999999999997,3953.3000000000002,901.10000000000002,934.39999999999998,319.60000000000002,52.100000000000001,0.59999999999999998,2.6000000000000001,36.5,0.5,8.9000000000000004,541.29999999999995,161.09999999999999,82.799999999999997,2.7999999999999998,3.1000000000000001,0.59999999999999998,8.4000000000000004,5.9000000000000004,0,0,0,0,223376,12084,242432,254.09999999999999,65.5,211264,31168,6438912,1163264,7401472,6516736,1249280,7401472,6516736,1249280,7401472,6852608,1609728,7401472,6860800,1609728,7401472,7180288,2240512,7401472,7421952,2240512,7421952,0,0,0,33,33,71456,0,0,0,0,0,0,0,0,0,0,0,0,0,0,0,0,0,0,0,0,0,0,0,0,0,0,0,0,0,0,ok
controls,current,SpecularTest-glb,2,false,7268.5,346.30000000000001,297.80000000000001,48.5,640.10000000000002,0,4037,1897.5999999999997,1840.1999999999998,3871.1999999999998,906.20000000000005,961.79999999999995,365.40000000000003,46.899999999999999,0.5,2.7000000000000002,34.799999999999997,0.5,11.800000000000001,578.39999999999998,142.30000000000001,91.400000000000006,3,2.7999999999999998,0.59999999999999998,8.0999999999999996,6.3999999999999995,0,0,0,0,223376,12084,242432,279.10000000000002,86.299999999999997,211264,31168,6516736,1273856,7421952,6561792,1314816,7421952,6561792,1314816,7421952,6914048,1630208,7421952,6922240,1769472,7421952,7278592,2240512,7421952,7520256,2240512,7520256,0,0,0,33,33,71456,0,0,0,0,0,0,0,0,0,0,0,0,0,0,0,0,0,0,0,0,0,0,0,0,0,0,0,0,0,0,ok
controls,current,SpecularTest-glb,3,false,7700.6999999999998,291,250.09999999999999,40.899999999999999,679.60000000000002,0.10000000000000001,4341.3999999999996,2041.6000000000001,1985.6999999999998,4175.8000000000002,969.60000000000002,1014.6,389.60000000000002,55.799999999999997,0.40000000000000002,2.8999999999999999,41.899999999999999,0.5,10,568.10000000000002,166.69999999999999,86.099999999999994,2.7999999999999998,2.7999999999999998,0.5,8.5999999999999996,27.399999999999999,0,0,0,0,223376,12084,242432,311.30000000000001,78.299999999999997,211264,31168,6545408,1478656,7520256,6615040,1536000,7520256,6615040,1536000,7520256,6938624,1810432,7520256,6938624,1810432,7520256,7241728,2240512,7520256,7483392,2240512,7520256,0,0,0,33,33,71456,0,0,0,0,0,0,0,0,0,0,0,0,0,0,0,0,0,0,0,0,0,0,0,0,0,0,0,0,0,0,ok
controls,current,SpecularTest-glb,4,false,7331.3000000000002,274.80000000000001,235,39.799999999999997,702.70000000000005,0.20000000000000001,4138.8999999999996,1981.1000000000006,1924.1000000000004,3973.8000000000002,911.60000000000002,982.70000000000005,307.40000000000003,45.799999999999997,0.40000000000000002,2.5,36.200000000000003,0.59999999999999998,12,574.79999999999995,173.09999999999999,89.400000000000006,2.7000000000000002,3.1000000000000001,0.5,8.0999999999999996,6.8000000000000007,0,0,0,0,223376,12084,242432,244.80000000000001,62.600000000000001,211264,31168,6475776,1658880,7520256,6553600,1781760,7520256,6553600,1781760,7520256,6930432,2240512,7520256,6938624,2240512,7520256,7282688,2240512,7520256,7524352,2240512,7524352,0,0,0,33,33,71456,0,0,0,0,0,0,0,0,0,0,0,0,0,0,0,0,0,0,0,0,0,0,0,0,0,0,0,0,0,0,ok
controls,current,SpecularTest-glb,5,false,8489.3999999999996,354.39999999999998,300,54.399999999999999,724.20000000000005,0.20000000000000001,5169.8000000000002,2430.3000000000002,2367.5000000000005,5005,925.60000000000002,938.5,361.5,47,0.5,3.3999999999999999,35.299999999999997,0.5,9.3000000000000007,557.20000000000005,150,86.099999999999994,2.7000000000000002,3,0.59999999999999998,8.5,6.5999999999999996,0,0,0,0,223376,12084,242432,287.89999999999998,73.599999999999994,211264,31168,6529024,1228800,7524352,6623232,1323008,7524352,6623232,1323008,7524352,6950912,1658880,7524352,6959104,1658880,7524352,7274496,2240512,7524352,7516160,2240512,7524352,0,0,0,33,33,71456,0,0,0,0,0,0,0,0,0,0,0,0,0,0,0,0,0,0,0,0,0,0,0,0,0,0,0,0,0,0,ok
controls,current,SpecularTest-glb,6,false,7335.8999999999996,333.60000000000002,278.80000000000001,54.799999999999997,675.10000000000002,0.10000000000000001,4086.1999999999998,1909.3999999999999,1851.0999999999999,3920.3000000000002,914.20000000000005,960.70000000000005,353.40000000000003,45.600000000000001,0.40000000000000002,2.6000000000000001,36.399999999999999,0.5,12.800000000000001,583.10000000000002,142.19999999999999,86.5,3.1000000000000001,3.3999999999999999,0.5,8.6999999999999993,5.8999999999999995,0,0,0,0,223376,12084,242432,283.60000000000002,69.799999999999997,211264,31168,6471680,1167360,7524352,6578176,1277952,7524352,6578176,1277952,7524352,6967296,1740800,7524352,6967296,1740800,7524352,7315456,2240512,7524352,7557120,2273280,7557120,0,0,0,33,33,71456,0,0,0,0,0,0,0,0,0,0,0,0,0,0,0,0,0,0,0,0,0,0,0,0,0,0,0,0,0,0,ok
controls,current,SpecularTest-glb,7,false,7231.5,288.89999999999998,249.5,39.399999999999999,686.70000000000005,0,4086.4000000000001,1899.0999999999999,1853.2,3918.0999999999999,921.10000000000002,922.29999999999995,312.80000000000001,45.899999999999999,0.5,2.6000000000000001,34,0.5,9.8000000000000007,537.29999999999995,135.19999999999999,106.7,2.7000000000000002,3,0.59999999999999998,9,7.6999999999999993,0,0,0,0,223376,12084,242432,248.40000000000001,64.400000000000006,211264,31168,6565888,1777664,7557120,6647808,1855488,7557120,6647808,1855488,7557120,6971392,2273280,7557120,6979584,2273280,7557120,7262208,2273280,7557120,7503872,2273280,7557120,0,0,0,33,33,71456,0,0,0,0,0,0,0,0,0,0,0,0,0,0,0,0,0,0,0,0,0,0,0,0,0,0,0,0,0,0,ok
controls,current,SpecularTest-glb,8,false,7632.5,283,240.09999999999999,42.899999999999999,679.60000000000002,0.10000000000000001,4079,1957.9000000000003,1910.6999999999996,3913.8000000000002,1031.8,1096.5999999999999,447.80000000000001,47.100000000000001,0.5,2.7999999999999998,37.700000000000003,0.40000000000000002,12.199999999999999,544.79999999999995,172.80000000000001,206.09999999999999,5.7999999999999998,5.4000000000000004,0.80000000000000004,19,7.1999999999999993,0,0,0,0,223376,12084,242432,377.30000000000001,70.5,211264,31168,6516736,1212416,7557120,6610944,1318912,7557120,6610944,1318912,7557120,6987776,1703936,7557120,6987776,1703936,7557120,7299072,2273280,7557120,7540736,2273280,7557120,0,0,0,33,33,71456,0,0,0,0,0,0,0,0,0,0,0,0,0,0,0,0,0,0,0,0,0,0,0,0,0,0,0,0,0,0,ok
controls,current,SpecularTest-glb,9,false,12782.700000000001,415.70000000000005,348.10000000000002,67.599999999999994,1254.8,0.29999999999999999,7158.3999999999996,3405.3999999999996,3326.8000000000002,6837.6000000000004,1699.9000000000001,1750.0999999999999,479.5,77,0.69999999999999996,4.5,69.700000000000003,0.80000000000000004,16.600000000000001,1045.7,287.39999999999998,170.09999999999999,4.9000000000000004,5,0.80000000000000004,16.600000000000001,9.5,0,0,0,0,223376,12084,242432,384.80000000000001,94.700000000000003,211264,31168,6619136,1327104,7557120,6676480,1466368,7557120,6676480,1466368,7557120,6991872,1781760,7557120,7000064,1781760,7557120,7258112,2273280,7557120,7499776,2273280,7557120,0,0,0,33,33,71456,0,0,0,0,0,0,0,0,0,0,0,0,0,0,0,0,0,0,0,0,0,0,0,0,0,0,0,0,0,0,ok
controls,current,SpecularTest-glb,10,false,7445.3000000000002,414.5,360.89999999999998,53.600000000000001,697.5,0.10000000000000001,4087.4000000000001,1919.7999999999997,1876.5999999999999,3918.6999999999998,930.10000000000002,912.79999999999995,389.60000000000002,46.200000000000003,0.5,3.1000000000000001,34,0.5,12,556.70000000000005,134.09999999999999,84.799999999999997,2.7000000000000002,2.8999999999999999,0.5,8.5999999999999996,6.2000000000000002,0,0,0,0,223376,12084,242432,319.19999999999999,70.400000000000006,211264,31168,6557696,1298432,7557120,6651904,1404928,7557120,6651904,1404928,7557120,7008256,1699840,7557120,7016448,1798144,7557120,7315456,2273280,7557120,7557120,2273280,7557120,0,0,0,33,33,71456,0,0,0,0,0,0,0,0,0,0,0,0,0,0,0,0,0,0,0,0,0,0,0,0,0,0,0,0,0,0,ok
controls,current,SpecularTest-glb,11,false,7511.5,309.30000000000001,259.80000000000001,49.5,713,0.10000000000000001,4196.8000000000002,1987.5999999999997,1914.4000000000001,4018,939.10000000000002,985.39999999999998,354.19999999999999,43.299999999999997,0.5,2.6000000000000001,35.700000000000003,0.5,9.3000000000000007,621.89999999999998,140.59999999999999,87.599999999999994,2.8999999999999999,2.8999999999999999,0.69999999999999996,8.6999999999999993,6.4000000000000004,0,0,0,0,223376,12084,242432,280.39999999999998,73.799999999999997,211264,31168,6639616,1372160,7557120,6725632,1495040,7557120,6725632,1495040,7557120,7020544,1740800,7557120,7028736,1740800,7557120,7311360,2273280,7557120,7553024,2273280,7557120,0,0,0,33,33,71456,0,0,0,0,0,0,0,0,0,0,0,0,0,0,0,0,0,0,0,0,0,0,0,0,0,0,0,0,0,0,ok
controls,current,SpecularTest-glb,12,false,7661.8999999999996,375.80000000000001,329.30000000000001,46.5,697.60000000000002,0.10000000000000001,4097.6000000000004,1924.7,1880.3000000000002,3932.6999999999998,908.20000000000005,1053.2,513.39999999999998,44.600000000000001,0.5,2.7999999999999998,36.399999999999999,0.5,12.5,677.39999999999998,142.80000000000001,85,2.6000000000000001,3.2000000000000002,0.59999999999999998,9.8000000000000007,6.7000000000000002,0,0,0,0,223376,12084,242432,389,124.40000000000001,211264,31168,6590464,1421312,7557120,6680576,1519616,7557120,6680576,1519616,7557120,7016448,1798144,7557120,7020544,1798144,7557120,7315456,2273280,7557120,7557120,2273280,7557120,0,0,0,33,33,71456,0,0,0,0,0,0,0,0,0,0,0,0,0,0,0,0,0,0,0,0,0,0,0,0,0,0,0,0,0,0,ok
controls,current,SpecularTest-glb,13,false,7815.6000000000004,302.79999999999995,261.39999999999998,41.399999999999999,694.89999999999998,0.10000000000000001,4172.3999999999996,1968.1000000000001,1919.3000000000002,4005.4000000000001,930.39999999999998,1243.5999999999999,455.10000000000002,50.200000000000003,0.69999999999999996,5,156.80000000000001,0.90000000000000002,13.800000000000001,723.10000000000002,141.80000000000001,98.099999999999994,3.1000000000000001,3,0.59999999999999998,9.8000000000000007,6.6999999999999993,0,0,0,0,223376,12084,242432,363.10000000000002,92,211264,31168,6651904,1409024,7557120,6721536,1454080,7557120,6721536,1454080,7557120,7094272,1904640,7557120,7094272,1904640,7557120,7311360,2273280,7557120,7553024,2273280,7557120,0,0,0,33,33,71456,0,0,0,0,0,0,0,0,0,0,0,0,0,0,0,0,0,0,0,0,0,0,0,0,0,0,0,0,0,0,ok
controls,current,SpecularTest-glb,14,false,7674,321.79999999999995,276.89999999999998,44.899999999999999,708.29999999999995,0.10000000000000001,4218.6000000000004,1979.9000000000005,1927.1999999999998,4049.1999999999998,975,1031.2,387,42.600000000000001,0.5,3,49.899999999999999,0.5,16.100000000000001,632.29999999999995,140.69999999999999,95.200000000000003,3,3.1000000000000001,0.5,9.5999999999999996,6.2999999999999998,0,0,0,0,223376,12084,242432,315.89999999999998,71.099999999999994,211264,31168,6569984,1257472,7557120,6656000,1351680,7557120,6656000,1351680,7557120,7020544,1769472,7557120,7028736,1769472,7557120,7311360,2273280,7557120,7553024,2273280,7557120,0,0,0,33,33,71456,0,0,0,0,0,0,0,0,0,0,0,0,0,0,0,0,0,0,0,0,0,0,0,0,0,0,0,0,0,0,ok
controls,sax-scalar-unique-fallback,SpecularTest-glb,0,false,8721.5,369.69999999999999,308.89999999999998,60.799999999999997,899.89999999999998,0,4155.5,1969.8000000000004,1908.5999999999997,3983.5,1093.9000000000001,1670.8,512.59999999999991,107.2,0.59999999999999998,4,64.700000000000003,0.80000000000000004,14.800000000000001,1005.4,243.30000000000001,144.69999999999999,5.0999999999999996,5.5999999999999996,0.80000000000000004,15.1,10.4,0,0,0,0,223376,12084,242432,376.89999999999998,135.69999999999999,211264,31168,6393856,1122304,7360512,6471680,1220608,7360512,6471680,1220608,7360512,6852608,1572864,7360512,6852608,1572864,7360512,7184384,2072576,7360512,7434240,2285568,7434240,0,0,0,33,33,71456,0,0,0,0,0,0,0,0,0,0,0,0,0,0,0,0,0,0,0,0,0,0,0,0,0,0,0,0,0,0,ok
controls,sax-scalar-unique-fallback,SpecularTest-glb,1,false,7876.8999999999996,447.10000000000002,352.30000000000001,94.799999999999997,1062,0.10000000000000001,4241.8999999999996,2088.1999999999994,2034.8999999999999,3934.5999999999999,830.39999999999998,918.5,362.5,73.400000000000006,0.5,2.7999999999999998,39.700000000000003,0.5,10.4,536.39999999999998,126.5,83.099999999999994,2.6000000000000001,3.2999999999999998,0.5,8.0999999999999996,6.2000000000000002,0,0,0,0,223376,12084,242432,297,65.5,211264,31168,6455296,1171456,7434240,6549504,1327104,7434240,6549504,1327104,7434240,6885376,1650688,7434240,6885376,1650688,7434240,7208960,2285568,7434240,7450624,2285568,7450624,0,0,0,33,33,71456,0,0,0,0,0,0,0,0,0,0,0,0,0,0,0,0,0,0,0,0,0,0,0,0,0,0,0,0,0,0,ok
controls,sax-scalar-unique-fallback,SpecularTest-glb,2,false,7709.5,326.20000000000005,282.60000000000002,43.600000000000001,605.20000000000005,0.20000000000000001,4646.5,2153,2100.7999999999997,4478.1999999999998,848,914.5,357.10000000000002,46.399999999999999,0.40000000000000002,2.6000000000000001,39.5,0.40000000000000002,8.8000000000000007,538.5,145.90000000000001,85.5,2.8999999999999999,3,0.5,8.0999999999999996,6.2000000000000002,0,0,0,0,223376,12084,242432,279.30000000000001,77.799999999999997,211264,31168,6545408,1323008,7450624,6615040,1413120,7450624,6615040,1413120,7450624,6942720,1683456,7450624,6942720,1683456,7450624,7229440,2285568,7450624,7471104,2285568,7471104,0,0,0,33,33,71456,0,0,0,0,0,0,0,0,0,0,0,0,0,0,0,0,0,0,0,0,0,0,0,0,0,0,0,0,0,0,ok
controls,sax-scalar-unique-fallback,SpecularTest-glb,3,false,7230.6999999999998,354.89999999999998,295.89999999999998,59,726.79999999999995,0.20000000000000001,4026.5,1905.0999999999999,1860.9999999999998,3850.5999999999999,837.20000000000005,929.39999999999998,337.60000000000002,47.399999999999999,0.5,2.7999999999999998,40.299999999999997,0.5,12,537.60000000000002,153.30000000000001,87.099999999999994,3.2999999999999998,3.1000000000000001,0.5,8.4000000000000004,6.2999999999999998,0,0,0,0,223376,12084,242432,271.10000000000002,66.5,211264,31168,6533120,1290240,7471104,6623232,1392640,7471104,6623232,1392640,7471104,6926336,1658880,7471104,6926336,1658880,7471104,7237632,2285568,7471104,7479296,2285568,7479296,0,0,0,33,33,71456,0,0,0,0,0,0,0,0,0,0,0,0,0,0,0,0,0,0,0,0,0,0,0,0,0,0,0,0,0,0,ok
controls,sax-scalar-unique-fallback,SpecularTest-glb,4,false,7801.1999999999998,390.69999999999999,342.69999999999999,48,635.79999999999995,0.10000000000000001,4533.3999999999996,2114.3000000000006,2063,4361,912.89999999999998,955.60000000000002,360.19999999999999,49.200000000000003,0.5,2.5,40.299999999999997,0.5,9.1999999999999993,577.39999999999998,133.30000000000001,102,2.8999999999999999,3.1000000000000001,0.59999999999999998,8.0999999999999996,5.7000000000000002,0,0,0,0,223376,12084,242432,294.39999999999998,65.799999999999997,211264,31168,6557696,1269760,7479296,6639616,1359872,7479296,6639616,1359872,7479296,6983680,1708032,7479296,6991872,1708032,7479296,7278592,2285568,7479296,7520256,2285568,7520256,0,0,0,33,33,71456,0,0,0,0,0,0,0,0,0,0,0,0,0,0,0,0,0,0,0,0,0,0,0,0,0,0,0,0,0,0,ok
controls,sax-scalar-unique-fallback,SpecularTest-glb,5,false,7227,359.90000000000003,311.60000000000002,48.299999999999997,624.20000000000005,0.20000000000000001,4072.6999999999998,1900.7999999999997,1852.4000000000001,3901.8000000000002,832.60000000000002,947.10000000000002,378.39999999999998,49.200000000000003,0.40000000000000002,2.7999999999999998,34.100000000000001,0.5,11,584.10000000000002,129.90000000000001,87.099999999999994,3,3.2000000000000002,0.59999999999999998,8.5,6.0999999999999996,0,0,0,0,223376,12084,242432,285.30000000000001,93.099999999999994,211264,31168,6508544,1212416,7520256,6610944,1392640,7520256,6610944,1392640,7520256,6963200,1757184,7520256,6963200,1757184,7520256,7241728,2285568,7520256,7483392,2285568,7520256,0,0,0,33,33,71456,0,0,0,0,0,0,0,0,0,0,0,0,0,0,0,0,0,0,0,0,0,0,0,0,0,0,0,0,0,0,ok
controls,sax-scalar-unique-fallback,SpecularTest-glb,6,false,9637.1000000000004,372.80000000000001,309.69999999999999,63.100000000000001,644.29999999999995,0.10000000000000001,4715.6000000000004,2210.5000000000005,2152.5999999999999,4545.6000000000004,1559,1844.0999999999999,481.20000000000005,83.700000000000003,0.69999999999999996,4.0999999999999996,66.900000000000006,0.59999999999999998,16.800000000000001,1083.5999999999999,302.69999999999999,208.69999999999999,4.7000000000000002,5.0999999999999996,0.90000000000000002,15.9,10.699999999999999,0,0,0,0,223376,12084,242432,387.30000000000001,93.900000000000006,211264,31168,6537216,1232896,7520256,6639616,1454080,7520256,6639616,1454080,7520256,6991872,1720320,7520256,7000064,1720320,7520256,7286784,2285568,7520256,7528448,2285568,7528448,0,0,0,33,33,71456,0,0,0,0,0,0,0,0,0,0,0,0,0,0,0,0,0,0,0,0,0,0,0,0,0,0,0,0,0,0,ok
controls,sax-scalar-unique-fallback,SpecularTest-glb,7,false,13566.799999999999,409,341.60000000000002,67.400000000000006,1165.8,0.20000000000000001,8357.8999999999996,4294.2000000000007,4205.2000000000007,8052.6000000000004,1504.5,1645.0999999999999,461.69999999999999,78.599999999999994,0.59999999999999998,5.5999999999999996,69.599999999999994,0.69999999999999996,18.899999999999999,958.29999999999995,252.59999999999999,181.09999999999999,5.2000000000000002,5.0999999999999996,1,15.800000000000001,11.5,0,0,0,0,223376,12084,242432,371.69999999999999,90,211264,31168,6545408,1241088,7528448,6643712,1343488,7528448,6643712,1343488,7528448,6975488,1757184,7528448,6975488,1757184,7528448,7249920,2285568,7528448,7491584,2285568,7528448,0,0,0,33,33,71456,0,0,0,0,0,0,0,0,0,0,0,0,0,0,0,0,0,0,0,0,0,0,0,0,0,0,0,0,0,0,ok
controls,sax-scalar-unique-fallback,SpecularTest-glb,8,false,11302.799999999999,469.09999999999997,413.89999999999998,55.200000000000003,1079.5,0.20000000000000001,6134.3999999999996,3053.6000000000004,2979.1999999999994,5842,1556,1555,484,83.299999999999997,0.59999999999999998,4,65.400000000000006,0.59999999999999998,16.300000000000001,943.60000000000002,216,140.90000000000001,5.2000000000000002,5.2000000000000002,0.80000000000000004,14.6,10.100000000000001,0,0,0,0,223376,12084,242432,389.19999999999999,94.799999999999997,211264,31168,6602752,1372160,7528448,6680576,1458176,7528448,6680576,1458176,7528448,7012352,1744896,7528448,7020544,1744896,7528448,7278592,2285568,7528448,7520256,2285568,7528448,0,0,0,33,33,71456,0,0,0,0,0,0,0,0,0,0,0,0,0,0,0,0,0,0,0,0,0,0,0,0,0,0,0,0,0,0,ok
controls,sax-scalar-unique-fallback,SpecularTest-glb,9,false,7805,381.19999999999999,327,54.200000000000003,655.20000000000005,0.20000000000000001,4190.6000000000004,2007.3999999999999,1956.6000000000004,4016.3000000000002,876.39999999999998,1196.0999999999999,488,50.700000000000003,0.5,2.6000000000000001,42.299999999999997,0.5,12.800000000000001,636.70000000000005,239.09999999999999,150.5,5,5.5,0.90000000000000002,14.6,7.2000000000000002,0,0,0,0,223376,12084,242432,393,95,211264,31168,6553600,1380352,7528448,6647808,1470464,7528448,6647808,1470464,7528448,6963200,1671168,7528448,6963200,1671168,7528448,7274496,2285568,7528448,7516160,2285568,7528448,0,0,0,33,33,71456,0,0,0,0,0,0,0,0,0,0,0,0,0,0,0,0,0,0,0,0,0,0,0,0,0,0,0,0,0,0,ok
controls,sax-scalar-unique-fallback,SpecularTest-glb,10,false,12215.9,457.5,392.60000000000002,64.900000000000006,1423.8,0.20000000000000001,6902,3267.7000000000007,3185.5000000000009,6607.3999999999996,1549.9000000000001,1511.2,350.10000000000002,79.200000000000003,0.59999999999999998,4.5,71.200000000000003,0.69999999999999996,15.1,968.60000000000002,223.40000000000001,91.799999999999997,3.5,3.7000000000000002,0.5,9.0999999999999996,8.4000000000000004,0,0,0,0,223376,12084,242432,283.10000000000002,67,211264,31168,6610944,1327104,7528448,6664192,1380352,7528448,6664192,1380352,7528448,6983680,1703936,7528448,6991872,1703936,7528448,7319552,2285568,7528448,7561216,2285568,7561216,0,0,0,33,33,71456,0,0,0,0,0,0,0,0,0,0,0,0,0,0,0,0,0,0,0,0,0,0,0,0,0,0,0,0,0,0,ok
controls,sax-scalar-unique-fallback,SpecularTest-glb,11,false,7377.3999999999996,372.19999999999999,315.89999999999998,56.299999999999997,633.60000000000002,0.10000000000000001,4172.3000000000002,2011.7999999999997,1942.2,3998.8000000000002,918.29999999999995,917.79999999999995,349.5,47.799999999999997,0.5,2.8999999999999999,37,0.5,12.1,555.89999999999998,126,87,2.8999999999999999,3.1000000000000001,0.80000000000000004,8.1999999999999993,6.4000000000000004,0,0,0,0,223376,12084,242432,231.69999999999999,117.8,211264,31168,6533120,1220608,7561216,6631424,1318912,7561216,6631424,1318912,7561216,6991872,2170880,7561216,7000064,2285568,7561216,7286784,2285568,7561216,7528448,2285568,7561216,0,0,0,33,33,71456,0,0,0,0,0,0,0,0,0,0,0,0,0,0,0,0,0,0,0,0,0,0,0,0,0,0,0,0,0,0,ok
controls,sax-scalar-unique-fallback,SpecularTest-glb,12,false,7198.3999999999996,303,258.39999999999998,44.600000000000001,626.20000000000005,0.10000000000000001,4092.9000000000001,1940.5999999999997,1888.0999999999999,3920.6999999999998,850.79999999999995,959,354.20000000000005,53.700000000000003,0.40000000000000002,2.7999999999999998,40.600000000000001,0.5,9.5999999999999996,589.5,127.7,87.299999999999997,2.7000000000000002,3.3999999999999999,0.5,8.6999999999999993,5.7000000000000002,0,0,0,0,223376,12084,242432,267.30000000000001,86.900000000000006,211264,31168,6553600,1298432,7561216,6656000,1396736,7561216,6656000,1396736,7561216,7004160,1753088,7561216,7004160,1753088,7561216,7319552,2285568,7561216,7561216,2285568,7561216,0,0,0,33,33,71456,0,0,0,0,0,0,0,0,0,0,0,0,0,0,0,0,0,0,0,0,0,0,0,0,0,0,0,0,0,0,ok
controls,sax-scalar-unique-fallback,SpecularTest-glb,13,false,7236.5,233.60000000000002,189.40000000000001,44.200000000000003,631.20000000000005,0.10000000000000001,4175.8000000000002,1948.1999999999998,1893.6000000000004,4004.5999999999999,918.79999999999995,917.39999999999998,346.09999999999997,50,0.5,3,39.5,0.40000000000000002,12.1,551.89999999999998,133.09999999999999,83.299999999999997,2.8999999999999999,3.2999999999999998,0.59999999999999998,9,6.0999999999999996,0,0,0,0,223376,12084,242432,279.89999999999998,66.200000000000003,211264,31168,6598656,1298432,7561216,6668288,1421312,7561216,6668288,1421312,7561216,6995968,2285568,7561216,7004160,2285568,7561216,7258112,2285568,7561216,7499776,2285568,7561216,0,0,0,33,33,71456,0,0,0,0,0,0,0,0,0,0,0,0,0,0,0,0,0,0,0,0,0,0,0,0,0,0,0,0,0,0,ok
controls,sax-scalar-unique-fallback,SpecularTest-glb,14,false,9136.2999999999993,442.60000000000002,372,70.599999999999994,1103.0999999999999,0.20000000000000001,5161.5,2469.4999999999995,2386.1999999999998,4858.5,854.10000000000002,1171.9000000000001,385.5,52.5,0.5,2.5,40.899999999999999,0.5,9.1999999999999993,779.39999999999998,134.30000000000001,101.5,3.3999999999999999,3.5,0.59999999999999998,8.6999999999999993,6.5999999999999996,0,0,0,0,223376,12084,242432,299.60000000000002,85.900000000000006,211264,31168,6549504,1290240,7561216,6639616,1380352,7561216,6639616,1380352,7561216,7008256,1744896,7561216,7008256,1744896,7561216,7319552,2285568,7561216,7561216,2285568,7561216,0,0,0,33,33,71456,0,0,0,0,0,0,0,0,0,0,0,0,0,0,0,0,0,0,0,0,0,0,0,0,0,0,0,0,0,0,ok
scaling,current,NodePerformance-100,0,false,72311.5,729.10000000000002,352.5,376.60000000000002,15294.5,0.20000000000000001,6915.6999999999998,3276.5999999999995,3178,6627.1999999999998,12764.5,5541.6000000000004,31040.900000000001,1526.4000000000001,0.90000000000000002,3.7000000000000002,1202,6.7999999999999998,211.40000000000001,1214.5999999999999,601.10000000000002,473.39999999999998,4.0999999999999996,15,0.80000000000000004,199.40000000000001,15.899999999999999,0,0,0,0,25751692,133596,26205746,29496,1544.9000000000001,25618068,587678,6623232,1380352,35667968,7286784,2027520,35667968,7286784,2027520,35667968,7618560,2437120,35667968,7634944,2437120,35667968,9666560,4558848,35667968,35741696,30679040,35741696,0,0,0,33,33,71456,0,0,0,0,0,0,0,0,0,0,0,0,0,0,0,0,0,0,0,0,0,0,0,0,0,0,0,0,0,0,ok
scaling,current,NodePerformance-100,1,false,68266.899999999994,550.79999999999995,283.80000000000001,267,8539.2999999999993,0.10000000000000001,4268,1973.2999999999997,1926.4999999999998,4084,11614,10171.9,33098.900000000001,2730.8000000000002,1.3,6.0999999999999996,2366.1999999999998,11.5,458.10000000000002,2107.3000000000002,1156.3,843.39999999999998,6.0999999999999996,27.5,1.3999999999999999,377.80000000000001,22.800000000000001,0,0,0,0,25751692,133596,26205746,31131.299999999999,1967.5999999999999,25618068,587678,6750208,1679360,35741696,7385088,2101248,35741696,7385088,2101248,35741696,7659520,2498560,35741696,7659520,2498560,35741696,9670656,4567040,35741696,35782656,30703616,35782656,0,0,0,33,33,71456,0,0,0,0,0,0,0,0,0,0,0,0,0,0,0,0,0,0,0,0,0,0,0,0,0,0,0,0,0,0,ok
scaling,current,NodePerformance-100,2,false,61733.599999999999,548.20000000000005,309.19999999999999,239,7741.6999999999998,0.20000000000000001,4343.1999999999998,2029.5999999999997,1954.9999999999998,4165.8999999999996,10915.299999999999,5693.3000000000002,32469.700000000001,1673.7,1.3999999999999999,4.2999999999999998,1284.0999999999999,7.7999999999999998,212.90000000000001,1208.5999999999999,627.10000000000002,427.39999999999998,3.3999999999999999,13.800000000000001,0.69999999999999996,180.09999999999999,12.699999999999999,0,0,0,0,25751692,133596,26205746,30550.5,1919.2,25618068,587678,6713344,1449984,35782656,7393280,2187264,35782656,7393280,2187264,35782656,7716864,2543616,35782656,7716864,2543616,35782656,9768960,4640768,35782656,35872768,30793728,35872768,0,0,0,33,33,71456,0,0,0,0,0,0,0,0,0,0,0,0,0,0,0,0,0,0,0,0,0,0,0,0,0,0,0,0,0,0,ok
scaling,current,NodePerformance-100,3,false,64427.699999999997,535,303,232,7777.1000000000004,0.20000000000000001,4334.8999999999996,2090.3000000000002,2044.0000000000005,4140.6999999999998,10961.6,5946.3000000000002,34847.099999999999,1684.3,1.1000000000000001,3.2999999999999998,1195.5,7,280.30000000000001,1476.3,573.89999999999998,437,4.0999999999999996,14.5,0.59999999999999998,211.19999999999999,18.5,0,0,0,0,25751692,133596,26205746,32741.200000000001,2105.9000000000001,25618068,587678,6746112,1974272,35872768,7438336,2215936,35872768,7438336,2215936,35872768,7700480,2617344,35872768,7700480,2617344,35872768,9699328,4567040,35872768,35811328,30724096,35872768,0,0,0,33,33,71456,0,0,0,0,0,0,0,0,0,0,0,0,0,0,0,0,0,0,0,0,0,0,0,0,0,0,0,0,0,0,ok
scaling,current,NodePerformance-100,4,false,60275.5,532.10000000000002,304.80000000000001,227.30000000000001,7738.3000000000002,0.20000000000000001,4023.8000000000002,1839.7999999999995,1789.9000000000003,3836.4000000000001,11241.6,5426.1000000000004,31291.599999999999,1488.5999999999999,0.59999999999999998,3.5,1208.2,6.9000000000000004,200.90000000000001,1237,576.70000000000005,451.89999999999998,3.7999999999999998,14.6,0.69999999999999996,181.5,14.1,0,0,0,0,25751692,133596,26205746,29719.599999999999,1572,25618068,587678,6750208,1486848,35872768,7426048,2183168,35872768,7426048,2183168,35872768,7737344,2617344,35872768,7737344,2617344,35872768,9768960,4636672,35872768,35880960,30793728,35880960,0,0,0,33,33,71456,0,0,0,0,0,0,0,0,0,0,0,0,0,0,0,0,0,0,0,0,0,0,0,0,0,0,0,0,0,0,ok
scaling,current,NodePerformance-100,5,false,61251.900000000001,475.19999999999999,275.89999999999998,199.30000000000001,7492.3000000000002,0.20000000000000001,4033,1896.5000000000005,1851.3999999999999,3826.1999999999998,10930.5,5559.8999999999996,32739.100000000002,1580.2,1.1000000000000001,4,1233.7,7.4000000000000004,196.59999999999999,1209.5,605.60000000000002,432.69999999999999,3.8999999999999999,14.699999999999999,0.59999999999999998,218.30000000000001,15.600000000000001,0,0,0,0,25751692,133596,26205746,31109.400000000001,1629.7,25618068,587678,6774784,2158592,35880960,7454720,2183168,35880960,7454720,2183168,35880960,7733248,2629632,35880960,7733248,2629632,35880960,9826304,4636672,35880960,35930112,30793728,35930112,0,0,0,33,33,71456,0,0,0,0,0,0,0,0,0,0,0,0,0,0,0,0,0,0,0,0,0,0,0,0,0,0,0,0,0,0,ok
scaling,current,NodePerformance-100,6,false,63191.599999999999,470.10000000000002,267.69999999999999,202.40000000000001,7564.6999999999998,0.20000000000000001,3953.6999999999998,1826.9999999999998,1777.2000000000003,3777.9000000000001,11513.9,5774,33893.300000000003,1682.9000000000001,0.69999999999999996,3.5,1268.9000000000001,8.8000000000000007,233.5,1250.3,633.20000000000005,407.19999999999999,3.7999999999999998,14.800000000000001,0.59999999999999998,216,14.4,0,0,0,0,25751692,133596,26205746,32186.5,1706.8,25618068,587678,6717440,1437696,35930112,7495680,2269184,35930112,7495680,2269184,35930112,7757824,2531328,35930112,7757824,2531328,35930112,9764864,4632576,35930112,35880960,30793728,35930112,0,0,0,33,33,71456,0,0,0,0,0,0,0,0,0,0,0,0,0,0,0,0,0,0,0,0,0,0,0,0,0,0,0,0,0,0,ok
scaling,sax-scalar-unique-fallback,NodePerformance-100,0,false,90154.100000000006,1159.5999999999999,643.79999999999995,515.79999999999995,10754.799999999999,0.40000000000000002,8646.7000000000007,3739.6999999999998,3649.3999999999996,8334,18169.099999999999,12846.700000000001,38548,3249.0999999999999,1.3,5.5999999999999996,3146.5999999999999,12.699999999999999,493,2910.0999999999999,1280.4000000000001,1073.7,5.7000000000000002,20.899999999999999,0.80000000000000004,539.10000000000002,28.399999999999999,0,0,0,0,25751692,133596,26205746,36917,1631,25618068,587678,6574080,1392640,35819520,7270400,1994752,35819520,7270400,1994752,35819520,7507968,2519040,35819520,7524352,2519040,35819520,9793536,4673536,35819520,35848192,30777344,35848192,0,0,0,33,33,71456,0,0,0,0,0,0,0,0,0,0,0,0,0,0,0,0,0,0,0,0,0,0,0,0,0,0,0,0,0,0,ok
scaling,sax-scalar-unique-fallback,NodePerformance-100,1,false,70209.699999999997,428.19999999999999,217.09999999999999,211.09999999999999,5512.8999999999996,0.29999999999999999,4846.1000000000004,2254.7000000000007,2194.6999999999998,4655.8000000000002,13892.700000000001,8245.8999999999996,37257,2501.5,1,4,2253,12.699999999999999,364.10000000000002,1779.8,601.10000000000002,471.69999999999999,3.8999999999999999,13.6,0.59999999999999998,180.5,17.5,0,0,0,0,25751692,133596,26205746,34884.900000000001,2372.0999999999999,25618068,587678,6680576,1421312,35848192,7241728,1998848,35848192,7241728,1998848,35848192,7565312,2568192,35848192,7581696,2568192,35848192,9773056,4653056,35848192,35897344,30826496,35897344,0,0,0,33,33,71456,0,0,0,0,0,0,0,0,0,0,0,0,0,0,0,0,0,0,0,0,0,0,0,0,0,0,0,0,0,0,ok
scaling,sax-scalar-unique-fallback,NodePerformance-100,2,false,83403.100000000006,1414.6999999999998,1068.5999999999999,346.10000000000002,10383.1,0.29999999999999999,7324.6000000000004,3340.2999999999993,3254.3000000000002,6970.8999999999996,15541.9,10607.200000000001,38104.800000000003,2723.0999999999999,1.6000000000000001,5.2999999999999998,2426.8000000000002,12.5,435.80000000000001,2724.0999999999999,1168.9000000000001,769.70000000000005,4.4000000000000004,14.300000000000001,0.69999999999999996,251.40000000000001,23.399999999999999,0,0,0,0,25751692,133596,26205746,35991.5,2113.3000000000002,25618068,587678,6610944,1474560,35897344,7278592,2080768,35897344,7278592,2080768,35897344,7581696,2682880,35897344,7598080,2682880,35897344,9740288,4624384,35897344,35893248,30826496,35897344,0,0,0,33,33,71456,0,0,0,0,0,0,0,0,0,0,0,0,0,0,0,0,0,0,0,0,0,0,0,0,0,0,0,0,0,0,ok
scaling,sax-scalar-unique-fallback,NodePerformance-100,3,false,61597.599999999999,468.29999999999995,255.59999999999999,212.69999999999999,7270.1000000000004,0.5,5730,2834.6999999999998,2750.1000000000004,5428,10857.1,5666.6000000000004,31583.5,1600,1,4,1271.7,7.9000000000000004,210.90000000000001,1231.2,614.79999999999995,483.5,4.0999999999999996,13.699999999999999,0.69999999999999996,179.40000000000001,14.699999999999999,0,0,0,0,25751692,133596,26205746,30116.099999999999,1467.4000000000001,25618068,587678,6623232,1478656,35897344,7340032,2088960,35897344,7340032,2088960,35897344,7626752,2486272,35897344,7643136,2486272,35897344,9846784,5156864,35897344,35975168,30900224,35975168,0,0,0,33,33,71456,0,0,0,0,0,0,0,0,0,0,0,0,0,0,0,0,0,0,0,0,0,0,0,0,0,0,0,0,0,0,ok
scaling,sax-scalar-unique-fallback,NodePerformance-100,4,false,64654.400000000001,495,246.59999999999999,248.40000000000001,6256.1999999999998,0.40000000000000002,5559.6999999999998,2680.900000000001,2589.1000000000004,5237.1999999999998,11775.4,7891.8000000000002,32652.700000000001,1532.5999999999999,1.1000000000000001,4.2999999999999998,1630.2,9,370.30000000000001,2364.1999999999998,1314.0999999999999,426.69999999999999,3.5,14.800000000000001,0.69999999999999996,176,13.699999999999999,0,0,0,0,25751692,133596,26205746,31168.299999999999,1484.4000000000001,25618068,587678,6672384,1458176,35975168,7376896,2121728,35975168,7376896,2121728,35975168,7565312,2572288,35975168,7581696,2572288,35975168,9830400,5230592,35975168,35938304,30900224,35975168,0,0,0,33,33,71456,0,0,0,0,0,0,0,0,0,0,0,0,0,0,0,0,0,0,0,0,0,0,0,0,0,0,0,0,0,0,ok
scaling,sax-scalar-unique-fallback,NodePerformance-100,5,false,60108.800000000003,505.60000000000002,264.10000000000002,241.5,5226,0.29999999999999999,4652.8000000000002,2080.3000000000002,2016.4999999999995,4474.3000000000002,10110.200000000001,5914.6999999999998,33676.5,1482.3,0.90000000000000002,4.5999999999999996,1225.2,7.5999999999999996,205.90000000000001,1697.3,599.89999999999998,451.30000000000001,3.8999999999999999,13.300000000000001,0.69999999999999996,180.59999999999999,13.4,0,0,0,0,25751692,133596,26205746,31958.799999999999,1717.7,25618068,587678,6610944,1327104,35975168,7335936,2686976,35975168,7335936,2686976,35975168,7639040,3026944,35975168,7655424,3026944,35975168,9859072,5230592,35975168,35971072,30900224,35975168,0,0,0,33,33,71456,0,0,0,0,0,0,0,0,0,0,0,0,0,0,0,0,0,0,0,0,0,0,0,0,0,0,0,0,0,0,ok
scaling,sax-scalar-unique-fallback,NodePerformance-100,6,false,69581.399999999994,486.30000000000001,251.5,234.80000000000001,5546.5,0.29999999999999999,5244.6000000000004,2475.9999999999995,2421.4000000000001,5068.1999999999998,8920.8999999999996,5709.8999999999996,43651.199999999997,1437.5,0.69999999999999996,3.7000000000000002,1219.2,7,221.09999999999999,1500.7,613.29999999999995,455.5,3.8999999999999999,20.5,0.69999999999999996,183.5,13.4,0,0,0,0,25751692,133596,26205746,41241.599999999999,2409.5999999999999,25618068,587678,6733824,1507328,35975168,7397376,2158592,35975168,7397376,2158592,35975168,7626752,2465792,35975168,7643136,2465792,35975168,9850880,4734976,35975168,35942400,30871552,35975168,0,0,0,33,33,71456,0,0,0,0,0,0,0,0,0,0,0,0,0,0,0,0,0,0,0,0,0,0,0,0,0,0,0,0,0,0,ok
scaling,sax-scalar-unique-fallback,NodePerformance-100,7,false,62917.099999999999,603.70000000000005,334.10000000000002,269.60000000000002,8389,0.29999999999999999,5864.3000000000002,2834.6000000000004,2746.8999999999992,5580,10163.6,6011.8999999999996,31861.100000000002,1577.7,0.90000000000000002,3.6000000000000001,1617.7,11.699999999999999,258.39999999999998,1247.2,576,465.10000000000002,3.8999999999999999,13.800000000000001,0.59999999999999998,190.69999999999999,13.699999999999999,0,0,0,0,25751692,133596,26205746,30352.200000000001,1508.9000000000001,25618068,587678,6701056,1421312,35975168,7348224,2088960,35975168,7348224,2088960,35975168,7643136,2605056,35975168,7659520,2605056,35975168,9838592,5201920,35975168,35950592,30871552,35975168,0,0,0,33,33,71456,0,0,0,0,0,0,0,0,0,0,0,0,0,0,0,0,0,0,0,0,0,0,0,0,0,0,0,0,0,0,ok
scaling,sax-scalar-unique-fallback,NodePerformance-100,8,false,57904.699999999997,533.60000000000002,274.80000000000001,258.80000000000001,5217,0.29999999999999999,4654.1000000000004,2158.9000000000001,2104.9999999999995,4480.5,8905.2999999999993,5764,32810.700000000004,1474,1.1000000000000001,3.6000000000000001,1256.5999999999999,8.5,309.10000000000002,1353.0999999999999,612.29999999999995,409.39999999999998,3.6000000000000001,13.9,0.59999999999999998,256.89999999999998,16.600000000000001,0,0,0,0,25751692,133596,26205746,31323.400000000001,1487.3,25618068,587678,6692864,1417216,35975168,7438336,2289664,35975168,7438336,2289664,35975168,7618560,2363392,35975168,7634944,2363392,35975168,9834496,5201920,35975168,35954688,30871552,35975168,0,0,0,33,33,71456,0,0,0,0,0,0,0,0,0,0,0,0,0,0,0,0,0,0,0,0,0,0,0,0,0,0,0,0,0,0,ok
scaling,sax-scalar-unique-fallback,NodePerformance-100,9,false,57326.300000000003,422.5,222.30000000000001,200.19999999999999,5505.1000000000004,0.29999999999999999,4536.6000000000004,2234.0999999999999,2178.1999999999998,4343.3000000000002,9945.7000000000007,5456.3000000000002,31440,1497.2,0.80000000000000004,3.7999999999999998,1235.8,7.5999999999999996,213.40000000000001,1233.2,603.5,410.80000000000001,3.6000000000000001,13.6,0.5,191.90000000000001,14.4,0,0,0,0,25751692,133596,26205746,30008.099999999999,1431.9000000000001,25618068,587678,6680576,1396736,35975168,7360512,2076672,35975168,7360512,2076672,35975168,7651328,2617344,35975168,7667712,2617344,35975168,9814016,5201920,35975168,35938304,30871552,35975168,0,0,0,33,33,71456,0,0,0,0,0,0,0,0,0,0,0,0,0,0,0,0,0,0,0,0,0,0,0,0,0,0,0,0,0,0,ok
scaling,current,NodePerformance-1000,0,false,457199.40000000002,1881.8000000000002,337.10000000000002,1544.7,183959.10000000001,0.29999999999999999,4022.3000000000002,1890.7999999999997,1847.7000000000003,3838.6999999999998,148606.10000000001,72688.899999999994,46014.5,20308.299999999999,1.3,4.0999999999999996,13110.5,10.5,250.30000000000001,14486.799999999999,11477.9,8190.3999999999996,7.5,223.30000000000001,0.90000000000000002,4534.6000000000004,32.399999999999999,0,0,0,0,26848568,1230472,26205746,44096.199999999997,1918.3,25618068,587678,8216576,2994176,56713216,13811712,8769536,56713216,13811712,8769536,56713216,13955072,8888320,56713216,13963264,8900608,56713216,31129600,27320320,56713216,56852480,53071872,56852480,0,0,0,33,33,71456,0,0,0,0,0,0,0,0,0,0,0,0,0,0,0,0,0,0,0,0,0,0,0,0,0,0,0,0,0,0,ok
scaling,current,NodePerformance-1000,1,false,490384.79999999999,2000.0999999999999,365.30000000000001,1634.8,192463,0.40000000000000002,4155.6999999999998,2061.1000000000004,2009.2000000000003,3797.1999999999998,182403,74256.600000000006,35075.800000000003,17383.799999999999,1.1000000000000001,3.7999999999999998,12052.200000000001,10,277.69999999999999,19690.599999999999,11033.700000000001,9841.2999999999993,9.9000000000000004,230.69999999999999,1.3,3633.5999999999999,34.899999999999999,0,0,0,0,26848568,1230472,26205746,32986,2089.8000000000002,25618068,587678,8400896,3739648,56852480,13774848,8753152,56852480,13774848,8753152,56852480,13959168,8904704,56852480,13959168,8904704,56852480,31211520,27553792,56852480,57028608,53223424,57028608,0,0,0,33,33,71456,0,0,0,0,0,0,0,0,0,0,0,0,0,0,0,0,0,0,0,0,0,0,0,0,0,0,0,0,0,0,ok
scaling,current,NodePerformance-1000,2,false,484811.70000000001,1800.9000000000001,256.10000000000002,1544.8,225478.10000000001,0.29999999999999999,6866.6999999999998,3191.4000000000001,3095.3999999999996,6523.6999999999998,149893.10000000001,68204.100000000006,32541.799999999999,19912.700000000001,1,4.5,17812.200000000001,13.699999999999999,426.30000000000001,16302.700000000001,7324.8999999999996,4378.3000000000002,4.9000000000000004,107.3,0.59999999999999998,1855.3,22.100000000000001,0,0,0,0,26848568,1230472,26205746,31133.599999999999,1408.2,25618068,587678,8429568,3223552,57028608,14041088,9285632,57028608,14041088,9285632,57028608,14127104,9326592,57028608,14135296,9326592,57028608,31150080,27389952,57028608,56844288,53059584,57028608,0,0,0,33,33,71456,0,0,0,0,0,0,0,0,0,0,0,0,0,0,0,0,0,0,0,0,0,0,0,0,0,0,0,0,0,0,ok
scaling,current,NodePerformance-1000,3,false,507278.90000000002,1923.2,309.5,1613.7,236843.60000000001,0.40000000000000002,3972.5999999999999,1851.7,1811.3999999999999,3788,141486.5,77979.300000000003,45044.200000000004,19546.599999999999,1.3999999999999999,7,16126.9,14.4,436.60000000000002,20250.400000000001,9543.3999999999996,8188,7.7000000000000002,184.19999999999999,0.90000000000000002,3603.8000000000002,30.200000000000003,0,0,0,0,26848568,1230472,26205746,43049.400000000001,1994.8,25618068,587678,8695808,3735552,57028608,13840384,8769536,57028608,13840384,8769536,57028608,14012416,8945664,57028608,14020608,8957952,57028608,31305728,27525120,57028608,57081856,53194752,57081856,0,0,0,33,33,71456,0,0,0,0,0,0,0,0,0,0,0,0,0,0,0,0,0,0,0,0,0,0,0,0,0,0,0,0,0,0,ok
scaling,current,NodePerformance-1000,4,false,437211.90000000002,1795.4000000000001,326,1469.4000000000001,191706.89999999999,0.5,11970.700000000001,4323.7000000000007,4207.6000000000004,11628.200000000001,133096.10000000001,67041.800000000003,31572.899999999998,25670.799999999999,1.1000000000000001,3.7999999999999998,14610.299999999999,10.800000000000001,264.10000000000002,12668.1,7322.6999999999998,4421.3999999999996,4.4000000000000004,121.90000000000001,0.59999999999999998,1866.2,41.700000000000003,0,0,0,0,26848568,1230472,26205746,29895.299999999999,1677.5999999999999,25618068,587678,8544256,3305472,57081856,14143488,9478144,57081856,14143488,9478144,57081856,14192640,9531392,57081856,14200832,9547776,57081856,31383552,27590656,57081856,57102336,53260288,57102336,0,0,0,33,33,71456,0,0,0,0,0,0,0,0,0,0,0,0,0,0,0,0,0,0,0,0,0,0,0,0,0,0,0,0,0,0,ok
scaling,current,NodePerformance-1000,5,false,464433.90000000002,1785.3,266,1519.3,207284.29999999999,0.29999999999999999,4222.5,2032.4999999999995,1961.5,3888.1999999999998,135152.39999999999,81578.199999999997,34381.599999999999,23101.400000000001,1.6000000000000001,6,20878.099999999999,10.199999999999999,279.80000000000001,20807.599999999999,8584.3999999999996,4670.3999999999996,4.2999999999999998,122.40000000000001,0.69999999999999996,3011,31.699999999999999,0,0,0,0,26848568,1230472,26205746,32442.599999999999,1939,25618068,587678,8720384,3489792,57102336,14716928,9760768,57102336,14716928,9760768,57102336,14749696,9789440,57102336,14753792,9789440,57102336,31145984,27435008,57102336,56905728,53104640,57102336,0,0,0,33,33,71456,0,0,0,0,0,0,0,0,0,0,0,0,0,0,0,0,0,0,0,0,0,0,0,0,0,0,0,0,0,0,ok
scaling,current,NodePerformance-1000,6,false,446346.29999999999,1903.1999999999998,298.89999999999998,1604.3,221187.60000000001,0.40000000000000002,3964.8000000000002,1824.9000000000001,1775.3000000000002,3764.1999999999998,129640.60000000001,57047.099999999999,32576.900000000001,18081.700000000001,1,3.7999999999999998,11208.1,10.5,273.69999999999999,13004.299999999999,7507.8999999999996,4443.8999999999996,5.2000000000000002,104.59999999999999,0.69999999999999996,2313.0999999999999,27.200000000000003,0,0,0,0,26848568,1230472,26205746,31100.200000000001,1476.7,25618068,587678,8286208,3039232,57102336,14569472,10268672,57102336,14569472,10268672,57102336,14610432,10305536,57102336,14618624,10317824,57102336,31551488,27852800,57102336,57262080,53530624,57262080,0,0,0,33,33,71456,0,0,0,0,0,0,0,0,0,0,0,0,0,0,0,0,0,0,0,0,0,0,0,0,0,0,0,0,0,0,ok
scaling,sax-scalar-unique-fallback,NodePerformance-1000,0,false,275306.59999999998,1804.5999999999999,314,1490.5999999999999,70610,0.40000000000000002,6767.3999999999996,3259.7999999999993,3176.4999999999995,6410.8999999999996,102638.8,60669.900000000001,32787.599999999999,17656.099999999999,1.5,7.0999999999999996,18545.200000000001,11.6,303.19999999999999,11447.4,6550.3000000000002,4191.8999999999996,4.5,105.7,0.69999999999999996,1795.4000000000001,17,0,0,0,0,26848568,1230472,26205746,31255.299999999999,1532.3,25618068,587678,8171520,3440640,56643584,13844480,9142272,56643584,13844480,9142272,56643584,14045184,9342976,56643584,14065664,9363456,56643584,31158272,27508736,56643584,56958976,53182464,56958976,0,0,0,33,33,71456,0,0,0,0,0,0,0,0,0,0,0,0,0,0,0,0,0,0,0,0,0,0,0,0,0,0,0,0,0,0,ok
scaling,sax-scalar-unique-fallback,NodePerformance-1000,1,false,220410.39999999999,1754.5,299.30000000000001,1455.2,49906.599999999999,0.40000000000000002,4093.0999999999999,1902.7,1856.1000000000001,3880.5999999999999,79103,54635.5,30881.399999999998,19803.5,1.3,4.2999999999999998,10758.6,10.6,265.19999999999999,11127.299999999999,6433.1999999999998,4326,4.2999999999999998,107.2,0.69999999999999996,1743.0999999999999,17.399999999999999,0,0,0,0,26848568,1230472,26205746,29518.599999999999,1362.8,25618068,587678,8429568,3629056,56958976,13840384,8937472,56958976,13840384,8937472,56958976,14024704,9113600,56958976,14024704,9113600,56958976,31019008,27217920,56958976,56737792,52887552,56958976,0,0,0,33,33,71456,0,0,0,0,0,0,0,0,0,0,0,0,0,0,0,0,0,0,0,0,0,0,0,0,0,0,0,0,0,0,ok
scaling,sax-scalar-unique-fallback,NodePerformance-1000,2,false,250968.79999999999,1836,319.10000000000002,1516.9000000000001,51119.099999999999,0.5,3931.5999999999999,1876.3,1826.4999999999998,3746.4000000000001,104790.8,57466.800000000003,31793.100000000002,19904.700000000001,1.1000000000000001,4.5,12549.799999999999,11.300000000000001,253.90000000000001,12010.299999999999,6487.8000000000002,4254.3999999999996,4.5,125,0.69999999999999996,1802.7,19.5,0,0,0,0,26848568,1230472,26205746,30421.700000000001,1371.4000000000001,25618068,587678,8044544,2793472,56958976,14286848,9650176,56958976,14286848,9650176,56958976,14327808,9687040,56958976,14344192,9687040,56958976,31387648,27652096,56958976,57147392,53325824,57147392,0,0,0,33,33,71456,0,0,0,0,0,0,0,0,0,0,0,0,0,0,0,0,0,0,0,0,0,0,0,0,0,0,0,0,0,0,ok
scaling,sax-scalar-unique-fallback,NodePerformance-1000,3,false,246786.89999999999,1781.5,320.30000000000001,1461.2,49684.900000000001,0.40000000000000002,4015.3000000000002,1890.6000000000001,1841.1000000000004,3800.5,99094.399999999994,52983,39192.899999999994,16355.200000000001,1.5,4.0999999999999996,11375.1,10.699999999999999,235.90000000000001,12277.799999999999,6231.1999999999998,4521.8000000000002,4.5999999999999996,105.8,0.59999999999999998,1806.5,20.300000000000001,0,0,0,0,26848568,1230472,26205746,36985.699999999997,2207.1999999999998,25618068,587678,8126464,3743744,57147392,13836288,8933376,57147392,13836288,8933376,57147392,14032896,9142272,57147392,14049280,9142272,57147392,31191040,27394048,57147392,56881152,53067776,57147392,0,0,0,33,33,71456,0,0,0,0,0,0,0,0,0,0,0,0,0,0,0,0,0,0,0,0,0,0,0,0,0,0,0,0,0,0,ok
scaling,sax-scalar-unique-fallback,NodePerformance-1000,4,false,295785.20000000001,1831.5,303.80000000000001,1527.7,49770.300000000003,0.29999999999999999,4885.3999999999996,2281.6999999999998,2216.8000000000006,4700.5,100305,94005.199999999997,44958.699999999997,24893.599999999999,1.7,6.7999999999999998,23180.400000000001,14.1,437,25072.799999999999,11591.4,6662.1999999999998,5.5,106.59999999999999,0.80000000000000004,1965.3,30.700000000000003,0,0,0,0,26848568,1230472,26205746,42589,2369.6999999999998,25618068,587678,8503296,3252224,57147392,14151680,9433088,57147392,14151680,9433088,57147392,14192640,9465856,57147392,14204928,9478144,57147392,31141888,27430912,57147392,56905728,53104640,57147392,0,0,0,33,33,71456,0,0,0,0,0,0,0,0,0,0,0,0,0,0,0,0,0,0,0,0,0,0,0,0,0,0,0,0,0,0,ok
scaling,sax-scalar-unique-fallback,NodePerformance-1000,5,false,305777,7384.9000000000005,4190.1000000000004,3194.8000000000002,94772.699999999997,0.40000000000000002,7856.1999999999998,3756.7999999999997,3670.1000000000004,7501.1999999999998,103420.7,60282.599999999999,32031.800000000003,20285,1.1000000000000001,4.5,12086.9,11,258.69999999999999,14155.200000000001,7016.3999999999996,4435.5,4.9000000000000004,106.09999999999999,0.59999999999999998,1862.8,20.299999999999997,0,0,0,0,26848568,1230472,26205746,30541.400000000001,1490.4000000000001,25618068,587678,8540160,4308992,57147392,14225408,10039296,57147392,14225408,10039296,57147392,14274560,10092544,57147392,14295040,10117120,57147392,31285248,27611136,57147392,57094144,53280768,57147392,0,0,0,33,33,71456,0,0,0,0,0,0,0,0,0,0,0,0,0,0,0,0,0,0,0,0,0,0,0,0,0,0,0,0,0,0,ok
scaling,sax-scalar-unique-fallback,NodePerformance-1000,6,false,280897.29999999999,2010.2,288.30000000000001,1721.9000000000001,53282.300000000003,0.5,3975.6999999999998,1857.3000000000002,1805.7999999999997,3791.5999999999999,126495.2,61885.300000000003,33223,16907.799999999999,1.5,5.2999999999999998,12567.299999999999,10.9,260.10000000000002,15915.4,7933.3000000000002,6023.3999999999996,5.4000000000000004,106.5,0.69999999999999996,2091.4000000000001,21.700000000000003,0,0,0,0,26848568,1230472,26205746,31791.299999999999,1431.7,25618068,587678,8470528,4112384,57147392,14553088,9605120,57147392,14553088,9605120,57147392,14589952,9650176,57147392,14598144,9662464,57147392,31580160,27893760,57147392,57479168,53710848,57479168,0,0,0,33,33,71456,0,0,0,0,0,0,0,0,0,0,0,0,0,0,0,0,0,0,0,0,0,0,0,0,0,0,0,0,0,0,ok
scaling,sax-scalar-unique-fallback,NodePerformance-1000,7,false,287290,1699.3999999999999,207.09999999999999,1492.3,80817.300000000003,0.29999999999999999,6410.6999999999998,3073.0999999999995,2964.1000000000004,6100,99167.899999999994,62922.900000000001,36241.199999999997,19055.799999999999,1.1000000000000001,4.5999999999999996,12216.4,11.9,238.69999999999999,13378.9,7668.6999999999998,7772.6000000000004,6.2999999999999998,153.19999999999999,0.90000000000000002,2355.5,23.5,0,0,0,0,26848568,1230472,26205746,34735.199999999997,1506,25618068,587678,8581120,3596288,57479168,14671872,9777152,57479168,14671872,9777152,57479168,14716928,9826304,57479168,14733312,9838592,57479168,31449088,27705344,57479168,57212928,53424128,57479168,0,0,0,33,33,71456,0,0,0,0,0,0,0,0,0,0,0,0,0,0,0,0,0,0,0,0,0,0,0,0,0,0,0,0,0,0,ok
scaling,sax-scalar-unique-fallback,NodePerformance-1000,8,false,290100.40000000002,4275.5,2040.8,2234.6999999999998,65338.400000000001,0.29999999999999999,4693.1000000000004,2088.9000000000001,2030.0000000000002,4498.1999999999998,119317.89999999999,60295,36153.700000000004,17909.700000000001,1.2,5,13906.6,10.4,314.30000000000001,13072.299999999999,7098.6999999999998,5315.6999999999998,6.4000000000000004,170.5,1.1000000000000001,2429.3000000000002,21.899999999999999,0,0,0,0,26848568,1230472,26205746,34773.900000000001,1379.8,25618068,587678,8486912,3235840,57479168,14667776,10117120,57479168,14667776,10117120,57479168,14716928,10178560,57479168,14733312,10190848,57479168,31293440,27516928,57479168,56979456,53231616,57479168,0,0,0,33,33,71456,0,0,0,0,0,0,0,0,0,0,0,0,0,0,0,0,0,0,0,0,0,0,0,0,0,0,0,0,0,0,ok
scaling,sax-scalar-unique-fallback,NodePerformance-1000,9,false,241912,1826.6000000000001,249.40000000000001,1577.2,53194.099999999999,0.29999999999999999,4158.8000000000002,1933.7,1885,3962.8000000000002,91551.600000000006,59978.599999999999,31178.299999999999,19651.799999999999,1.2,4.9000000000000004,13486.700000000001,13.699999999999999,373.5,13174.1,6805.5,4293.1000000000004,4.4000000000000004,119.59999999999999,0.69999999999999996,1975.9000000000001,40.799999999999997,0,0,0,0,26848568,1230472,26205746,29780.700000000001,1397.5999999999999,25618068,587678,8482816,3403776,57479168,14651392,10264576,57479168,14651392,10264576,57479168,14708736,10334208,57479168,14712832,10334208,57479168,31547392,27758592,57479168,57282560,53485568,57479168,0,0,0,33,33,71456,0,0,0,0,0,0,0,0,0,0,0,0,0,0,0,0,0,0,0,0,0,0,0,0,0,0,0,0,0,0,ok
scaling,current,NodePerformance-5000,0,false,5950869.7000000002,7896.4000000000005,350.10000000000002,7546.3000000000002,4076826.7999999998,0.29999999999999999,5130.8000000000002,2490.5999999999999,2420.7999999999993,4785.6999999999998,1379791.2,442497.09999999998,38698.5,133220.39999999999,1.2,4.2999999999999998,84554.699999999997,10.5,293.30000000000001,96881.199999999997,77728.300000000003,37019,5.2999999999999998,629.39999999999998,0.69999999999999996,12084.5,25.899999999999999,0,0,0,0,31785668,6167572,26205746,36603.800000000003,2094.6999999999998,25618068,587678,13127680,7970816,146853888,40394752,37421056,146853888,40394752,37421056,146853888,40574976,37703680,146853888,40583168,37715968,146853888,121008128,124682240,146853888,146833408,150507520,146853888,0,0,0,33,33,71456,0,0,0,0,0,0,0,0,0,0,0,0,0,0,0,0,0,0,0,0,0,0,0,0,0,0,0,0,0,0,ok
scaling,current,NodePerformance-5000,1,false,5682792.9000000004,7934.1999999999998,384.69999999999999,7549.5,3472831.7000000002,0.29999999999999999,6519.6000000000004,3063.5999999999999,2995.4000000000001,6239.3999999999996,1746319.3999999999,405034.20000000001,44123.699999999997,110734.5,1.2,4.5999999999999996,102533.10000000001,10.199999999999999,281.80000000000001,90240.600000000006,52879.800000000003,26398.5,4.7999999999999998,666.29999999999995,1.8999999999999999,21187.599999999999,30.300000000000001,0,0,0,0,31785668,6167572,26205746,42597.5,1526.2,25618068,587678,13750272,8634368,146853888,42844160,39559168,146853888,42844160,39559168,146853888,42893312,39608320,146853888,42893312,39608320,146853888,122093568,126148608,146853888,147873792,151891968,147873792,0,0,0,33,33,71456,0,0,0,0,0,0,0,0,0,0,0,0,0,0,0,0,0,0,0,0,0,0,0,0,0,0,0,0,0,0,ok
scaling,current,NodePerformance-5000,2,false,7140653.7000000002,8192,303.69999999999999,7888.3000000000002,4913700.0999999996,0.29999999999999999,12058,5975.6999999999998,5858.0000000000009,11706.6,1589949.8,574445.5,42279.5,147593,2.1000000000000001,7.0999999999999996,89975.100000000006,10.1,310.10000000000002,161645.79999999999,93847.100000000006,58938.400000000001,4.7000000000000002,824.89999999999998,1.2,21126.299999999999,99.5,0,0,0,0,31785668,6167572,26205746,40415.5,1864,25618068,587678,14331904,9256960,147873792,42762240,40198144,147873792,42762240,40198144,147873792,42799104,40218624,147873792,42799104,40218624,147873792,121868288,125480960,147873792,147779584,151363584,147873792,0,0,0,33,33,71456,0,0,0,0,0,0,0,0,0,0,0,0,0,0,0,0,0,0,0,0,0,0,0,0,0,0,0,0,0,0,ok
scaling,current,NodePerformance-5000,3,false,6940072.7000000002,8348.7999999999993,331,8017.8000000000002,5031344,0.29999999999999999,4001,1878.2,1814,3782.0999999999999,1469785.8,391089.09999999998,35475.5,109213.60000000001,1.1000000000000001,4.5,81270.199999999997,11.199999999999999,286.69999999999999,104135.7,50593.099999999999,32341.099999999999,4.7999999999999998,547.29999999999995,0.80000000000000004,12609.6,26.900000000000002,0,0,0,0,31785668,6167572,26205746,33798,1677.5,25618068,587678,14839808,9945088,147873792,42741760,39301120,147873792,42741760,39301120,147873792,42778624,39456768,147873792,42737664,39370752,147873792,121266176,125063168,147873792,147165184,150945792,147873792,0,0,0,33,33,71456,0,0,0,0,0,0,0,0,0,0,0,0,0,0,0,0,0,0,0,0,0,0,0,0,0,0,0,0,0,0,ok
scaling,current,NodePerformance-5000,4,false,5611570.4000000004,8630.1000000000004,320.60000000000002,8309.5,3931382.3999999999,0.40000000000000002,5047.6999999999998,2323.1999999999998,2247.7000000000003,4788.1000000000004,1307414.3999999999,326576.20000000001,32491.200000000001,92640.899999999994,1.3,4.2999999999999998,73055.5,9.9000000000000004,255,84934.699999999997,38749.599999999999,24866,5.2999999999999998,524.39999999999998,0.69999999999999996,11467.799999999999,24.700000000000003,0,0,0,0,31785668,6167572,26205746,30882.299999999999,1608.9000000000001,25618068,587678,14581760,9478144,147873792,43425792,41021440,147873792,43425792,41021440,147873792,43442176,41033728,147873792,43442176,41033728,147873792,121733120,125870080,147873792,147550208,151638016,147873792,0,0,0,33,33,71456,0,0,0,0,0,0,0,0,0,0,0,0,0,0,0,0,0,0,0,0,0,0,0,0,0,0,0,0,0,0,ok
scaling,current,NodePerformance-5000,5,false,5317646.7000000002,7953,322.30000000000001,7630.6999999999998,3655847.2999999998,0.40000000000000002,5147.8000000000002,2514.8999999999996,2434.0000000000005,4944.1999999999998,1271930.8999999999,341796.40000000002,34942.900000000001,102151.10000000001,1.1000000000000001,5,68405.600000000006,13.1,326.30000000000001,91099.800000000003,43740.5,23343.799999999999,5.2000000000000002,528.20000000000005,0.59999999999999998,12117.200000000001,23.800000000000001,0,0,0,0,31785668,6167572,26205746,33401.5,1541.4000000000001,25618068,587678,14700544,10457088,147873792,44003328,41160704,147873792,44003328,41160704,147873792,44011520,41197568,147873792,44011520,41197568,147873792,121663488,125800448,147873792,147423232,151523328,147873792,0,0,0,33,33,71456,0,0,0,0,0,0,0,0,0,0,0,0,0,0,0,0,0,0,0,0,0,0,0,0,0,0,0,0,0,0,ok
scaling,current,NodePerformance-5000,6,false,5726303.9000000004,8177.1000000000004,343.10000000000002,7834,4112832.7999999998,0.40000000000000002,4117.6000000000004,1942.9999999999998,1894.7000000000003,3907.1999999999998,1252788.7,316541.59999999998,31817.5,90193,1.2,4.2999999999999998,69030.800000000003,13,505.60000000000002,83728.399999999994,37907.599999999999,23372.900000000001,5,529.20000000000005,0.59999999999999998,11189.1,24.800000000000001,0,0,0,0,31785668,6167572,26205746,30332.900000000001,1484.5999999999999,25618068,587678,15020032,10805248,147873792,44032000,39927808,147873792,44032000,39927808,147873792,44081152,39981056,147873792,44089344,39993344,147873792,121700352,125505536,147873792,147509248,151179264,147873792,0,0,0,33,33,71456,0,0,0,0,0,0,0,0,0,0,0,0,0,0,0,0,0,0,0,0,0,0,0,0,0,0,0,0,0,0,ok
scaling,sax-scalar-unique-fallback,NodePerformance-5000,0,false,1077601.8,7575.5999999999995,234.40000000000001,7341.1999999999998,280773.09999999998,0.40000000000000002,3889.5,1812.4000000000001,1754.5,3693.5,402757.20000000001,349965.40000000002,32611.700000000001,120481.39999999999,1.2,4.5,79263.300000000003,11.800000000000001,316.30000000000001,72279.800000000003,42223.5,23439.599999999999,5.2000000000000002,526.20000000000005,0.90000000000000002,11351,24.800000000000001,0,0,0,0,31785668,6167572,26205746,31115.799999999999,1495.9000000000001,25618068,587678,13774848,8982528,148058112,43249664,40853504,148058112,43249664,40853504,148058112,43278336,40873984,148058112,43507712,41103360,148058112,121753600,125480960,148058112,147578880,151269376,148058112,0,0,0,33,33,71456,0,0,0,0,0,0,0,0,0,0,0,0,0,0,0,0,0,0,0,0,0,0,0,0,0,0,0,0,0,0,ok
scaling,sax-scalar-unique-fallback,NodePerformance-5000,1,false,1064224.3,7688.4000000000005,320.60000000000002,7367.8000000000002,256532.89999999999,0.59999999999999998,6112.3999999999996,2948.2000000000003,2854.4999999999995,5880.1000000000004,415623.70000000001,347475.09999999998,30755.799999999999,94283.5,1.3,3.8999999999999999,88216.199999999997,10.6,299.69999999999999,90209.5,38767.699999999997,23826.700000000001,5.2000000000000002,534.29999999999995,0.80000000000000004,11254.9,25.5,0,0,0,0,31785668,6167572,26205746,29286.799999999999,1469,25618068,587678,14852096,10883072,148058112,42934272,40009728,148058112,42934272,40009728,148058112,42987520,40054784,148058112,43196416,40259584,148058112,122052608,125898752,148058112,147836928,151678976,148058112,0,0,0,33,33,71456,0,0,0,0,0,0,0,0,0,0,0,0,0,0,0,0,0,0,0,0,0,0,0,0,0,0,0,0,0,0,ok
scaling,sax-scalar-unique-fallback,NodePerformance-5000,2,false,1089609.5,7892.1999999999998,329.80000000000001,7562.3999999999996,270998.40000000002,0.29999999999999999,3900.1999999999998,1831.3000000000002,1780.6000000000001,3687.5999999999999,422704.09999999998,352967.70000000001,31114.700000000001,108189.60000000001,1.1000000000000001,4.5,67528.399999999994,10.300000000000001,278.10000000000002,104957.3,37927.099999999999,23243.200000000001,5.2000000000000002,564.79999999999995,1,10198.799999999999,24.800000000000001,0,0,0,0,31785668,6167572,26205746,29653.799999999999,1460.9000000000001,25618068,587678,14868480,10715136,148058112,42848256,39624704,148058112,42848256,39624704,148058112,42881024,39698432,148058112,43073536,39866368,148058112,121831424,125595648,148058112,147648512,151416832,148058112,0,0,0,33,33,71456,0,0,0,0,0,0,0,0,0,0,0,0,0,0,0,0,0,0,0,0,0,0,0,0,0,0,0,0,0,0,ok
scaling,sax-scalar-unique-fallback,NodePerformance-5000,3,false,1049382.3999999999,7638.6999999999998,308.69999999999999,7330,249312.39999999999,0.40000000000000002,3954.6999999999998,1825.7,1774.2000000000003,3760.3000000000002,424443.90000000002,332568,31436.799999999999,104334.5,1.5,5.0999999999999996,70872.100000000006,11.800000000000001,296,79332.699999999997,41114.5,25094.400000000001,4.7000000000000002,523.89999999999998,0.69999999999999996,10915.1,23.699999999999999,0,0,0,0,31785668,6167572,26205746,29799.299999999999,1637.5,25618068,587678,14745600,9695232,148058112,43155456,40726528,148058112,43155456,40726528,148058112,43184128,40755200,148058112,43421696,40992768,148058112,122044416,126160896,148058112,147865600,151834624,148058112,0,0,0,33,33,71456,0,0,0,0,0,0,0,0,0,0,0,0,0,0,0,0,0,0,0,0,0,0,0,0,0,0,0,0,0,0,ok
scaling,sax-scalar-unique-fallback,NodePerformance-5000,4,false,1178959.6000000001,9389.8999999999996,380.39999999999998,9009.5,261551.79999999999,0.40000000000000002,4271.5,1928.9999999999993,1867.0999999999999,4077.5,442656.5,425815.59999999998,35236.699999999997,120406.10000000001,1.1000000000000001,4.2000000000000002,79059.5,11.1,258.89999999999998,106730.10000000001,74659.100000000006,31976.200000000001,4.9000000000000004,562,0.59999999999999998,12081.9,23.799999999999997,0,0,0,0,31785668,6167572,26205746,33443.199999999997,1793.5,25618068,587678,14487552,9576448,148058112,44662784,40808448,148058112,44662784,40808448,148058112,44703744,41152512,148058112,44949504,41398272,148058112,121896960,126124032,148058112,147677184,151797760,148058112,0,0,0,33,33,71456,0,0,0,0,0,0,0,0,0,0,0,0,0,0,0,0,0,0,0,0,0,0,0,0,0,0,0,0,0,0,ok
scaling,sax-scalar-unique-fallback,NodePerformance-5000,5,false,1500525.2,10714.5,405.19999999999999,10309.299999999999,352180.59999999998,0.40000000000000002,12896.1,4089.1000000000008,3992.6999999999994,12570.4,712335.90000000002,378421.70000000001,33944.699999999997,109908.8,1.5,4.2999999999999998,93041.5,11,358.5,86527.5,51833,24702.400000000001,5.2999999999999998,530.39999999999998,0.69999999999999996,11419.299999999999,40.599999999999994,0,0,0,0,31785668,6167572,26205746,31868.099999999999,2076.5999999999999,25618068,587678,14880768,9863168,148058112,44003328,40038400,148058112,44003328,40038400,148058112,44048384,40079360,148058112,44277760,40255488,148058112,121569280,125857792,148058112,147382272,151531520,148058112,0,0,0,33,33,71456,0,0,0,0,0,0,0,0,0,0,0,0,0,0,0,0,0,0,0,0,0,0,0,0,0,0,0,0,0,0,ok
scaling,sax-scalar-unique-fallback,NodePerformance-5000,6,false,1419215.5,26921.300000000003,5273.3999999999996,21647.900000000001,370246,0.40000000000000002,3997.1999999999998,1869.7999999999995,1819.8,3786.9000000000001,486260.09999999998,497178.40000000002,34579.699999999997,138344.79999999999,0.90000000000000002,4.7000000000000002,83218,11.199999999999999,280.19999999999999,129490.2,83099.699999999997,44578.699999999997,7.5,1018.3,1.8999999999999999,17054.799999999999,25.5,0,0,0,0,31785668,6167572,26205746,32658.299999999999,1921.4000000000001,25618068,587678,14692352,9900032,148058112,45113344,41725952,148058112,45113344,41725952,148058112,45170688,41848832,148058112,45367296,42049536,148058112,121774080,126205952,148058112,147558400,151879680,148058112,0,0,0,33,33,71456,0,0,0,0,0,0,0,0,0,0,0,0,0,0,0,0,0,0,0,0,0,0,0,0,0,0,0,0,0,0,ok
scaling,sax-scalar-unique-fallback,NodePerformance-5000,7,false,1323813.8999999999,8313.1000000000004,308.39999999999998,8004.6999999999998,330037.90000000002,0.5,4899.8999999999996,2286.5999999999999,2234.4999999999995,4684.8999999999996,531004,412465.90000000002,37054.299999999996,150353.70000000001,1.6000000000000001,6,81570.5,10.699999999999999,301.10000000000002,91580.100000000006,41636.199999999997,29581.900000000001,7.2999999999999998,914.5,2.2000000000000002,16421.599999999999,32.799999999999997,0,0,0,0,31785668,6167572,26205746,35331.599999999999,1722.7,25618068,587678,14798848,9949184,148058112,44421120,40615936,148058112,44421120,40615936,148058112,44470272,40665088,148058112,44703744,40898560,148058112,121700352,126341120,148058112,147505152,152014848,148058112,0,0,0,33,33,71456,0,0,0,0,0,0,0,0,0,0,0,0,0,0,0,0,0,0,0,0,0,0,0,0,0,0,0,0,0,0,ok
scaling,sax-scalar-unique-fallback,NodePerformance-5000,8,false,1397742.3999999999,7829.8000000000002,354.80000000000001,7475,322467.90000000002,0.40000000000000002,4062.9000000000001,1850.8999999999996,1794.4000000000001,3848.5999999999999,567572.40000000002,462895.40000000002,32878.799999999996,205488.60000000001,1.1000000000000001,4.2999999999999998,71415.399999999994,11.5,276.69999999999999,106180,41865.800000000003,24814,5.7000000000000002,560.39999999999998,0.80000000000000004,12203.4,25.899999999999999,0,0,0,0,31785668,6167572,26205746,30963.599999999999,1915.2,25618068,587678,14594048,9539584,148058112,44445696,40738816,148058112,44445696,40738816,148058112,44494848,40939520,148058112,44654592,41041920,148058112,121704448,126222336,148058112,147546112,151896064,148058112,0,0,0,33,33,71456,0,0,0,0,0,0,0,0,0,0,0,0,0,0,0,0,0,0,0,0,0,0,0,0,0,0,0,0,0,0,ok
scaling,sax-scalar-unique-fallback,NodePerformance-5000,9,false,1336817.3,7627,353,7274,282005.29999999999,0.29999999999999999,11062.5,4578.5,4298.1000000000013,10727.4,580231.5,422225.79999999999,33630.599999999999,154735.5,1.7,6.7999999999999998,92721.899999999994,15.1,915.10000000000002,80638.800000000003,45982.900000000001,34595.400000000001,5.9000000000000004,667.20000000000005,1,11873.200000000001,24.600000000000001,0,0,0,0,31785668,6167572,26205746,32163,1467.5999999999999,25618068,587678,14577664,9527296,148058112,44326912,40398848,148058112,44326912,40398848,148058112,44355584,40419328,148058112,44584960,40648704,148058112,121675776,126341120,148058112,147468288,152031232,148058112,0,0,0,33,33,71456,0,0,0,0,0,0,0,0,0,0,0,0,0,0,0,0,0,0,0,0,0,0,0,0,0,0,0,0,0,0,ok
counts,current,NodePerformanceTest-glb,0,false,19842002.300000001,19625.599999999999,1092.3,18533.299999999999,14627192.300000001,0.59999999999999998,4293.1999999999998,1890,1836.0999999999999,4092.3000000000002,4372655.4000000004,779950.19999999995,38240.5,185585.39999999999,2.1000000000000001,17.199999999999999,129077,21.399999999999999,306.5,190269.39999999999,130708.8,108877.8,5.9000000000000004,1309.4000000000001,2,33652,50.600000000000001,0,0,0,0,37986536,12368440,26205746,36318,1922.5,25618068,587678,17747968,13283328,17747968,70422528,68890624,96542720,70422528,68890624,96542720,70746112,68935680,96542720,70815744,68935680,96542720,233422848,239890432,234942464,259313664,265760768,259313664,0,0,0,33,33,71456,160593,1803590934,12294,30281,3739,4289,0,0,2062496,6726303,2112410,102802780,180389,823641,0,0,3173429,2682877,430577,130084,100,430584,140298,60017,1011096,3,50015001,0,1351340,4373460,ok
counts,sax-scalar-unique-fallback,NodePerformanceTest-glb,0,false,2130831.3999999999,15699.199999999999,640.39999999999998,15058.799999999999,512977.90000000002,0.29999999999999999,4392.5,1903.7999999999997,1863.6000000000004,4190.8999999999996,868001.40000000002,696883.90000000002,32831.5,200918.29999999999,1.6000000000000001,16.199999999999999,127805.7,21.300000000000001,366.80000000000001,192047.89999999999,93440.699999999997,53690.099999999999,5.7999999999999998,1028.0999999999999,1.2,27430.5,43.600000000000001,0,0,0,0,37986536,12368440,26205746,31231,1600.5,25618068,587678,17760256,13295616,17760256,70299648,69181440,96432128,70299648,69181440,96432128,70680576,69234688,96432128,71438336,69525504,96432128,232968192,238940160,234516480,258846720,264790016,258846720,0,0,0,33,33,71456,394,1474,12294,30281,3739,4289,0,0,2062496,6726303,2112410,2782782,180391,823679,0,0,3173429,2682877,430577,130084,100,430584,140298,60017,1011096,3,0,10004,1351340,4373460,ok
serialization,sax-scalar-unique-fallback,ABeautifulGame-glb,0,false,90906.800000000003,522.10000000000002,415.19999999999999,106.90000000000001,2554.3000000000002,0.20000000000000001,7106.8999999999996,3045.9000000000001,2968.4999999999995,6876.8000000000002,3657.1999999999998,1392.5,75648.799999999988,339,0.5,3.2000000000000002,273.60000000000002,0.5,68.900000000000006,298.30000000000001,95,194.09999999999999,3.2999999999999998,6.5,0.59999999999999998,63.399999999999999,7.4000000000000004,1217.7,338.80000000000001,294355.70000000001,0,42977928,32208,61875787,53074.699999999997,22574.099999999999,42945692,18930095,6643712,1306624,137830400,6823936,1462272,137830400,6823936,1462272,137830400,7077888,1744896,137830400,7081984,1744896,137830400,7553024,2924544,137830400,69447680,64446464,137830400,70766592,65540096,137924608,33,33,71456,0,0,0,0,0,0,0,0,0,0,0,0,0,0,0,0,0,0,0,0,0,0,0,0,0,0,0,0,0,0,ok
serialization,sax-scalar-unique-fallback,ABeautifulGame-glb,1,false,83124.399999999994,522.5,389.60000000000002,132.90000000000001,1696,0.10000000000000001,4668.6000000000004,2306.8000000000002,2249.9000000000001,4340.8000000000002,2445.1999999999998,1407.3,72363.100000000006,346.19999999999999,0.5,2.8999999999999999,275.69999999999999,0.59999999999999998,66.099999999999994,269.5,114.09999999999999,219.19999999999999,2.8999999999999999,6.5,0.90000000000000002,63.600000000000001,8.1000000000000014,1186.5,305.69999999999999,256522.70000000001,0,42977928,32208,61875787,49935.599999999999,22427.5,42945692,18930095,6668288,1310720,137924608,6840320,2535424,137924608,6840320,2535424,137924608,7102464,2670592,137924608,7102464,2670592,137924608,7663616,3432448,137924608,69545984,64737280,137924608,70860800,65675264,137981952,33,33,71456,0,0,0,0,0,0,0,0,0,0,0,0,0,0,0,0,0,0,0,0,0,0,0,0,0,0,0,0,0,0,ok
serialization,sax-scalar-unique-fallback,ABeautifulGame-glb,2,false,84903.300000000003,415,330.10000000000002,84.900000000000006,1665.9000000000001,0.10000000000000001,4000.5,1908.2,1862.9000000000001,3815.8000000000002,2286.5999999999999,1310,75206.600000000006,308,0.40000000000000002,2.5,261.5,0.5,64.799999999999997,285.19999999999999,93,178.5,2.7999999999999998,6,0.69999999999999996,63.299999999999997,6.0999999999999996,1170,347.5,254222.39999999999,0,42977928,32208,61875787,52872,22334.599999999999,42945692,18930095,6766592,1404928,137981952,6901760,2469888,137981952,6901760,2469888,137981952,7151616,2609152,137981952,7151616,2609152,137981952,7598080,3072000,137981952,69484544,64606208,137981952,70782976,65605632,137981952,33,33,71456,0,0,0,0,0,0,0,0,0,0,0,0,0,0,0,0,0,0,0,0,0,0,0,0,0,0,0,0,0,0,ok
serialization,sax-scalar-unique-fallback,ABeautifulGame-glb,3,false,87806.100000000006,428.69999999999999,329.89999999999998,98.799999999999997,2234.3000000000002,0.20000000000000001,4225.6000000000004,2041.8000000000004,1960.4000000000001,3972.5999999999999,2282,1365.0999999999999,77248.5,338.30000000000001,0.59999999999999998,2.7999999999999998,269,0.5,62.399999999999999,271.10000000000002,94.5,197.30000000000001,2.8999999999999999,6.4000000000000004,0.5,83.5,6.5999999999999996,1219.0999999999999,340.10000000000002,279289.5,0,42977928,32208,61875787,52595.099999999999,24653.400000000001,42945692,18930095,6766592,1396736,137981952,6934528,2424832,137981952,6934528,2424832,137981952,7135232,1789952,137981952,7135232,1789952,137981952,7618560,2269184,137981952,69488640,64602112,137981952,70828032,65601536,137981952,33,33,71456,0,0,0,0,0,0,0,0,0,0,0,0,0,0,0,0,0,0,0,0,0,0,0,0,0,0,0,0,0,0,ok
serialization,sax-scalar-unique-fallback,ABeautifulGame-glb,4,false,83068.899999999994,466.89999999999998,378,88.900000000000006,1699.8,0.20000000000000001,4013.9000000000001,1910.2999999999997,1867.2,3840.5999999999999,2257.1999999999998,1326.3,73287.700000000012,333.19999999999999,0.5,2.7000000000000002,270.39999999999998,0.59999999999999998,70,249.80000000000001,92.099999999999994,198.5,3,6.2999999999999998,0.5,68.599999999999994,6.5,1220.8,307.69999999999999,260380.5,0,42977928,32208,61875787,50168.300000000003,23119.400000000001,42945692,18930095,6770688,1421312,137981952,6934528,1736704,137981952,6934528,1736704,137981952,7184384,1814528,137981952,7184384,1814528,137981952,7610368,2269184,137981952,69488640,64565248,137981952,70762496,65564672,137981952,33,33,71456,0,0,0,0,0,0,0,0,0,0,0,0,0,0,0,0,0,0,0,0,0,0,0,0,0,0,0,0,0,0,ok
serialization,sax-scalar-unique-fallback,Avocado-glb,0,false,31980.400000000001,609.79999999999995,486.30000000000001,123.5,196.19999999999999,0.10000000000000001,4319.1000000000004,2048.0999999999999,1993.8,4107.3000000000002,284,142.59999999999999,26408.400000000001,34.200000000000003,0.5,2.7999999999999998,21.800000000000001,0.40000000000000002,7,9,7.7000000000000002,5,0.90000000000000002,2.7000000000000002,0.40000000000000002,5.9000000000000004,7.1999999999999993,120.59999999999999,30,48391.5,0,8110040,1524,16193390,14264.1,12144.299999999999,8108488,8084902,6377472,1228800,31866880,6381568,1232896,31866880,6381568,1232896,31866880,6713344,1683456,31866880,6717440,1683456,31866880,6787072,1683456,31866880,23007232,17920000,31866880,23588864,18452480,31956992,33,33,71456,0,0,0,0,0,0,0,0,0,0,0,0,0,0,0,0,0,0,0,0,0,0,0,0,0,0,0,0,0,0,ok
serialization,sax-scalar-unique-fallback,Avocado-glb,1,false,25123.900000000001,373.69999999999999,337.5,36.200000000000003,132,0.10000000000000001,4147.3000000000002,2006.8999999999999,1957.9999999999998,3957.5999999999999,180.09999999999999,113.40000000000001,20162.700000000001,25.600000000000001,0.40000000000000002,2.5,19,0.5,6.5,9.0999999999999996,7.0999999999999996,4.7000000000000002,0.5,2.7999999999999998,0.5,5.7999999999999998,5,125,33.299999999999997,48622.699999999997,0,8110040,1524,16193390,9896.5,10266.200000000001,8108488,8084902,6504448,1171456,31956992,6512640,1335296,31956992,6512640,1335296,31956992,6860800,1531904,31956992,6864896,1531904,31956992,6877184,1695744,31956992,23080960,17928192,31956992,23613440,18575360,32038912,33,33,71456,0,0,0,0,0,0,0,0,0,0,0,0,0,0,0,0,0,0,0,0,0,0,0,0,0,0,0,0,0,0,ok
serialization,sax-scalar-unique-fallback,Avocado-glb,2,false,23567.5,307.40000000000003,267.80000000000001,39.600000000000001,134.80000000000001,0.10000000000000001,4148.5,1999.6999999999998,1943.3,3954.1999999999998,186.69999999999999,130.80000000000001,18644.599999999999,23.199999999999999,0.5,2.5,18.800000000000001,0.5,6.7000000000000002,8.5999999999999996,6.9000000000000004,4.7000000000000002,0.59999999999999998,2.7000000000000002,0.59999999999999998,5.5999999999999996,5.8000000000000007,136.30000000000001,31.399999999999999,51711,0,8110040,1524,16193390,9564,9080.6000000000004,8108488,8084902,6549504,1220608,32038912,6557696,1228800,32038912,6557696,1228800,32038912,6864896,1531904,32038912,6873088,1695744,32038912,6881280,1695744,32038912,23085056,17928192,32038912,23609344,18563072,32038912,33,33,71456,0,0,0,0,0,0,0,0,0,0,0,0,0,0,0,0,0,0,0,0,0,0,0,0,0,0,0,0,0,0,ok
serialization,sax-scalar-unique-fallback,Avocado-glb,3,false,25331.700000000001,320.40000000000003,284.10000000000002,36.299999999999997,134.30000000000001,0.10000000000000001,4158.8000000000002,2005.9000000000003,1956.8,3948.6999999999998,179.09999999999999,102.7,20421.599999999999,20.800000000000001,0.5,2.5,18,0.40000000000000002,6,8.9000000000000004,6.9000000000000004,5,0.80000000000000004,2.7000000000000002,0.5,5.5999999999999996,5.0999999999999996,125.40000000000001,58.700000000000003,54703.699999999997,0,8110040,1524,16193390,9700.8999999999996,10720.700000000001,8108488,8084902,6492160,1167360,32038912,6504448,1179648,32038912,6504448,1179648,32038912,6885376,1695744,32038912,6893568,1695744,32038912,6893568,1695744,32038912,23097344,17928192,32038912,23633920,18579456,32063488,33,33,71456,0,0,0,0,0,0,0,0,0,0,0,0,0,0,0,0,0,0,0,0,0,0,0,0,0,0,0,0,0,0,ok
serialization,sax-scalar-unique-fallback,Avocado-glb,4,false,24362.299999999999,365.10000000000002,306.60000000000002,58.5,131.40000000000001,0.20000000000000001,5157.5,2472.4000000000001,2404.3999999999996,4966.6999999999998,196.30000000000001,114.8,18380.400000000001,21.800000000000001,0.40000000000000002,3,18.100000000000001,0.5,6.7999999999999998,8.8000000000000007,7.2999999999999998,12.1,0.69999999999999996,2.8999999999999999,0.40000000000000002,6.0999999999999996,5.2999999999999998,115.90000000000001,37.600000000000001,49653.599999999999,0,8110040,1524,16193390,9323,9057.3999999999996,8108488,8084902,6561792,1306624,32063488,6569984,1314816,32063488,6569984,1314816,32063488,6901760,1552384,32063488,6909952,1695744,32063488,6909952,1695744,32063488,23113728,17928192,32063488,24162304,19243008,32583680,33,33,71456,0,0,0,0,0,0,0,0,0,0,0,0,0,0,0,0,0,0,0,0,0,0,0,0,0,0,0,0,0,0,ok
serialization,sax-scalar-unique-fallback,NodePerformanceTest-glb,0,false,2266871.8999999999,18230.299999999999,401.5,17828.799999999999,578874.90000000002,0.29999999999999999,4053.5999999999999,1951.5999999999997,1882.9999999999998,3829.1999999999998,897352,732736.80000000005,35596.700000000004,180987,1.1000000000000001,6.4000000000000004,132444.29999999999,11.6,282.39999999999998,211335.79999999999,89171,82265.199999999997,7.0999999999999996,1403.0999999999999,1.2,34754.199999999997,26.5,689391.40000000002,154903.79999999999,164389,0,37986536,12368440,26205746,33677.300000000003,1919.4000000000001,25618068,587678,21704704,16900096,388444160,76525568,74104832,388444160,76525568,74104832,388444160,76529664,75128832,388444160,76988416,75526144,388444160,234774528,241549312,388444160,260673536,267456512,388444160,371789824,387649536,405401600,33,33,71456,0,0,0,0,0,0,0,0,0,0,0,0,0,0,0,0,0,0,0,0,0,0,0,0,0,0,0,0,0,0,ok
serialization,sax-scalar-unique-fallback,NodePerformanceTest-glb,1,false,2553848.7000000002,15289.9,332.39999999999998,14957.5,709682.19999999995,0.29999999999999999,4273,1873.3999999999994,1806.3,4077.1999999999998,1023009.6,768978.59999999998,32584.799999999999,211993.29999999999,1.2,4.0999999999999996,133429.79999999999,10.699999999999999,303.60000000000002,234189.70000000001,92281,66797.100000000006,5.7999999999999998,1088.9000000000001,1.3999999999999999,28802.299999999999,26.100000000000001,685734.90000000002,181167.89999999999,219676.10000000001,0,37986536,12368440,26205746,31086.299999999999,1498.5,25618068,587678,22114304,18034688,405401600,78782464,77778944,405401600,78782464,77778944,405401600,78786560,77783040,405401600,78966784,77910016,405401600,235945984,243900416,405401600,261726208,269611008,405401600,372412416,389419008,405991424,33,33,71456,0,0,0,0,0,0,0,0,0,0,0,0,0,0,0,0,0,0,0,0,0,0,0,0,0,0,0,0,0,0,ok
serialization,sax-scalar-unique-fallback,NodePerformanceTest-glb,2,false,2567921.7000000002,16397.100000000002,314.89999999999998,16082.200000000001,639068,0.59999999999999998,3988.1999999999998,1906.9999999999995,1829.8999999999999,3787.4000000000001,1173186.7,701713.59999999998,33536.599999999999,205653.20000000001,1.2,4.4000000000000004,134471.5,12,337.89999999999998,188389.39999999999,94474.199999999997,50719,4.7999999999999998,1047.9000000000001,1.1000000000000001,26524.099999999999,24.600000000000001,628318.69999999995,148897.5,158077.5,0,37986536,12368440,26205746,32024.400000000001,1512.2,25618068,587678,22474752,18366464,405991424,78290944,78098432,405991424,78290944,78098432,405991424,78290944,78221312,405991424,78749696,78671872,405991424,235786240,243896320,405991424,261541888,269582336,405991424,373415936,391008256,406982656,33,33,71456,0,0,0,0,0,0,0,0,0,0,0,0,0,0,0,0,0,0,0,0,0,0,0,0,0,0,0,0,0,0,ok
serialization,sax-scalar-unique-fallback,NodePerformanceTest-glb,3,false,2039480.8,14993.299999999999,434.5,14558.799999999999,539464,0.40000000000000002,3896.9000000000001,1835,1774.4000000000001,3704.9000000000001,812487.59999999998,637186.40000000002,31421.099999999999,171640.79999999999,1.6000000000000001,5.7999999999999998,125816.89999999999,11.300000000000001,318.80000000000001,183719.39999999999,81358.199999999997,49077.900000000001,4.7000000000000002,1045.8,0.69999999999999996,24125.599999999999,24.299999999999997,519459.90000000002,148285.10000000001,174048.70000000001,0,37986536,12368440,26205746,29936.599999999999,1484.5,25618068,587678,23433216,20074496,406982656,77922304,77045760,406982656,77922304,77045760,406982656,77922304,77176832,406982656,78372864,77623296,406982656,234774528,243093504,406982656,260562944,268779520,406982656,372146176,389767168,406982656,33,33,71456,0,0,0,0,0,0,0,0,0,0,0,0,0,0,0,0,0,0,0,0,0,0,0,0,0,0,0,0,0,0,ok
serialization,sax-scalar-unique-fallback,NodePerformanceTest-glb,4,false,2039410.8,14855.799999999999,315.5,14540.299999999999,491332.09999999998,0.40000000000000002,3891,1813.2,1769.5999999999999,3697.6999999999998,864773.59999999998,632885.69999999995,31644.099999999999,168384.79999999999,1.1000000000000001,4,121205.2,10.5,336.5,180378.5,84520.600000000006,51979.5,5.4000000000000004,1063.5,0.69999999999999996,24937.200000000001,23.299999999999997,530049.80000000005,144600.39999999999,211213.89999999999,0,37986536,12368440,26205746,30122.799999999999,1521.3,25618068,587678,22585344,18395136,406982656,78045184,75218944,406982656,78045184,75218944,406982656,78045184,75223040,406982656,78528512,75706368,406982656,234565632,243068928,406982656,260337664,268791808,406982656,372334592,390348800,406982656,33,33,71456,0,0,0,0,0,0,0,0,0,0,0,0,0,0,0,0,0,0,0,0,0,0,0,0,0,0,0,0,0,0,ok
