"implementation","source_commit","case_id","asset","format","operation","sample","order_seed","branch_order_position","elapsed_us","input_bytes","output_bytes","output_file_count","output_set_sha256","semantic_status","process_peak_working_set_bytes"
"rapidjson-1.9.5","2b410117c0e9e67da52afea5845610d05ad3f825","Avocado-glb","Avocado","glb","load","1","1001","1","20412.1","8110040","0","0","","ok","42070016"
"rapidjson-1.9.5","2b410117c0e9e67da52afea5845610d05ad3f825","Box-glb","Box","glb","load","1","1001","1","2888","1664","0","0","","ok","42070016"
"rapidjson-1.9.5","2b410117c0e9e67da52afea5845610d05ad3f825","Box-gltf","Box","gltf","load","1","1001","1","3171.6","3546","0","0","","ok","42070016"
"rapidjson-1.9.5","2b410117c0e9e67da52afea5845610d05ad3f825","Box-gltf","Box","gltf","export","1","1001","1","770.3","3546","1618","2","9BA5254B1E66D656D6CD07CC10D829597E5151E98F7DBCAA59A6C5807532388D","ok","42070016"
"rapidjson-1.9.5","2b410117c0e9e67da52afea5845610d05ad3f825","Avocado-glb","Avocado","glb","export","1","1001","1","46174.5","8110040","8110104","1","DC2AB7E28D10AB39C1BB0E8F8408461872DAE99A1241E71DD91CA53901724CA0","ok","42070016"
"rapidjson-1.9.5","2b410117c0e9e67da52afea5845610d05ad3f825","Avocado-gltf","Avocado","gltf","roundtrip","1","1001","1","19875.2","8110895","8109906","5","C72227178574600C360CE50E5B5965D8A785D0BC17589F19D16D2E1502BC4836","ok","42070016"
"rapidjson-1.9.5","2b410117c0e9e67da52afea5845610d05ad3f825","Box-glb","Box","glb","export","1","1001","1","678.3","1664","1632","1","80503A0DF23E35679EEF3E3ED6E527B6EEA00D8265BC7D2AAF4CEC4A36CF8D1B","ok","42070016"
"rapidjson-1.9.5","2b410117c0e9e67da52afea5845610d05ad3f825","Box-gltf","Box","gltf","roundtrip","1","1001","1","4629.1","3546","1618","2","9BA5254B1E66D656D6CD07CC10D829597E5151E98F7DBCAA59A6C5807532388D","ok","42070016"
"rapidjson-1.9.5","2b410117c0e9e67da52afea5845610d05ad3f825","Avocado-gltf","Avocado","gltf","load","1","1001","1","19281.1","8110895","0","0","","ok","42070016"
"rapidjson-1.9.5","2b410117c0e9e67da52afea5845610d05ad3f825","Box-glb","Box","glb","roundtrip","1","1001","1","3688.3","1664","1632","1","80503A0DF23E35679EEF3E3ED6E527B6EEA00D8265BC7D2AAF4CEC4A36CF8D1B","ok","42070016"
"rapidjson-1.9.5","2b410117c0e9e67da52afea5845610d05ad3f825","Avocado-gltf","Avocado","gltf","export","1","1001","1","5582.1","8110895","8109906","5","C72227178574600C360CE50E5B5965D8A785D0BC17589F19D16D2E1502BC4836","ok","42070016"
"rapidjson-1.9.5","2b410117c0e9e67da52afea5845610d05ad3f825","Avocado-glb","Avocado","glb","roundtrip","1","1001","1","116753.7","8110040","8110104","1","DC2AB7E28D10AB39C1BB0E8F8408461872DAE99A1241E71DD91CA53901724CA0","ok","42070016"
"rapidjson-1.9.5","2b410117c0e9e67da52afea5845610d05ad3f825","Avocado-glb","Avocado","glb","load","2","1002","2","23020.8","8110040","0","0","","ok","38113280"
"rapidjson-1.9.5","2b410117c0e9e67da52afea5845610d05ad3f825","Avocado-glb","Avocado","glb","roundtrip","2","1002","2","79114.7","8110040","8110104","1","DC2AB7E28D10AB39C1BB0E8F8408461872DAE99A1241E71DD91CA53901724CA0","ok","38113280"
"rapidjson-1.9.5","2b410117c0e9e67da52afea5845610d05ad3f825","Box-gltf","Box","gltf","export","2","1002","2","1033","3546","1618","2","9BA5254B1E66D656D6CD07CC10D829597E5151E98F7DBCAA59A6C5807532388D","ok","38113280"
"rapidjson-1.9.5","2b410117c0e9e67da52afea5845610d05ad3f825","Box-glb","Box","glb","load","2","1002","2","2844.4","1664","0","0","","ok","38113280"
"rapidjson-1.9.5","2b410117c0e9e67da52afea5845610d05ad3f825","Avocado-glb","Avocado","glb","export","2","1002","2","46768.8","8110040","8110104","1","DC2AB7E28D10AB39C1BB0E8F8408461872DAE99A1241E71DD91CA53901724CA0","ok","38113280"
"rapidjson-1.9.5","2b410117c0e9e67da52afea5845610d05ad3f825","Box-gltf","Box","gltf","roundtrip","2","1002","2","4082.6","3546","1618","2","9BA5254B1E66D656D6CD07CC10D829597E5151E98F7DBCAA59A6C5807532388D","ok","38113280"
"rapidjson-1.9.5","2b410117c0e9e67da52afea5845610d05ad3f825","Avocado-gltf","Avocado","gltf","roundtrip","2","1002","2","20795.8","8110895","8109906","5","C72227178574600C360CE50E5B5965D8A785D0BC17589F19D16D2E1502BC4836","ok","38113280"
"rapidjson-1.9.5","2b410117c0e9e67da52afea5845610d05ad3f825","Box-glb","Box","glb","roundtrip","2","1002","2","4037.9","1664","1632","1","80503A0DF23E35679EEF3E3ED6E527B6EEA00D8265BC7D2AAF4CEC4A36CF8D1B","ok","38113280"
"rapidjson-1.9.5","2b410117c0e9e67da52afea5845610d05ad3f825","Box-gltf","Box","gltf","load","2","1002","2","3774","3546","0","0","","ok","38113280"
"rapidjson-1.9.5","2b410117c0e9e67da52afea5845610d05ad3f825","Avocado-gltf","Avocado","gltf","load","2","1002","2","17529.2","8110895","0","0","","ok","38113280"
"rapidjson-1.9.5","2b410117c0e9e67da52afea5845610d05ad3f825","Avocado-gltf","Avocado","gltf","export","2","1002","2","5390.5","8110895","8109906","5","C72227178574600C360CE50E5B5965D8A785D0BC17589F19D16D2E1502BC4836","ok","38113280"
"rapidjson-1.9.5","2b410117c0e9e67da52afea5845610d05ad3f825","Box-glb","Box","glb","export","2","1002","2","563.5","1664","1632","1","80503A0DF23E35679EEF3E3ED6E527B6EEA00D8265BC7D2AAF4CEC4A36CF8D1B","ok","38113280"
"rapidjson-1.9.5","2b410117c0e9e67da52afea5845610d05ad3f825","Box-gltf","Box","gltf","load","3","1003","1","3521.1","3546","0","0","","ok","42053632"
"rapidjson-1.9.5","2b410117c0e9e67da52afea5845610d05ad3f825","Box-glb","Box","glb","export","3","1003","1","507.9","1664","1632","1","80503A0DF23E35679EEF3E3ED6E527B6EEA00D8265BC7D2AAF4CEC4A36CF8D1B","ok","42053632"
"rapidjson-1.9.5","2b410117c0e9e67da52afea5845610d05ad3f825","Avocado-glb","Avocado","glb","roundtrip","3","1003","1","66534.7","8110040","8110104","1","DC2AB7E28D10AB39C1BB0E8F8408461872DAE99A1241E71DD91CA53901724CA0","ok","42053632"
"rapidjson-1.9.5","2b410117c0e9e67da52afea5845610d05ad3f825","Avocado-gltf","Avocado","gltf","load","3","1003","1","15404.7","8110895","0","0","","ok","42053632"
"rapidjson-1.9.5","2b410117c0e9e67da52afea5845610d05ad3f825","Box-glb","Box","glb","roundtrip","3","1003","1","3463.1","1664","1632","1","80503A0DF23E35679EEF3E3ED6E527B6EEA00D8265BC7D2AAF4CEC4A36CF8D1B","ok","42053632"
"rapidjson-1.9.5","2b410117c0e9e67da52afea5845610d05ad3f825","Box-glb","Box","glb","load","3","1003","1","3397.8","1664","0","0","","ok","42053632"
"rapidjson-1.9.5","2b410117c0e9e67da52afea5845610d05ad3f825","Avocado-glb","Avocado","glb","export","3","1003","1","118664.8","8110040","8110104","1","DC2AB7E28D10AB39C1BB0E8F8408461872DAE99A1241E71DD91CA53901724CA0","ok","42053632"
"rapidjson-1.9.5","2b410117c0e9e67da52afea5845610d05ad3f825","Box-gltf","Box","gltf","roundtrip","3","1003","1","4212.4","3546","1618","2","9BA5254B1E66D656D6CD07CC10D829597E5151E98F7DBCAA59A6C5807532388D","ok","42053632"
"rapidjson-1.9.5","2b410117c0e9e67da52afea5845610d05ad3f825","Avocado-gltf","Avocado","gltf","roundtrip","3","1003","1","19511","8110895","8109906","5","C72227178574600C360CE50E5B5965D8A785D0BC17589F19D16D2E1502BC4836","ok","42053632"
"rapidjson-1.9.5","2b410117c0e9e67da52afea5845610d05ad3f825","Avocado-gltf","Avocado","gltf","export","3","1003","1","4549.4","8110895","8109906","5","C72227178574600C360CE50E5B5965D8A785D0BC17589F19D16D2E1502BC4836","ok","42053632"
"rapidjson-1.9.5","2b410117c0e9e67da52afea5845610d05ad3f825","Box-gltf","Box","gltf","export","3","1003","1","698.8","3546","1618","2","9BA5254B1E66D656D6CD07CC10D829597E5151E98F7DBCAA59A6C5807532388D","ok","42053632"
"rapidjson-1.9.5","2b410117c0e9e67da52afea5845610d05ad3f825","Avocado-glb","Avocado","glb","load","3","1003","1","20159.4","8110040","0","0","","ok","42053632"
"rapidjson-1.9.5","2b410117c0e9e67da52afea5845610d05ad3f825","Avocado-gltf","Avocado","gltf","load","4","1004","2","16651","8110895","0","0","","ok","42110976"
"rapidjson-1.9.5","2b410117c0e9e67da52afea5845610d05ad3f825","Box-glb","Box","glb","export","4","1004","2","634.1","1664","1632","1","80503A0DF23E35679EEF3E3ED6E527B6EEA00D8265BC7D2AAF4CEC4A36CF8D1B","ok","42110976"
"rapidjson-1.9.5","2b410117c0e9e67da52afea5845610d05ad3f825","Box-gltf","Box","gltf","export","4","1004","2","848.9","3546","1618","2","9BA5254B1E66D656D6CD07CC10D829597E5151E98F7DBCAA59A6C5807532388D","ok","42110976"
"rapidjson-1.9.5","2b410117c0e9e67da52afea5845610d05ad3f825","Box-glb","Box","glb","load","4","1004","2","3501.1","1664","0","0","","ok","42110976"
"rapidjson-1.9.5","2b410117c0e9e67da52afea5845610d05ad3f825","Box-gltf","Box","gltf","load","4","1004","2","3697.8","3546","0","0","","ok","42110976"
"rapidjson-1.9.5","2b410117c0e9e67da52afea5845610d05ad3f825","Box-glb","Box","glb","roundtrip","4","1004","2","3881.1","1664","1632","1","80503A0DF23E35679EEF3E3ED6E527B6EEA00D8265BC7D2AAF4CEC4A36CF8D1B","ok","42110976"
"rapidjson-1.9.5","2b410117c0e9e67da52afea5845610d05ad3f825","Box-gltf","Box","gltf","roundtrip","4","1004","2","4727.7","3546","1618","2","9BA5254B1E66D656D6CD07CC10D829597E5151E98F7DBCAA59A6C5807532388D","ok","42110976"
"rapidjson-1.9.5","2b410117c0e9e67da52afea5845610d05ad3f825","Avocado-gltf","Avocado","gltf","roundtrip","4","1004","2","75522.7","8110895","8109906","5","C72227178574600C360CE50E5B5965D8A785D0BC17589F19D16D2E1502BC4836","ok","42110976"
"rapidjson-1.9.5","2b410117c0e9e67da52afea5845610d05ad3f825","Avocado-glb","Avocado","glb","export","4","1004","2","113990.1","8110040","8110104","1","DC2AB7E28D10AB39C1BB0E8F8408461872DAE99A1241E71DD91CA53901724CA0","ok","42110976"
"rapidjson-1.9.5","2b410117c0e9e67da52afea5845610d05ad3f825","Avocado-glb","Avocado","glb","roundtrip","4","1004","2","81814.5","8110040","8110104","1","DC2AB7E28D10AB39C1BB0E8F8408461872DAE99A1241E71DD91CA53901724CA0","ok","42110976"
"rapidjson-1.9.5","2b410117c0e9e67da52afea5845610d05ad3f825","Avocado-gltf","Avocado","gltf","export","4","1004","2","5201.3","8110895","8109906","5","C72227178574600C360CE50E5B5965D8A785D0BC17589F19D16D2E1502BC4836","ok","42110976"
"rapidjson-1.9.5","2b410117c0e9e67da52afea5845610d05ad3f825","Avocado-glb","Avocado","glb","load","4","1004","2","20175.5","8110040","0","0","","ok","42110976"
"rapidjson-1.9.5","2b410117c0e9e67da52afea5845610d05ad3f825","Box-gltf","Box","gltf","roundtrip","5","1005","1","4479.5","3546","1618","2","9BA5254B1E66D656D6CD07CC10D829597E5151E98F7DBCAA59A6C5807532388D","ok","42090496"
"rapidjson-1.9.5","2b410117c0e9e67da52afea5845610d05ad3f825","Avocado-gltf","Avocado","gltf","roundtrip","5","1005","1","21998.2","8110895","8109906","5","C72227178574600C360CE50E5B5965D8A785D0BC17589F19D16D2E1502BC4836","ok","42090496"
"rapidjson-1.9.5","2b410117c0e9e67da52afea5845610d05ad3f825","Avocado-gltf","Avocado","gltf","load","5","1005","1","23244","8110895","0","0","","ok","42090496"
"rapidjson-1.9.5","2b410117c0e9e67da52afea5845610d05ad3f825","Avocado-glb","Avocado","glb","roundtrip","5","1005","1","198692.6","8110040","8110104","1","DC2AB7E28D10AB39C1BB0E8F8408461872DAE99A1241E71DD91CA53901724CA0","ok","42090496"
"rapidjson-1.9.5","2b410117c0e9e67da52afea5845610d05ad3f825","Avocado-gltf","Avocado","gltf","export","5","1005","1","4642","8110895","8109906","5","C72227178574600C360CE50E5B5965D8A785D0BC17589F19D16D2E1502BC4836","ok","42090496"
"rapidjson-1.9.5","2b410117c0e9e67da52afea5845610d05ad3f825","Box-gltf","Box","gltf","export","5","1005","1","735.5","3546","1618","2","9BA5254B1E66D656D6CD07CC10D829597E5151E98F7DBCAA59A6C5807532388D","ok","42090496"
"rapidjson-1.9.5","2b410117c0e9e67da52afea5845610d05ad3f825","Box-gltf","Box","gltf","load","5","1005","1","2767.4","3546","0","0","","ok","42090496"
"rapidjson-1.9.5","2b410117c0e9e67da52afea5845610d05ad3f825","Box-glb","Box","glb","load","5","1005","1","2656.2","1664","0","0","","ok","42090496"
"rapidjson-1.9.5","2b410117c0e9e67da52afea5845610d05ad3f825","Avocado-glb","Avocado","glb","load","5","1005","1","19123.9","8110040","0","0","","ok","42090496"
"rapidjson-1.9.5","2b410117c0e9e67da52afea5845610d05ad3f825","Avocado-glb","Avocado","glb","export","5","1005","1","45907.9","8110040","8110104","1","DC2AB7E28D10AB39C1BB0E8F8408461872DAE99A1241E71DD91CA53901724CA0","ok","42090496"
"rapidjson-1.9.5","2b410117c0e9e67da52afea5845610d05ad3f825","Box-glb","Box","glb","roundtrip","5","1005","1","3201.4","1664","1632","1","80503A0DF23E35679EEF3E3ED6E527B6EEA00D8265BC7D2AAF4CEC4A36CF8D1B","ok","42090496"
"rapidjson-1.9.5","2b410117c0e9e67da52afea5845610d05ad3f825","Box-glb","Box","glb","export","5","1005","1","508.1","1664","1632","1","80503A0DF23E35679EEF3E3ED6E527B6EEA00D8265BC7D2AAF4CEC4A36CF8D1B","ok","42090496"
"rapidjson-1.9.5","2b410117c0e9e67da52afea5845610d05ad3f825","Box-gltf","Box","gltf","export","6","1006","2","783.1","3546","1618","2","9BA5254B1E66D656D6CD07CC10D829597E5151E98F7DBCAA59A6C5807532388D","ok","42131456"
"rapidjson-1.9.5","2b410117c0e9e67da52afea5845610d05ad3f825","Box-glb","Box","glb","export","6","1006","2","530.7","1664","1632","1","80503A0DF23E35679EEF3E3ED6E527B6EEA00D8265BC7D2AAF4CEC4A36CF8D1B","ok","42131456"
"rapidjson-1.9.5","2b410117c0e9e67da52afea5845610d05ad3f825","Avocado-gltf","Avocado","gltf","export","6","1006","2","4541.8","8110895","8109906","5","C72227178574600C360CE50E5B5965D8A785D0BC17589F19D16D2E1502BC4836","ok","42131456"
"rapidjson-1.9.5","2b410117c0e9e67da52afea5845610d05ad3f825","Box-glb","Box","glb","load","6","1006","2","4099.9","1664","0","0","","ok","42131456"
"rapidjson-1.9.5","2b410117c0e9e67da52afea5845610d05ad3f825","Avocado-glb","Avocado","glb","roundtrip","6","1006","2","137751.4","8110040","8110104","1","DC2AB7E28D10AB39C1BB0E8F8408461872DAE99A1241E71DD91CA53901724CA0","ok","42131456"
"rapidjson-1.9.5","2b410117c0e9e67da52afea5845610d05ad3f825","Box-glb","Box","glb","roundtrip","6","1006","2","5236.8","1664","1632","1","80503A0DF23E35679EEF3E3ED6E527B6EEA00D8265BC7D2AAF4CEC4A36CF8D1B","ok","42131456"
"rapidjson-1.9.5","2b410117c0e9e67da52afea5845610d05ad3f825","Avocado-gltf","Avocado","gltf","load","6","1006","2","16875.7","8110895","0","0","","ok","42131456"
"rapidjson-1.9.5","2b410117c0e9e67da52afea5845610d05ad3f825","Avocado-glb","Avocado","glb","load","6","1006","2","20054.4","8110040","0","0","","ok","42131456"
"rapidjson-1.9.5","2b410117c0e9e67da52afea5845610d05ad3f825","Box-gltf","Box","gltf","roundtrip","6","1006","2","3531","3546","1618","2","9BA5254B1E66D656D6CD07CC10D829597E5151E98F7DBCAA59A6C5807532388D","ok","42131456"
"rapidjson-1.9.5","2b410117c0e9e67da52afea5845610d05ad3f825","Box-gltf","Box","gltf","load","6","1006","2","2799.3","3546","0","0","","ok","42131456"
"rapidjson-1.9.5","2b410117c0e9e67da52afea5845610d05ad3f825","Avocado-gltf","Avocado","gltf","roundtrip","6","1006","2","18850.3","8110895","8109906","5","C72227178574600C360CE50E5B5965D8A785D0BC17589F19D16D2E1502BC4836","ok","42131456"
"rapidjson-1.9.5","2b410117c0e9e67da52afea5845610d05ad3f825","Avocado-glb","Avocado","glb","export","6","1006","2","48838.7","8110040","8110104","1","DC2AB7E28D10AB39C1BB0E8F8408461872DAE99A1241E71DD91CA53901724CA0","ok","42131456"
"rapidjson-1.9.5","2b410117c0e9e67da52afea5845610d05ad3f825","Avocado-glb","Avocado","glb","load","7","1007","1","20295","8110040","0","0","","ok","42110976"
"rapidjson-1.9.5","2b410117c0e9e67da52afea5845610d05ad3f825","Avocado-gltf","Avocado","gltf","export","7","1007","1","5006.7","8110895","8109906","5","C72227178574600C360CE50E5B5965D8A785D0BC17589F19D16D2E1502BC4836","ok","42110976"
"rapidjson-1.9.5","2b410117c0e9e67da52afea5845610d05ad3f825","Box-gltf","Box","gltf","load","7","1007","1","4246.7","3546","0","0","","ok","42110976"
"rapidjson-1.9.5","2b410117c0e9e67da52afea5845610d05ad3f825","Box-glb","Box","glb","roundtrip","7","1007","1","4623.4","1664","1632","1","80503A0DF23E35679EEF3E3ED6E527B6EEA00D8265BC7D2AAF4CEC4A36CF8D1B","ok","42110976"
"rapidjson-1.9.5","2b410117c0e9e67da52afea5845610d05ad3f825","Box-gltf","Box","gltf","export","7","1007","1","912.1","3546","1618","2","9BA5254B1E66D656D6CD07CC10D829597E5151E98F7DBCAA59A6C5807532388D","ok","42110976"
"rapidjson-1.9.5","2b410117c0e9e67da52afea5845610d05ad3f825","Avocado-gltf","Avocado","gltf","load","7","1007","1","77908.2","8110895","0","0","","ok","42110976"
"rapidjson-1.9.5","2b410117c0e9e67da52afea5845610d05ad3f825","Avocado-gltf","Avocado","gltf","roundtrip","7","1007","1","24357.2","8110895","8109906","5","C72227178574600C360CE50E5B5965D8A785D0BC17589F19D16D2E1502BC4836","ok","42110976"
"rapidjson-1.9.5","2b410117c0e9e67da52afea5845610d05ad3f825","Box-gltf","Box","gltf","roundtrip","7","1007","1","7873","3546","1618","2","9BA5254B1E66D656D6CD07CC10D829597E5151E98F7DBCAA59A6C5807532388D","ok","42110976"
"rapidjson-1.9.5","2b410117c0e9e67da52afea5845610d05ad3f825","Box-glb","Box","glb","load","7","1007","1","3464.6","1664","0","0","","ok","42110976"
"rapidjson-1.9.5","2b410117c0e9e67da52afea5845610d05ad3f825","Avocado-glb","Avocado","glb","export","7","1007","1","46202.1","8110040","8110104","1","DC2AB7E28D10AB39C1BB0E8F8408461872DAE99A1241E71DD91CA53901724CA0","ok","42110976"
"rapidjson-1.9.5","2b410117c0e9e67da52afea5845610d05ad3f825","Avocado-glb","Avocado","glb","roundtrip","7","1007","1","66453","8110040","8110104","1","DC2AB7E28D10AB39C1BB0E8F8408461872DAE99A1241E71DD91CA53901724CA0","ok","42110976"
"rapidjson-1.9.5","2b410117c0e9e67da52afea5845610d05ad3f825","Box-glb","Box","glb","export","7","1007","1","500.9","1664","1632","1","80503A0DF23E35679EEF3E3ED6E527B6EEA00D8265BC7D2AAF4CEC4A36CF8D1B","ok","42110976"
"rapidjson-1.9.5","2b410117c0e9e67da52afea5845610d05ad3f825","Avocado-glb","Avocado","glb","load","8","1008","2","24287.4","8110040","0","0","","ok","42139648"
"rapidjson-1.9.5","2b410117c0e9e67da52afea5845610d05ad3f825","Box-glb","Box","glb","roundtrip","8","1008","2","3413.6","1664","1632","1","80503A0DF23E35679EEF3E3ED6E527B6EEA00D8265BC7D2AAF4CEC4A36CF8D1B","ok","42139648"
"rapidjson-1.9.5","2b410117c0e9e67da52afea5845610d05ad3f825","Box-gltf","Box","gltf","export","8","1008","2","651.6","3546","1618","2","9BA5254B1E66D656D6CD07CC10D829597E5151E98F7DBCAA59A6C5807532388D","ok","42139648"
"rapidjson-1.9.5","2b410117c0e9e67da52afea5845610d05ad3f825","Avocado-gltf","Avocado","gltf","roundtrip","8","1008","2","21508.5","8110895","8109906","5","C72227178574600C360CE50E5B5965D8A785D0BC17589F19D16D2E1502BC4836","ok","42139648"
"rapidjson-1.9.5","2b410117c0e9e67da52afea5845610d05ad3f825","Box-glb","Box","glb","load","8","1008","2","3627.4","1664","0","0","","ok","42139648"
"rapidjson-1.9.5","2b410117c0e9e67da52afea5845610d05ad3f825","Avocado-glb","Avocado","glb","export","8","1008","2","117738.7","8110040","8110104","1","DC2AB7E28D10AB39C1BB0E8F8408461872DAE99A1241E71DD91CA53901724CA0","ok","42139648"
"rapidjson-1.9.5","2b410117c0e9e67da52afea5845610d05ad3f825","Box-gltf","Box","gltf","roundtrip","8","1008","2","3635.6","3546","1618","2","9BA5254B1E66D656D6CD07CC10D829597E5151E98F7DBCAA59A6C5807532388D","ok","42139648"
"rapidjson-1.9.5","2b410117c0e9e67da52afea5845610d05ad3f825","Avocado-gltf","Avocado","gltf","load","8","1008","2","14812.7","8110895","0","0","","ok","42139648"
"rapidjson-1.9.5","2b410117c0e9e67da52afea5845610d05ad3f825","Avocado-glb","Avocado","glb","roundtrip","8","1008","2","64994.6","8110040","8110104","1","DC2AB7E28D10AB39C1BB0E8F8408461872DAE99A1241E71DD91CA53901724CA0","ok","42139648"
"rapidjson-1.9.5","2b410117c0e9e67da52afea5845610d05ad3f825","Avocado-gltf","Avocado","gltf","export","8","1008","2","4527.5","8110895","8109906","5","C72227178574600C360CE50E5B5965D8A785D0BC17589F19D16D2E1502BC4836","ok","42139648"
"rapidjson-1.9.5","2b410117c0e9e67da52afea5845610d05ad3f825","Box-glb","Box","glb","export","8","1008","2","512.8","1664","1632","1","80503A0DF23E35679EEF3E3ED6E527B6EEA00D8265BC7D2AAF4CEC4A36CF8D1B","ok","42139648"
"rapidjson-1.9.5","2b410117c0e9e67da52afea5845610d05ad3f825","Box-gltf","Box","gltf","load","8","1008","2","2986.9","3546","0","0","","ok","42139648"
"rapidjson-1.9.5","2b410117c0e9e67da52afea5845610d05ad3f825","Box-glb","Box","glb","load","9","1009","1","4275.5","1664","0","0","","ok","42147840"
"rapidjson-1.9.5","2b410117c0e9e67da52afea5845610d05ad3f825","Box-glb","Box","glb","roundtrip","9","1009","1","3369.7","1664","1632","1","80503A0DF23E35679EEF3E3ED6E527B6EEA00D8265BC7D2AAF4CEC4A36CF8D1B","ok","42147840"
"rapidjson-1.9.5","2b410117c0e9e67da52afea5845610d05ad3f825","Avocado-gltf","Avocado","gltf","export","9","1009","1","4523.6","8110895","8109906","5","C72227178574600C360CE50E5B5965D8A785D0BC17589F19D16D2E1502BC4836","ok","42147840"
"rapidjson-1.9.5","2b410117c0e9e67da52afea5845610d05ad3f825","Avocado-glb","Avocado","glb","load","9","1009","1","23810.9","8110040","0","0","","ok","42147840"
"rapidjson-1.9.5","2b410117c0e9e67da52afea5845610d05ad3f825","Box-gltf","Box","gltf","roundtrip","9","1009","1","4930.4","3546","1618","2","9BA5254B1E66D656D6CD07CC10D829597E5151E98F7DBCAA59A6C5807532388D","ok","42147840"
"rapidjson-1.9.5","2b410117c0e9e67da52afea5845610d05ad3f825","Avocado-gltf","Avocado","gltf","load","9","1009","1","16977.3","8110895","0","0","","ok","42147840"
"rapidjson-1.9.5","2b410117c0e9e67da52afea5845610d05ad3f825","Avocado-glb","Avocado","glb","export","9","1009","1","101023.5","8110040","8110104","1","DC2AB7E28D10AB39C1BB0E8F8408461872DAE99A1241E71DD91CA53901724CA0","ok","42147840"
"rapidjson-1.9.5","2b410117c0e9e67da52afea5845610d05ad3f825","Box-glb","Box","glb","export","9","1009","1","561.5","1664","1632","1","80503A0DF23E35679EEF3E3ED6E527B6EEA00D8265BC7D2AAF4CEC4A36CF8D1B","ok","42147840"
"rapidjson-1.9.5","2b410117c0e9e67da52afea5845610d05ad3f825","Box-gltf","Box","gltf","load","9","1009","1","2865.9","3546","0","0","","ok","42147840"
"rapidjson-1.9.5","2b410117c0e9e67da52afea5845610d05ad3f825","Avocado-gltf","Avocado","gltf","roundtrip","9","1009","1","19689.8","8110895","8109906","5","C72227178574600C360CE50E5B5965D8A785D0BC17589F19D16D2E1502BC4836","ok","42147840"
"rapidjson-1.9.5","2b410117c0e9e67da52afea5845610d05ad3f825","Box-gltf","Box","gltf","export","9","1009","1","777.2","3546","1618","2","9BA5254B1E66D656D6CD07CC10D829597E5151E98F7DBCAA59A6C5807532388D","ok","42147840"
"rapidjson-1.9.5","2b410117c0e9e67da52afea5845610d05ad3f825","Avocado-glb","Avocado","glb","roundtrip","9","1009","1","80307.5","8110040","8110104","1","DC2AB7E28D10AB39C1BB0E8F8408461872DAE99A1241E71DD91CA53901724CA0","ok","42147840"
"rapidjson-1.9.5","2b410117c0e9e67da52afea5845610d05ad3f825","Avocado-glb","Avocado","glb","load","10","1010","2","28718","8110040","0","0","","ok","42053632"
"rapidjson-1.9.5","2b410117c0e9e67da52afea5845610d05ad3f825","Box-gltf","Box","gltf","roundtrip","10","1010","2","5897.9","3546","1618","2","9BA5254B1E66D656D6CD07CC10D829597E5151E98F7DBCAA59A6C5807532388D","ok","42053632"
"rapidjson-1.9.5","2b410117c0e9e67da52afea5845610d05ad3f825","Avocado-glb","Avocado","glb","roundtrip","10","1010","2","73842.9","8110040","8110104","1","DC2AB7E28D10AB39C1BB0E8F8408461872DAE99A1241E71DD91CA53901724CA0","ok","42053632"
"rapidjson-1.9.5","2b410117c0e9e67da52afea5845610d05ad3f825","Avocado-gltf","Avocado","gltf","export","10","1010","2","5250.1","8110895","8109906","5","C72227178574600C360CE50E5B5965D8A785D0BC17589F19D16D2E1502BC4836","ok","42053632"
"rapidjson-1.9.5","2b410117c0e9e67da52afea5845610d05ad3f825","Box-gltf","Box","gltf","load","10","1010","2","4180.6","3546","0","0","","ok","42053632"
"rapidjson-1.9.5","2b410117c0e9e67da52afea5845610d05ad3f825","Box-glb","Box","glb","export","10","1010","2","828.5","1664","1632","1","80503A0DF23E35679EEF3E3ED6E527B6EEA00D8265BC7D2AAF4CEC4A36CF8D1B","ok","42053632"
"rapidjson-1.9.5","2b410117c0e9e67da52afea5845610d05ad3f825","Avocado-gltf","Avocado","gltf","load","10","1010","2","18655.4","8110895","0","0","","ok","42053632"
"rapidjson-1.9.5","2b410117c0e9e67da52afea5845610d05ad3f825","Box-glb","Box","glb","roundtrip","10","1010","2","55297.9","1664","1632","1","80503A0DF23E35679EEF3E3ED6E527B6EEA00D8265BC7D2AAF4CEC4A36CF8D1B","ok","42053632"
"rapidjson-1.9.5","2b410117c0e9e67da52afea5845610d05ad3f825","Avocado-gltf","Avocado","gltf","roundtrip","10","1010","2","26482.2","8110895","8109906","5","C72227178574600C360CE50E5B5965D8A785D0BC17589F19D16D2E1502BC4836","ok","42053632"
"rapidjson-1.9.5","2b410117c0e9e67da52afea5845610d05ad3f825","Box-gltf","Box","gltf","export","10","1010","2","1188.1","3546","1618","2","9BA5254B1E66D656D6CD07CC10D829597E5151E98F7DBCAA59A6C5807532388D","ok","42053632"
"rapidjson-1.9.5","2b410117c0e9e67da52afea5845610d05ad3f825","Avocado-glb","Avocado","glb","export","10","1010","2","48572.8","8110040","8110104","1","DC2AB7E28D10AB39C1BB0E8F8408461872DAE99A1241E71DD91CA53901724CA0","ok","42053632"
"rapidjson-1.9.5","2b410117c0e9e67da52afea5845610d05ad3f825","Box-glb","Box","glb","load","10","1010","2","3486.9","1664","0","0","","ok","42053632"
"rapidjson-1.9.5","2b410117c0e9e67da52afea5845610d05ad3f825","Box-glb","Box","glb","load","11","1011","1","3482.1","1664","0","0","","ok","42115072"
"rapidjson-1.9.5","2b410117c0e9e67da52afea5845610d05ad3f825","Box-gltf","Box","gltf","export","11","1011","1","1048.9","3546","1618","2","9BA5254B1E66D656D6CD07CC10D829597E5151E98F7DBCAA59A6C5807532388D","ok","42115072"
"rapidjson-1.9.5","2b410117c0e9e67da52afea5845610d05ad3f825","Avocado-gltf","Avocado","gltf","export","11","1011","1","6090.7","8110895","8109906","5","C72227178574600C360CE50E5B5965D8A785D0BC17589F19D16D2E1502BC4836","ok","42115072"
"rapidjson-1.9.5","2b410117c0e9e67da52afea5845610d05ad3f825","Box-glb","Box","glb","export","11","1011","1","763.1","1664","1632","1","80503A0DF23E35679EEF3E3ED6E527B6EEA00D8265BC7D2AAF4CEC4A36CF8D1B","ok","42115072"
"rapidjson-1.9.5","2b410117c0e9e67da52afea5845610d05ad3f825","Box-gltf","Box","gltf","load","11","1011","1","6168.2","3546","0","0","","ok","42115072"
"rapidjson-1.9.5","2b410117c0e9e67da52afea5845610d05ad3f825","Avocado-gltf","Avocado","gltf","load","11","1011","1","75702.4","8110895","0","0","","ok","42115072"
"rapidjson-1.9.5","2b410117c0e9e67da52afea5845610d05ad3f825","Avocado-gltf","Avocado","gltf","roundtrip","11","1011","1","24845","8110895","8109906","5","C72227178574600C360CE50E5B5965D8A785D0BC17589F19D16D2E1502BC4836","ok","42115072"
"rapidjson-1.9.5","2b410117c0e9e67da52afea5845610d05ad3f825","Avocado-glb","Avocado","glb","roundtrip","11","1011","1","129144.7","8110040","8110104","1","DC2AB7E28D10AB39C1BB0E8F8408461872DAE99A1241E71DD91CA53901724CA0","ok","42115072"
"rapidjson-1.9.5","2b410117c0e9e67da52afea5845610d05ad3f825","Box-glb","Box","glb","roundtrip","11","1011","1","3459.6","1664","1632","1","80503A0DF23E35679EEF3E3ED6E527B6EEA00D8265BC7D2AAF4CEC4A36CF8D1B","ok","42115072"
"rapidjson-1.9.5","2b410117c0e9e67da52afea5845610d05ad3f825","Avocado-glb","Avocado","glb","export","11","1011","1","63091.1","8110040","8110104","1","DC2AB7E28D10AB39C1BB0E8F8408461872DAE99A1241E71DD91CA53901724CA0","ok","42115072"
"rapidjson-1.9.5","2b410117c0e9e67da52afea5845610d05ad3f825","Avocado-glb","Avocado","glb","load","11","1011","1","26419.5","8110040","0","0","","ok","42115072"
"rapidjson-1.9.5","2b410117c0e9e67da52afea5845610d05ad3f825","Box-gltf","Box","gltf","roundtrip","11","1011","1","5424.1","3546","1618","2","9BA5254B1E66D656D6CD07CC10D829597E5151E98F7DBCAA59A6C5807532388D","ok","42115072"
"rapidjson-1.9.5","2b410117c0e9e67da52afea5845610d05ad3f825","Avocado-glb","Avocado","glb","load","12","1012","2","20312.8","8110040","0","0","","ok","42094592"
"rapidjson-1.9.5","2b410117c0e9e67da52afea5845610d05ad3f825","Box-gltf","Box","gltf","load","12","1012","2","3337.7","3546","0","0","","ok","42094592"
"rapidjson-1.9.5","2b410117c0e9e67da52afea5845610d05ad3f825","Box-glb","Box","glb","export","12","1012","2","631.6","1664","1632","1","80503A0DF23E35679EEF3E3ED6E527B6EEA00D8265BC7D2AAF4CEC4A36CF8D1B","ok","42094592"
"rapidjson-1.9.5","2b410117c0e9e67da52afea5845610d05ad3f825","Avocado-glb","Avocado","glb","export","12","1012","2","56872.1","8110040","8110104","1","DC2AB7E28D10AB39C1BB0E8F8408461872DAE99A1241E71DD91CA53901724CA0","ok","42094592"
"rapidjson-1.9.5","2b410117c0e9e67da52afea5845610d05ad3f825","Avocado-gltf","Avocado","gltf","roundtrip","12","1012","2","20525.8","8110895","8109906","5","C72227178574600C360CE50E5B5965D8A785D0BC17589F19D16D2E1502BC4836","ok","42094592"
"rapidjson-1.9.5","2b410117c0e9e67da52afea5845610d05ad3f825","Box-gltf","Box","gltf","roundtrip","12","1012","2","5335.8","3546","1618","2","9BA5254B1E66D656D6CD07CC10D829597E5151E98F7DBCAA59A6C5807532388D","ok","42094592"
"rapidjson-1.9.5","2b410117c0e9e67da52afea5845610d05ad3f825","Avocado-gltf","Avocado","gltf","export","12","1012","2","58669.2","8110895","8109906","5","C72227178574600C360CE50E5B5965D8A785D0BC17589F19D16D2E1502BC4836","ok","42094592"
"rapidjson-1.9.5","2b410117c0e9e67da52afea5845610d05ad3f825","Avocado-gltf","Avocado","gltf","load","12","1012","2","17315.1","8110895","0","0","","ok","42094592"
"rapidjson-1.9.5","2b410117c0e9e67da52afea5845610d05ad3f825","Box-glb","Box","glb","roundtrip","12","1012","2","4088.6","1664","1632","1","80503A0DF23E35679EEF3E3ED6E527B6EEA00D8265BC7D2AAF4CEC4A36CF8D1B","ok","42094592"
"rapidjson-1.9.5","2b410117c0e9e67da52afea5845610d05ad3f825","Avocado-glb","Avocado","glb","roundtrip","12","1012","2","117072.7","8110040","8110104","1","DC2AB7E28D10AB39C1BB0E8F8408461872DAE99A1241E71DD91CA53901724CA0","ok","42094592"
"rapidjson-1.9.5","2b410117c0e9e67da52afea5845610d05ad3f825","Box-glb","Box","glb","load","12","1012","2","2844.1","1664","0","0","","ok","42094592"
"rapidjson-1.9.5","2b410117c0e9e67da52afea5845610d05ad3f825","Box-gltf","Box","gltf","export","12","1012","2","765.1","3546","1618","2","9BA5254B1E66D656D6CD07CC10D829597E5151E98F7DBCAA59A6C5807532388D","ok","42094592"
"rapidjson-1.9.5","2b410117c0e9e67da52afea5845610d05ad3f825","Avocado-gltf","Avocado","gltf","export","13","1013","1","4748.8","8110895","8109906","5","C72227178574600C360CE50E5B5965D8A785D0BC17589F19D16D2E1502BC4836","ok","42090496"
"rapidjson-1.9.5","2b410117c0e9e67da52afea5845610d05ad3f825","Box-gltf","Box","gltf","load","13","1013","1","3608.5","3546","0","0","","ok","42090496"
"rapidjson-1.9.5","2b410117c0e9e67da52afea5845610d05ad3f825","Box-glb","Box","glb","load","13","1013","1","3084.4","1664","0","0","","ok","42090496"
"rapidjson-1.9.5","2b410117c0e9e67da52afea5845610d05ad3f825","Box-gltf","Box","gltf","roundtrip","13","1013","1","5820.5","3546","1618","2","9BA5254B1E66D656D6CD07CC10D829597E5151E98F7DBCAA59A6C5807532388D","ok","42090496"
"rapidjson-1.9.5","2b410117c0e9e67da52afea5845610d05ad3f825","Box-glb","Box","glb","export","13","1013","1","550.3","1664","1632","1","80503A0DF23E35679EEF3E3ED6E527B6EEA00D8265BC7D2AAF4CEC4A36CF8D1B","ok","42090496"
"rapidjson-1.9.5","2b410117c0e9e67da52afea5845610d05ad3f825","Box-gltf","Box","gltf","export","13","1013","1","967.3","3546","1618","2","9BA5254B1E66D656D6CD07CC10D829597E5151E98F7DBCAA59A6C5807532388D","ok","42090496"
"rapidjson-1.9.5","2b410117c0e9e67da52afea5845610d05ad3f825","Avocado-gltf","Avocado","gltf","roundtrip","13","1013","1","22205.4","8110895","8109906","5","C72227178574600C360CE50E5B5965D8A785D0BC17589F19D16D2E1502BC4836","ok","42090496"
"rapidjson-1.9.5","2b410117c0e9e67da52afea5845610d05ad3f825","Avocado-glb","Avocado","glb","load","13","1013","1","74006.7","8110040","0","0","","ok","42090496"
"rapidjson-1.9.5","2b410117c0e9e67da52afea5845610d05ad3f825","Box-glb","Box","glb","roundtrip","13","1013","1","3451.6","1664","1632","1","80503A0DF23E35679EEF3E3ED6E527B6EEA00D8265BC7D2AAF4CEC4A36CF8D1B","ok","42090496"
"rapidjson-1.9.5","2b410117c0e9e67da52afea5845610d05ad3f825","Avocado-glb","Avocado","glb","export","13","1013","1","47884.7","8110040","8110104","1","DC2AB7E28D10AB39C1BB0E8F8408461872DAE99A1241E71DD91CA53901724CA0","ok","42090496"
"rapidjson-1.9.5","2b410117c0e9e67da52afea5845610d05ad3f825","Avocado-gltf","Avocado","gltf","load","13","1013","1","15264.2","8110895","0","0","","ok","42090496"
"rapidjson-1.9.5","2b410117c0e9e67da52afea5845610d05ad3f825","Avocado-glb","Avocado","glb","roundtrip","13","1013","1","73910.8","8110040","8110104","1","DC2AB7E28D10AB39C1BB0E8F8408461872DAE99A1241E71DD91CA53901724CA0","ok","42090496"
"rapidjson-1.9.5","2b410117c0e9e67da52afea5845610d05ad3f825","Box-glb","Box","glb","export","14","1014","2","595.6","1664","1632","1","80503A0DF23E35679EEF3E3ED6E527B6EEA00D8265BC7D2AAF4CEC4A36CF8D1B","ok","42078208"
"rapidjson-1.9.5","2b410117c0e9e67da52afea5845610d05ad3f825","Avocado-glb","Avocado","glb","load","14","1014","2","24141.4","8110040","0","0","","ok","42078208"
"rapidjson-1.9.5","2b410117c0e9e67da52afea5845610d05ad3f825","Avocado-gltf","Avocado","gltf","roundtrip","14","1014","2","23095.4","8110895","8109906","5","C72227178574600C360CE50E5B5965D8A785D0BC17589F19D16D2E1502BC4836","ok","42078208"
"rapidjson-1.9.5","2b410117c0e9e67da52afea5845610d05ad3f825","Box-glb","Box","glb","roundtrip","14","1014","2","4560.5","1664","1632","1","80503A0DF23E35679EEF3E3ED6E527B6EEA00D8265BC7D2AAF4CEC4A36CF8D1B","ok","42078208"
"rapidjson-1.9.5","2b410117c0e9e67da52afea5845610d05ad3f825","Avocado-gltf","Avocado","gltf","load","14","1014","2","17543.4","8110895","0","0","","ok","42078208"
"rapidjson-1.9.5","2b410117c0e9e67da52afea5845610d05ad3f825","Avocado-gltf","Avocado","gltf","export","14","1014","2","6162.2","8110895","8109906","5","C72227178574600C360CE50E5B5965D8A785D0BC17589F19D16D2E1502BC4836","ok","42078208"
"rapidjson-1.9.5","2b410117c0e9e67da52afea5845610d05ad3f825","Box-gltf","Box","gltf","load","14","1014","2","3699.7","3546","0","0","","ok","42078208"
"rapidjson-1.9.5","2b410117c0e9e67da52afea5845610d05ad3f825","Avocado-glb","Avocado","glb","export","14","1014","2","47956.2","8110040","8110104","1","DC2AB7E28D10AB39C1BB0E8F8408461872DAE99A1241E71DD91CA53901724CA0","ok","42078208"
"rapidjson-1.9.5","2b410117c0e9e67da52afea5845610d05ad3f825","Box-glb","Box","glb","load","14","1014","2","2847.4","1664","0","0","","ok","42078208"
"rapidjson-1.9.5","2b410117c0e9e67da52afea5845610d05ad3f825","Box-gltf","Box","gltf","roundtrip","14","1014","2","3720.5","3546","1618","2","9BA5254B1E66D656D6CD07CC10D829597E5151E98F7DBCAA59A6C5807532388D","ok","42078208"
"rapidjson-1.9.5","2b410117c0e9e67da52afea5845610d05ad3f825","Avocado-glb","Avocado","glb","roundtrip","14","1014","2","65297.3","8110040","8110104","1","DC2AB7E28D10AB39C1BB0E8F8408461872DAE99A1241E71DD91CA53901724CA0","ok","42078208"
"rapidjson-1.9.5","2b410117c0e9e67da52afea5845610d05ad3f825","Box-gltf","Box","gltf","export","14","1014","2","711.9","3546","1618","2","9BA5254B1E66D656D6CD07CC10D829597E5151E98F7DBCAA59A6C5807532388D","ok","42078208"
"rapidjson-1.9.5","2b410117c0e9e67da52afea5845610d05ad3f825","Avocado-glb","Avocado","glb","export","15","1015","1","47656.3","8110040","8110104","1","DC2AB7E28D10AB39C1BB0E8F8408461872DAE99A1241E71DD91CA53901724CA0","ok","42070016"
"rapidjson-1.9.5","2b410117c0e9e67da52afea5845610d05ad3f825","Box-glb","Box","glb","export","15","1015","1","549.1","1664","1632","1","80503A0DF23E35679EEF3E3ED6E527B6EEA00D8265BC7D2AAF4CEC4A36CF8D1B","ok","42070016"
"rapidjson-1.9.5","2b410117c0e9e67da52afea5845610d05ad3f825","Box-gltf","Box","gltf","roundtrip","15","1015","1","3937.2","3546","1618","2","9BA5254B1E66D656D6CD07CC10D829597E5151E98F7DBCAA59A6C5807532388D","ok","42070016"
"rapidjson-1.9.5","2b410117c0e9e67da52afea5845610d05ad3f825","Avocado-gltf","Avocado","gltf","export","15","1015","1","4659.5","8110895","8109906","5","C72227178574600C360CE50E5B5965D8A785D0BC17589F19D16D2E1502BC4836","ok","42070016"
"rapidjson-1.9.5","2b410117c0e9e67da52afea5845610d05ad3f825","Box-glb","Box","glb","roundtrip","15","1015","1","5100.8","1664","1632","1","80503A0DF23E35679EEF3E3ED6E527B6EEA00D8265BC7D2AAF4CEC4A36CF8D1B","ok","42070016"
"rapidjson-1.9.5","2b410117c0e9e67da52afea5845610d05ad3f825","Avocado-glb","Avocado","glb","load","15","1015","1","76891.2","8110040","0","0","","ok","42070016"
"rapidjson-1.9.5","2b410117c0e9e67da52afea5845610d05ad3f825","Box-gltf","Box","gltf","export","15","1015","1","716.6","3546","1618","2","9BA5254B1E66D656D6CD07CC10D829597E5151E98F7DBCAA59A6C5807532388D","ok","42070016"
"rapidjson-1.9.5","2b410117c0e9e67da52afea5845610d05ad3f825","Avocado-gltf","Avocado","gltf","load","15","1015","1","17630","8110895","0","0","","ok","42070016"
"rapidjson-1.9.5","2b410117c0e9e67da52afea5845610d05ad3f825","Avocado-gltf","Avocado","gltf","roundtrip","15","1015","1","24423.5","8110895","8109906","5","C72227178574600C360CE50E5B5965D8A785D0BC17589F19D16D2E1502BC4836","ok","42070016"
"rapidjson-1.9.5","2b410117c0e9e67da52afea5845610d05ad3f825","Box-gltf","Box","gltf","load","15","1015","1","3269.7","3546","0","0","","ok","42070016"
"rapidjson-1.9.5","2b410117c0e9e67da52afea5845610d05ad3f825","Box-glb","Box","glb","load","15","1015","1","2685","1664","0","0","","ok","42070016"
"rapidjson-1.9.5","2b410117c0e9e67da52afea5845610d05ad3f825","Avocado-glb","Avocado","glb","roundtrip","15","1015","1","69040.4","8110040","8110104","1","DC2AB7E28D10AB39C1BB0E8F8408461872DAE99A1241E71DD91CA53901724CA0","ok","42070016"
"rapidjson-1.9.5","2b410117c0e9e67da52afea5845610d05ad3f825","Avocado-gltf","Avocado","gltf","roundtrip","16","1016","2","21393.6","8110895","8109906","5","C72227178574600C360CE50E5B5965D8A785D0BC17589F19D16D2E1502BC4836","ok","42041344"
"rapidjson-1.9.5","2b410117c0e9e67da52afea5845610d05ad3f825","Avocado-glb","Avocado","glb","export","16","1016","2","105355.5","8110040","8110104","1","DC2AB7E28D10AB39C1BB0E8F8408461872DAE99A1241E71DD91CA53901724CA0","ok","42041344"
"rapidjson-1.9.5","2b410117c0e9e67da52afea5845610d05ad3f825","Box-gltf","Box","gltf","roundtrip","16","1016","2","6143.8","3546","1618","2","9BA5254B1E66D656D6CD07CC10D829597E5151E98F7DBCAA59A6C5807532388D","ok","42041344"
"rapidjson-1.9.5","2b410117c0e9e67da52afea5845610d05ad3f825","Box-glb","Box","glb","load","16","1016","2","2890.9","1664","0","0","","ok","42041344"
"rapidjson-1.9.5","2b410117c0e9e67da52afea5845610d05ad3f825","Avocado-glb","Avocado","glb","load","16","1016","2","23157.8","8110040","0","0","","ok","42041344"
"rapidjson-1.9.5","2b410117c0e9e67da52afea5845610d05ad3f825","Box-gltf","Box","gltf","load","16","1016","2","3046","3546","0","0","","ok","42041344"
"rapidjson-1.9.5","2b410117c0e9e67da52afea5845610d05ad3f825","Avocado-glb","Avocado","glb","roundtrip","16","1016","2","66632.9","8110040","8110104","1","DC2AB7E28D10AB39C1BB0E8F8408461872DAE99A1241E71DD91CA53901724CA0","ok","42041344"
"rapidjson-1.9.5","2b410117c0e9e67da52afea5845610d05ad3f825","Box-glb","Box","glb","export","16","1016","2","452.5","1664","1632","1","80503A0DF23E35679EEF3E3ED6E527B6EEA00D8265BC7D2AAF4CEC4A36CF8D1B","ok","42041344"
"rapidjson-1.9.5","2b410117c0e9e67da52afea5845610d05ad3f825","Avocado-gltf","Avocado","gltf","load","16","1016","2","14945.3","8110895","0","0","","ok","42041344"
"rapidjson-1.9.5","2b410117c0e9e67da52afea5845610d05ad3f825","Box-glb","Box","glb","roundtrip","16","1016","2","3435","1664","1632","1","80503A0DF23E35679EEF3E3ED6E527B6EEA00D8265BC7D2AAF4CEC4A36CF8D1B","ok","42041344"
"rapidjson-1.9.5","2b410117c0e9e67da52afea5845610d05ad3f825","Avocado-gltf","Avocado","gltf","export","16","1016","2","4255.5","8110895","8109906","5","C72227178574600C360CE50E5B5965D8A785D0BC17589F19D16D2E1502BC4836","ok","42041344"
"rapidjson-1.9.5","2b410117c0e9e67da52afea5845610d05ad3f825","Box-gltf","Box","gltf","export","16","1016","2","728.7","3546","1618","2","9BA5254B1E66D656D6CD07CC10D829597E5151E98F7DBCAA59A6C5807532388D","ok","42041344"
"rapidjson-1.9.5","2b410117c0e9e67da52afea5845610d05ad3f825","Avocado-glb","Avocado","glb","load","17","1017","1","20611.1","8110040","0","0","","ok","38178816"
"rapidjson-1.9.5","2b410117c0e9e67da52afea5845610d05ad3f825","Box-gltf","Box","gltf","roundtrip","17","1017","1","3894.7","3546","1618","2","9BA5254B1E66D656D6CD07CC10D829597E5151E98F7DBCAA59A6C5807532388D","ok","38178816"
"rapidjson-1.9.5","2b410117c0e9e67da52afea5845610d05ad3f825","Box-glb","Box","glb","roundtrip","17","1017","1","3241.5","1664","1632","1","80503A0DF23E35679EEF3E3ED6E527B6EEA00D8265BC7D2AAF4CEC4A36CF8D1B","ok","38178816"
"rapidjson-1.9.5","2b410117c0e9e67da52afea5845610d05ad3f825","Box-gltf","Box","gltf","export","17","1017","1","983","3546","1618","2","9BA5254B1E66D656D6CD07CC10D829597E5151E98F7DBCAA59A6C5807532388D","ok","38178816"
"rapidjson-1.9.5","2b410117c0e9e67da52afea5845610d05ad3f825","Avocado-glb","Avocado","glb","roundtrip","17","1017","1","75053.5","8110040","8110104","1","DC2AB7E28D10AB39C1BB0E8F8408461872DAE99A1241E71DD91CA53901724CA0","ok","38178816"
"rapidjson-1.9.5","2b410117c0e9e67da52afea5845610d05ad3f825","Avocado-glb","Avocado","glb","export","17","1017","1","48133.1","8110040","8110104","1","DC2AB7E28D10AB39C1BB0E8F8408461872DAE99A1241E71DD91CA53901724CA0","ok","38178816"
"rapidjson-1.9.5","2b410117c0e9e67da52afea5845610d05ad3f825","Avocado-gltf","Avocado","gltf","export","17","1017","1","4633.5","8110895","8109906","5","C72227178574600C360CE50E5B5965D8A785D0BC17589F19D16D2E1502BC4836","ok","38178816"
"rapidjson-1.9.5","2b410117c0e9e67da52afea5845610d05ad3f825","Avocado-gltf","Avocado","gltf","load","17","1017","1","18688.9","8110895","0","0","","ok","38178816"
"rapidjson-1.9.5","2b410117c0e9e67da52afea5845610d05ad3f825","Box-glb","Box","glb","export","17","1017","1","730.8","1664","1632","1","80503A0DF23E35679EEF3E3ED6E527B6EEA00D8265BC7D2AAF4CEC4A36CF8D1B","ok","38178816"
"rapidjson-1.9.5","2b410117c0e9e67da52afea5845610d05ad3f825","Box-gltf","Box","gltf","load","17","1017","1","3763.4","3546","0","0","","ok","38178816"
"rapidjson-1.9.5","2b410117c0e9e67da52afea5845610d05ad3f825","Box-glb","Box","glb","load","17","1017","1","52000.9","1664","0","0","","ok","38178816"
"rapidjson-1.9.5","2b410117c0e9e67da52afea5845610d05ad3f825","Avocado-gltf","Avocado","gltf","roundtrip","17","1017","1","22847.7","8110895","8109906","5","C72227178574600C360CE50E5B5965D8A785D0BC17589F19D16D2E1502BC4836","ok","38178816"
"rapidjson-1.9.5","2b410117c0e9e67da52afea5845610d05ad3f825","Avocado-gltf","Avocado","gltf","roundtrip","18","1018","2","21521.7","8110895","8109906","5","C72227178574600C360CE50E5B5965D8A785D0BC17589F19D16D2E1502BC4836","ok","42135552"
"rapidjson-1.9.5","2b410117c0e9e67da52afea5845610d05ad3f825","Box-glb","Box","glb","roundtrip","18","1018","2","5383.1","1664","1632","1","80503A0DF23E35679EEF3E3ED6E527B6EEA00D8265BC7D2AAF4CEC4A36CF8D1B","ok","42135552"
"rapidjson-1.9.5","2b410117c0e9e67da52afea5845610d05ad3f825","Box-gltf","Box","gltf","roundtrip","18","1018","2","4588.8","3546","1618","2","9BA5254B1E66D656D6CD07CC10D829597E5151E98F7DBCAA59A6C5807532388D","ok","42135552"
"rapidjson-1.9.5","2b410117c0e9e67da52afea5845610d05ad3f825","Box-glb","Box","glb","load","18","1018","2","3261.8","1664","0","0","","ok","42135552"
"rapidjson-1.9.5","2b410117c0e9e67da52afea5845610d05ad3f825","Avocado-gltf","Avocado","gltf","load","18","1018","2","66328.9","8110895","0","0","","ok","42135552"
"rapidjson-1.9.5","2b410117c0e9e67da52afea5845610d05ad3f825","Box-glb","Box","glb","export","18","1018","2","625.1","1664","1632","1","80503A0DF23E35679EEF3E3ED6E527B6EEA00D8265BC7D2AAF4CEC4A36CF8D1B","ok","42135552"
"rapidjson-1.9.5","2b410117c0e9e67da52afea5845610d05ad3f825","Avocado-gltf","Avocado","gltf","export","18","1018","2","5422.6","8110895","8109906","5","C72227178574600C360CE50E5B5965D8A785D0BC17589F19D16D2E1502BC4836","ok","42135552"
"rapidjson-1.9.5","2b410117c0e9e67da52afea5845610d05ad3f825","Avocado-glb","Avocado","glb","roundtrip","18","1018","2","69525.9","8110040","8110104","1","DC2AB7E28D10AB39C1BB0E8F8408461872DAE99A1241E71DD91CA53901724CA0","ok","42135552"
"rapidjson-1.9.5","2b410117c0e9e67da52afea5845610d05ad3f825","Avocado-glb","Avocado","glb","export","18","1018","2","45706.1","8110040","8110104","1","DC2AB7E28D10AB39C1BB0E8F8408461872DAE99A1241E71DD91CA53901724CA0","ok","42135552"
"rapidjson-1.9.5","2b410117c0e9e67da52afea5845610d05ad3f825","Box-gltf","Box","gltf","load","18","1018","2","3153.9","3546","0","0","","ok","42135552"
"rapidjson-1.9.5","2b410117c0e9e67da52afea5845610d05ad3f825","Avocado-glb","Avocado","glb","load","18","1018","2","19712.5","8110040","0","0","","ok","42135552"
"rapidjson-1.9.5","2b410117c0e9e67da52afea5845610d05ad3f825","Box-gltf","Box","gltf","export","18","1018","2","663.8","3546","1618","2","9BA5254B1E66D656D6CD07CC10D829597E5151E98F7DBCAA59A6C5807532388D","ok","42135552"
"rapidjson-1.9.5","2b410117c0e9e67da52afea5845610d05ad3f825","Box-glb","Box","glb","load","19","1019","1","3454.5","1664","0","0","","ok","38174720"
"rapidjson-1.9.5","2b410117c0e9e67da52afea5845610d05ad3f825","Box-gltf","Box","gltf","export","19","1019","1","762.8","3546","1618","2","9BA5254B1E66D656D6CD07CC10D829597E5151E98F7DBCAA59A6C5807532388D","ok","38174720"
"rapidjson-1.9.5","2b410117c0e9e67da52afea5845610d05ad3f825","Box-gltf","Box","gltf","roundtrip","19","1019","1","3568.1","3546","1618","2","9BA5254B1E66D656D6CD07CC10D829597E5151E98F7DBCAA59A6C5807532388D","ok","38174720"
"rapidjson-1.9.5","2b410117c0e9e67da52afea5845610d05ad3f825","Avocado-glb","Avocado","glb","export","19","1019","1","46059.7","8110040","8110104","1","DC2AB7E28D10AB39C1BB0E8F8408461872DAE99A1241E71DD91CA53901724CA0","ok","38174720"
"rapidjson-1.9.5","2b410117c0e9e67da52afea5845610d05ad3f825","Avocado-glb","Avocado","glb","roundtrip","19","1019","1","69838.7","8110040","8110104","1","DC2AB7E28D10AB39C1BB0E8F8408461872DAE99A1241E71DD91CA53901724CA0","ok","38174720"
"rapidjson-1.9.5","2b410117c0e9e67da52afea5845610d05ad3f825","Avocado-gltf","Avocado","gltf","export","19","1019","1","4957.2","8110895","8109906","5","C72227178574600C360CE50E5B5965D8A785D0BC17589F19D16D2E1502BC4836","ok","38174720"
"rapidjson-1.9.5","2b410117c0e9e67da52afea5845610d05ad3f825","Box-glb","Box","glb","export","19","1019","1","611","1664","1632","1","80503A0DF23E35679EEF3E3ED6E527B6EEA00D8265BC7D2AAF4CEC4A36CF8D1B","ok","38174720"
"rapidjson-1.9.5","2b410117c0e9e67da52afea5845610d05ad3f825","Avocado-glb","Avocado","glb","load","19","1019","1","24096.6","8110040","0","0","","ok","38174720"
"rapidjson-1.9.5","2b410117c0e9e67da52afea5845610d05ad3f825","Box-gltf","Box","gltf","load","19","1019","1","69804.4","3546","0","0","","ok","38174720"
"rapidjson-1.9.5","2b410117c0e9e67da52afea5845610d05ad3f825","Avocado-gltf","Avocado","gltf","load","19","1019","1","21647.8","8110895","0","0","","ok","38174720"
"rapidjson-1.9.5","2b410117c0e9e67da52afea5845610d05ad3f825","Avocado-gltf","Avocado","gltf","roundtrip","19","1019","1","25842.2","8110895","8109906","5","C72227178574600C360CE50E5B5965D8A785D0BC17589F19D16D2E1502BC4836","ok","38174720"
"rapidjson-1.9.5","2b410117c0e9e67da52afea5845610d05ad3f825","Box-glb","Box","glb","roundtrip","19","1019","1","3582","1664","1632","1","80503A0DF23E35679EEF3E3ED6E527B6EEA00D8265BC7D2AAF4CEC4A36CF8D1B","ok","38174720"
"rapidjson-1.9.5","2b410117c0e9e67da52afea5845610d05ad3f825","Avocado-gltf","Avocado","gltf","export","20","1020","2","4948.3","8110895","8109906","5","C72227178574600C360CE50E5B5965D8A785D0BC17589F19D16D2E1502BC4836","ok","42127360"
"rapidjson-1.9.5","2b410117c0e9e67da52afea5845610d05ad3f825","Box-glb","Box","glb","load","20","1020","2","3882.6","1664","0","0","","ok","42127360"
"rapidjson-1.9.5","2b410117c0e9e67da52afea5845610d05ad3f825","Avocado-glb","Avocado","glb","roundtrip","20","1020","2","191368.9","8110040","8110104","1","DC2AB7E28D10AB39C1BB0E8F8408461872DAE99A1241E71DD91CA53901724CA0","ok","42127360"
"rapidjson-1.9.5","2b410117c0e9e67da52afea5845610d05ad3f825","Avocado-glb","Avocado","glb","export","20","1020","2","48779.3","8110040","8110104","1","DC2AB7E28D10AB39C1BB0E8F8408461872DAE99A1241E71DD91CA53901724CA0","ok","42127360"
"rapidjson-1.9.5","2b410117c0e9e67da52afea5845610d05ad3f825","Avocado-glb","Avocado","glb","load","20","1020","2","20778.6","8110040","0","0","","ok","42127360"
"rapidjson-1.9.5","2b410117c0e9e67da52afea5845610d05ad3f825","Box-glb","Box","glb","roundtrip","20","1020","2","3345.1","1664","1632","1","80503A0DF23E35679EEF3E3ED6E527B6EEA00D8265BC7D2AAF4CEC4A36CF8D1B","ok","42127360"
"rapidjson-1.9.5","2b410117c0e9e67da52afea5845610d05ad3f825","Box-glb","Box","glb","export","20","1020","2","451.1","1664","1632","1","80503A0DF23E35679EEF3E3ED6E527B6EEA00D8265BC7D2AAF4CEC4A36CF8D1B","ok","42127360"
"rapidjson-1.9.5","2b410117c0e9e67da52afea5845610d05ad3f825","Box-gltf","Box","gltf","load","20","1020","2","3078.4","3546","0","0","","ok","42127360"
"rapidjson-1.9.5","2b410117c0e9e67da52afea5845610d05ad3f825","Box-gltf","Box","gltf","roundtrip","20","1020","2","3534.5","3546","1618","2","9BA5254B1E66D656D6CD07CC10D829597E5151E98F7DBCAA59A6C5807532388D","ok","42127360"
"rapidjson-1.9.5","2b410117c0e9e67da52afea5845610d05ad3f825","Box-gltf","Box","gltf","export","20","1020","2","659.7","3546","1618","2","9BA5254B1E66D656D6CD07CC10D829597E5151E98F7DBCAA59A6C5807532388D","ok","42127360"
"rapidjson-1.9.5","2b410117c0e9e67da52afea5845610d05ad3f825","Avocado-gltf","Avocado","gltf","roundtrip","20","1020","2","19842.2","8110895","8109906","5","C72227178574600C360CE50E5B5965D8A785D0BC17589F19D16D2E1502BC4836","ok","42127360"
"rapidjson-1.9.5","2b410117c0e9e67da52afea5845610d05ad3f825","Avocado-gltf","Avocado","gltf","load","20","1020","2","15746.4","8110895","0","0","","ok","42127360"
"rapidjson-1.9.5","2b410117c0e9e67da52afea5845610d05ad3f825","Box-gltf","Box","gltf","load","21","1021","1","3773.1","3546","0","0","","ok","42049536"
"rapidjson-1.9.5","2b410117c0e9e67da52afea5845610d05ad3f825","Avocado-gltf","Avocado","gltf","roundtrip","21","1021","1","22279.6","8110895","8109906","5","C72227178574600C360CE50E5B5965D8A785D0BC17589F19D16D2E1502BC4836","ok","42049536"
"rapidjson-1.9.5","2b410117c0e9e67da52afea5845610d05ad3f825","Box-gltf","Box","gltf","export","21","1021","1","987.6","3546","1618","2","9BA5254B1E66D656D6CD07CC10D829597E5151E98F7DBCAA59A6C5807532388D","ok","42049536"
"rapidjson-1.9.5","2b410117c0e9e67da52afea5845610d05ad3f825","Avocado-gltf","Avocado","gltf","load","21","1021","1","21074.7","8110895","0","0","","ok","42049536"
"rapidjson-1.9.5","2b410117c0e9e67da52afea5845610d05ad3f825","Box-glb","Box","glb","load","21","1021","1","64520.3","1664","0","0","","ok","42049536"
"rapidjson-1.9.5","2b410117c0e9e67da52afea5845610d05ad3f825","Avocado-glb","Avocado","glb","roundtrip","21","1021","1","126773.2","8110040","8110104","1","DC2AB7E28D10AB39C1BB0E8F8408461872DAE99A1241E71DD91CA53901724CA0","ok","42049536"
"rapidjson-1.9.5","2b410117c0e9e67da52afea5845610d05ad3f825","Box-gltf","Box","gltf","roundtrip","21","1021","1","3819.3","3546","1618","2","9BA5254B1E66D656D6CD07CC10D829597E5151E98F7DBCAA59A6C5807532388D","ok","42049536"
"rapidjson-1.9.5","2b410117c0e9e67da52afea5845610d05ad3f825","Box-glb","Box","glb","roundtrip","21","1021","1","3228.6","1664","1632","1","80503A0DF23E35679EEF3E3ED6E527B6EEA00D8265BC7D2AAF4CEC4A36CF8D1B","ok","42049536"
"rapidjson-1.9.5","2b410117c0e9e67da52afea5845610d05ad3f825","Avocado-glb","Avocado","glb","export","21","1021","1","46183.7","8110040","8110104","1","DC2AB7E28D10AB39C1BB0E8F8408461872DAE99A1241E71DD91CA53901724CA0","ok","42049536"
"rapidjson-1.9.5","2b410117c0e9e67da52afea5845610d05ad3f825","Avocado-gltf","Avocado","gltf","export","21","1021","1","4721.1","8110895","8109906","5","C72227178574600C360CE50E5B5965D8A785D0BC17589F19D16D2E1502BC4836","ok","42049536"
"rapidjson-1.9.5","2b410117c0e9e67da52afea5845610d05ad3f825","Box-glb","Box","glb","export","21","1021","1","495.8","1664","1632","1","80503A0DF23E35679EEF3E3ED6E527B6EEA00D8265BC7D2AAF4CEC4A36CF8D1B","ok","42049536"
"rapidjson-1.9.5","2b410117c0e9e67da52afea5845610d05ad3f825","Avocado-glb","Avocado","glb","load","21","1021","1","19385.3","8110040","0","0","","ok","42049536"
"rapidjson-1.9.5","2b410117c0e9e67da52afea5845610d05ad3f825","Box-gltf","Box","gltf","export","22","1022","2","730.4","3546","1618","2","9BA5254B1E66D656D6CD07CC10D829597E5151E98F7DBCAA59A6C5807532388D","ok","42160128"
"rapidjson-1.9.5","2b410117c0e9e67da52afea5845610d05ad3f825","Avocado-gltf","Avocado","gltf","export","22","1022","2","4690.7","8110895","8109906","5","C72227178574600C360CE50E5B5965D8A785D0BC17589F19D16D2E1502BC4836","ok","42160128"
"rapidjson-1.9.5","2b410117c0e9e67da52afea5845610d05ad3f825","Box-gltf","Box","gltf","roundtrip","22","1022","2","5980.7","3546","1618","2","9BA5254B1E66D656D6CD07CC10D829597E5151E98F7DBCAA59A6C5807532388D","ok","42160128"
"rapidjson-1.9.5","2b410117c0e9e67da52afea5845610d05ad3f825","Box-glb","Box","glb","export","22","1022","2","568.8","1664","1632","1","80503A0DF23E35679EEF3E3ED6E527B6EEA00D8265BC7D2AAF4CEC4A36CF8D1B","ok","42160128"
"rapidjson-1.9.5","2b410117c0e9e67da52afea5845610d05ad3f825","Box-glb","Box","glb","roundtrip","22","1022","2","4230.4","1664","1632","1","80503A0DF23E35679EEF3E3ED6E527B6EEA00D8265BC7D2AAF4CEC4A36CF8D1B","ok","42160128"
"rapidjson-1.9.5","2b410117c0e9e67da52afea5845610d05ad3f825","Avocado-glb","Avocado","glb","roundtrip","22","1022","2","147441.2","8110040","8110104","1","DC2AB7E28D10AB39C1BB0E8F8408461872DAE99A1241E71DD91CA53901724CA0","ok","42160128"
"rapidjson-1.9.5","2b410117c0e9e67da52afea5845610d05ad3f825","Avocado-glb","Avocado","glb","export","22","1022","2","48608.9","8110040","8110104","1","DC2AB7E28D10AB39C1BB0E8F8408461872DAE99A1241E71DD91CA53901724CA0","ok","42160128"
"rapidjson-1.9.5","2b410117c0e9e67da52afea5845610d05ad3f825","Avocado-gltf","Avocado","gltf","load","22","1022","2","15403.9","8110895","0","0","","ok","42160128"
"rapidjson-1.9.5","2b410117c0e9e67da52afea5845610d05ad3f825","Avocado-glb","Avocado","glb","load","22","1022","2","20495.3","8110040","0","0","","ok","42160128"
"rapidjson-1.9.5","2b410117c0e9e67da52afea5845610d05ad3f825","Box-glb","Box","glb","load","22","1022","2","2838.6","1664","0","0","","ok","42160128"
"rapidjson-1.9.5","2b410117c0e9e67da52afea5845610d05ad3f825","Box-gltf","Box","gltf","load","22","1022","2","2998.5","3546","0","0","","ok","42160128"
"rapidjson-1.9.5","2b410117c0e9e67da52afea5845610d05ad3f825","Avocado-gltf","Avocado","gltf","roundtrip","22","1022","2","19409.9","8110895","8109906","5","C72227178574600C360CE50E5B5965D8A785D0BC17589F19D16D2E1502BC4836","ok","42160128"
"rapidjson-1.9.5","2b410117c0e9e67da52afea5845610d05ad3f825","Box-glb","Box","glb","export","23","1023","1","521","1664","1632","1","80503A0DF23E35679EEF3E3ED6E527B6EEA00D8265BC7D2AAF4CEC4A36CF8D1B","ok","42090496"
"rapidjson-1.9.5","2b410117c0e9e67da52afea5845610d05ad3f825","Box-gltf","Box","gltf","export","23","1023","1","718.9","3546","1618","2","9BA5254B1E66D656D6CD07CC10D829597E5151E98F7DBCAA59A6C5807532388D","ok","42090496"
"rapidjson-1.9.5","2b410117c0e9e67da52afea5845610d05ad3f825","Avocado-glb","Avocado","glb","load","23","1023","1","20634","8110040","0","0","","ok","42090496"
"rapidjson-1.9.5","2b410117c0e9e67da52afea5845610d05ad3f825","Box-glb","Box","glb","roundtrip","23","1023","1","3484.6","1664","1632","1","80503A0DF23E35679EEF3E3ED6E527B6EEA00D8265BC7D2AAF4CEC4A36CF8D1B","ok","42090496"
"rapidjson-1.9.5","2b410117c0e9e67da52afea5845610d05ad3f825","Avocado-gltf","Avocado","gltf","roundtrip","23","1023","1","21274.8","8110895","8109906","5","C72227178574600C360CE50E5B5965D8A785D0BC17589F19D16D2E1502BC4836","ok","42090496"
"rapidjson-1.9.5","2b410117c0e9e67da52afea5845610d05ad3f825","Avocado-glb","Avocado","glb","export","23","1023","1","122074.5","8110040","8110104","1","DC2AB7E28D10AB39C1BB0E8F8408461872DAE99A1241E71DD91CA53901724CA0","ok","42090496"
"rapidjson-1.9.5","2b410117c0e9e67da52afea5845610d05ad3f825","Box-gltf","Box","gltf","load","23","1023","1","3026","3546","0","0","","ok","42090496"
"rapidjson-1.9.5","2b410117c0e9e67da52afea5845610d05ad3f825","Avocado-gltf","Avocado","gltf","load","23","1023","1","15504.4","8110895","0","0","","ok","42090496"
"rapidjson-1.9.5","2b410117c0e9e67da52afea5845610d05ad3f825","Box-gltf","Box","gltf","roundtrip","23","1023","1","3736.7","3546","1618","2","9BA5254B1E66D656D6CD07CC10D829597E5151E98F7DBCAA59A6C5807532388D","ok","42090496"
"rapidjson-1.9.5","2b410117c0e9e67da52afea5845610d05ad3f825","Avocado-gltf","Avocado","gltf","export","23","1023","1","4988.4","8110895","8109906","5","C72227178574600C360CE50E5B5965D8A785D0BC17589F19D16D2E1502BC4836","ok","42090496"
"rapidjson-1.9.5","2b410117c0e9e67da52afea5845610d05ad3f825","Box-glb","Box","glb","load","23","1023","1","2948.3","1664","0","0","","ok","42090496"
"rapidjson-1.9.5","2b410117c0e9e67da52afea5845610d05ad3f825","Avocado-glb","Avocado","glb","roundtrip","23","1023","1","65864.5","8110040","8110104","1","DC2AB7E28D10AB39C1BB0E8F8408461872DAE99A1241E71DD91CA53901724CA0","ok","42090496"
"rapidjson-1.9.5","2b410117c0e9e67da52afea5845610d05ad3f825","Box-gltf","Box","gltf","load","24","1024","2","3685","3546","0","0","","ok","42106880"
"rapidjson-1.9.5","2b410117c0e9e67da52afea5845610d05ad3f825","Avocado-gltf","Avocado","gltf","export","24","1024","2","4653","8110895","8109906","5","C72227178574600C360CE50E5B5965D8A785D0BC17589F19D16D2E1502BC4836","ok","42106880"
"rapidjson-1.9.5","2b410117c0e9e67da52afea5845610d05ad3f825","Box-gltf","Box","gltf","roundtrip","24","1024","2","4915.6","3546","1618","2","9BA5254B1E66D656D6CD07CC10D829597E5151E98F7DBCAA59A6C5807532388D","ok","42106880"
"rapidjson-1.9.5","2b410117c0e9e67da52afea5845610d05ad3f825","Avocado-glb","Avocado","glb","roundtrip","24","1024","2","152394.5","8110040","8110104","1","DC2AB7E28D10AB39C1BB0E8F8408461872DAE99A1241E71DD91CA53901724CA0","ok","42106880"
"rapidjson-1.9.5","2b410117c0e9e67da52afea5845610d05ad3f825","Box-glb","Box","glb","export","24","1024","2","495.5","1664","1632","1","80503A0DF23E35679EEF3E3ED6E527B6EEA00D8265BC7D2AAF4CEC4A36CF8D1B","ok","42106880"
"rapidjson-1.9.5","2b410117c0e9e67da52afea5845610d05ad3f825","Avocado-glb","Avocado","glb","export","24","1024","2","46941","8110040","8110104","1","DC2AB7E28D10AB39C1BB0E8F8408461872DAE99A1241E71DD91CA53901724CA0","ok","42106880"
"rapidjson-1.9.5","2b410117c0e9e67da52afea5845610d05ad3f825","Avocado-gltf","Avocado","gltf","load","24","1024","2","14905.5","8110895","0","0","","ok","42106880"
"rapidjson-1.9.5","2b410117c0e9e67da52afea5845610d05ad3f825","Box-glb","Box","glb","load","24","1024","2","2754.1","1664","0","0","","ok","42106880"
"rapidjson-1.9.5","2b410117c0e9e67da52afea5845610d05ad3f825","Box-glb","Box","glb","roundtrip","24","1024","2","3233.6","1664","1632","1","80503A0DF23E35679EEF3E3ED6E527B6EEA00D8265BC7D2AAF4CEC4A36CF8D1B","ok","42106880"
"rapidjson-1.9.5","2b410117c0e9e67da52afea5845610d05ad3f825","Avocado-glb","Avocado","glb","load","24","1024","2","20183.5","8110040","0","0","","ok","42106880"
"rapidjson-1.9.5","2b410117c0e9e67da52afea5845610d05ad3f825","Avocado-gltf","Avocado","gltf","roundtrip","24","1024","2","23236.6","8110895","8109906","5","C72227178574600C360CE50E5B5965D8A785D0BC17589F19D16D2E1502BC4836","ok","42106880"
"rapidjson-1.9.5","2b410117c0e9e67da52afea5845610d05ad3f825","Box-gltf","Box","gltf","export","24","1024","2","804.9","3546","1618","2","9BA5254B1E66D656D6CD07CC10D829597E5151E98F7DBCAA59A6C5807532388D","ok","42106880"
"rapidjson-1.9.5","2b410117c0e9e67da52afea5845610d05ad3f825","Box-gltf","Box","gltf","export","25","1025","1","817.2","3546","1618","2","9BA5254B1E66D656D6CD07CC10D829597E5151E98F7DBCAA59A6C5807532388D","ok","42053632"
"rapidjson-1.9.5","2b410117c0e9e67da52afea5845610d05ad3f825","Avocado-gltf","Avocado","gltf","load","25","1025","1","15752.4","8110895","0","0","","ok","42053632"
"rapidjson-1.9.5","2b410117c0e9e67da52afea5845610d05ad3f825","Avocado-glb","Avocado","glb","export","25","1025","1","104308.6","8110040","8110104","1","DC2AB7E28D10AB39C1BB0E8F8408461872DAE99A1241E71DD91CA53901724CA0","ok","42053632"
"rapidjson-1.9.5","2b410117c0e9e67da52afea5845610d05ad3f825","Box-gltf","Box","gltf","roundtrip","25","1025","1","59160.7","3546","1618","2","9BA5254B1E66D656D6CD07CC10D829597E5151E98F7DBCAA59A6C5807532388D","ok","42053632"
"rapidjson-1.9.5","2b410117c0e9e67da52afea5845610d05ad3f825","Avocado-glb","Avocado","glb","load","25","1025","1","19921.2","8110040","0","0","","ok","42053632"
"rapidjson-1.9.5","2b410117c0e9e67da52afea5845610d05ad3f825","Avocado-gltf","Avocado","gltf","export","25","1025","1","6047","8110895","8109906","5","C72227178574600C360CE50E5B5965D8A785D0BC17589F19D16D2E1502BC4836","ok","42053632"
"rapidjson-1.9.5","2b410117c0e9e67da52afea5845610d05ad3f825","Box-glb","Box","glb","load","25","1025","1","2961.9","1664","0","0","","ok","42053632"
"rapidjson-1.9.5","2b410117c0e9e67da52afea5845610d05ad3f825","Box-glb","Box","glb","roundtrip","25","1025","1","3447.7","1664","1632","1","80503A0DF23E35679EEF3E3ED6E527B6EEA00D8265BC7D2AAF4CEC4A36CF8D1B","ok","42053632"
"rapidjson-1.9.5","2b410117c0e9e67da52afea5845610d05ad3f825","Box-gltf","Box","gltf","load","25","1025","1","2992.7","3546","0","0","","ok","42053632"
"rapidjson-1.9.5","2b410117c0e9e67da52afea5845610d05ad3f825","Avocado-glb","Avocado","glb","roundtrip","25","1025","1","67548.9","8110040","8110104","1","DC2AB7E28D10AB39C1BB0E8F8408461872DAE99A1241E71DD91CA53901724CA0","ok","42053632"
"rapidjson-1.9.5","2b410117c0e9e67da52afea5845610d05ad3f825","Box-glb","Box","glb","export","25","1025","1","585.9","1664","1632","1","80503A0DF23E35679EEF3E3ED6E527B6EEA00D8265BC7D2AAF4CEC4A36CF8D1B","ok","42053632"
"rapidjson-1.9.5","2b410117c0e9e67da52afea5845610d05ad3f825","Avocado-gltf","Avocado","gltf","roundtrip","25","1025","1","21000.7","8110895","8109906","5","C72227178574600C360CE50E5B5965D8A785D0BC17589F19D16D2E1502BC4836","ok","42053632"
"rapidjson-1.9.5","2b410117c0e9e67da52afea5845610d05ad3f825","Box-gltf","Box","gltf","load","26","1026","2","3608.9","3546","0","0","","ok","42078208"
"rapidjson-1.9.5","2b410117c0e9e67da52afea5845610d05ad3f825","Box-glb","Box","glb","roundtrip","26","1026","2","3262","1664","1632","1","80503A0DF23E35679EEF3E3ED6E527B6EEA00D8265BC7D2AAF4CEC4A36CF8D1B","ok","42078208"
"rapidjson-1.9.5","2b410117c0e9e67da52afea5845610d05ad3f825","Avocado-gltf","Avocado","gltf","load","26","1026","2","15817.9","8110895","0","0","","ok","42078208"
"rapidjson-1.9.5","2b410117c0e9e67da52afea5845610d05ad3f825","Box-gltf","Box","gltf","export","26","1026","2","763.8","3546","1618","2","9BA5254B1E66D656D6CD07CC10D829597E5151E98F7DBCAA59A6C5807532388D","ok","42078208"
"rapidjson-1.9.5","2b410117c0e9e67da52afea5845610d05ad3f825","Avocado-gltf","Avocado","gltf","roundtrip","26","1026","2","25388.1","8110895","8109906","5","C72227178574600C360CE50E5B5965D8A785D0BC17589F19D16D2E1502BC4836","ok","42078208"
"rapidjson-1.9.5","2b410117c0e9e67da52afea5845610d05ad3f825","Avocado-gltf","Avocado","gltf","export","26","1026","2","6464.8","8110895","8109906","5","C72227178574600C360CE50E5B5965D8A785D0BC17589F19D16D2E1502BC4836","ok","42078208"
"rapidjson-1.9.5","2b410117c0e9e67da52afea5845610d05ad3f825","Avocado-glb","Avocado","glb","roundtrip","26","1026","2","122334.6","8110040","8110104","1","DC2AB7E28D10AB39C1BB0E8F8408461872DAE99A1241E71DD91CA53901724CA0","ok","42078208"
"rapidjson-1.9.5","2b410117c0e9e67da52afea5845610d05ad3f825","Box-glb","Box","glb","export","26","1026","2","537.2","1664","1632","1","80503A0DF23E35679EEF3E3ED6E527B6EEA00D8265BC7D2AAF4CEC4A36CF8D1B","ok","42078208"
"rapidjson-1.9.5","2b410117c0e9e67da52afea5845610d05ad3f825","Avocado-glb","Avocado","glb","export","26","1026","2","46529.7","8110040","8110104","1","DC2AB7E28D10AB39C1BB0E8F8408461872DAE99A1241E71DD91CA53901724CA0","ok","42078208"
"rapidjson-1.9.5","2b410117c0e9e67da52afea5845610d05ad3f825","Box-gltf","Box","gltf","roundtrip","26","1026","2","3867","3546","1618","2","9BA5254B1E66D656D6CD07CC10D829597E5151E98F7DBCAA59A6C5807532388D","ok","42078208"
"rapidjson-1.9.5","2b410117c0e9e67da52afea5845610d05ad3f825","Avocado-glb","Avocado","glb","load","26","1026","2","20945.1","8110040","0","0","","ok","42078208"
"rapidjson-1.9.5","2b410117c0e9e67da52afea5845610d05ad3f825","Box-glb","Box","glb","load","26","1026","2","2755.7","1664","0","0","","ok","42078208"
"rapidjson-1.9.5","2b410117c0e9e67da52afea5845610d05ad3f825","Avocado-gltf","Avocado","gltf","load","27","1027","1","20166","8110895","0","0","","ok","42119168"
"rapidjson-1.9.5","2b410117c0e9e67da52afea5845610d05ad3f825","Box-gltf","Box","gltf","load","27","1027","1","3253.3","3546","0","0","","ok","42119168"
"rapidjson-1.9.5","2b410117c0e9e67da52afea5845610d05ad3f825","Avocado-gltf","Avocado","gltf","roundtrip","27","1027","1","23265.3","8110895","8109906","5","C72227178574600C360CE50E5B5965D8A785D0BC17589F19D16D2E1502BC4836","ok","42119168"
"rapidjson-1.9.5","2b410117c0e9e67da52afea5845610d05ad3f825","Box-glb","Box","glb","load","27","1027","1","3708.9","1664","0","0","","ok","42119168"
"rapidjson-1.9.5","2b410117c0e9e67da52afea5845610d05ad3f825","Box-gltf","Box","gltf","roundtrip","27","1027","1","54062.8","3546","1618","2","9BA5254B1E66D656D6CD07CC10D829597E5151E98F7DBCAA59A6C5807532388D","ok","42119168"
"rapidjson-1.9.5","2b410117c0e9e67da52afea5845610d05ad3f825","Avocado-glb","Avocado","glb","export","27","1027","1","128862.9","8110040","8110104","1","DC2AB7E28D10AB39C1BB0E8F8408461872DAE99A1241E71DD91CA53901724CA0","ok","42119168"
"rapidjson-1.9.5","2b410117c0e9e67da52afea5845610d05ad3f825","Box-glb","Box","glb","export","27","1027","1","522.2","1664","1632","1","80503A0DF23E35679EEF3E3ED6E527B6EEA00D8265BC7D2AAF4CEC4A36CF8D1B","ok","42119168"
"rapidjson-1.9.5","2b410117c0e9e67da52afea5845610d05ad3f825","Box-gltf","Box","gltf","export","27","1027","1","745.7","3546","1618","2","9BA5254B1E66D656D6CD07CC10D829597E5151E98F7DBCAA59A6C5807532388D","ok","42119168"
"rapidjson-1.9.5","2b410117c0e9e67da52afea5845610d05ad3f825","Avocado-glb","Avocado","glb","load","27","1027","1","19524.9","8110040","0","0","","ok","42119168"
"rapidjson-1.9.5","2b410117c0e9e67da52afea5845610d05ad3f825","Avocado-glb","Avocado","glb","roundtrip","27","1027","1","65545.4","8110040","8110104","1","DC2AB7E28D10AB39C1BB0E8F8408461872DAE99A1241E71DD91CA53901724CA0","ok","42119168"
"rapidjson-1.9.5","2b410117c0e9e67da52afea5845610d05ad3f825","Box-glb","Box","glb","roundtrip","27","1027","1","3365.1","1664","1632","1","80503A0DF23E35679EEF3E3ED6E527B6EEA00D8265BC7D2AAF4CEC4A36CF8D1B","ok","42119168"
"rapidjson-1.9.5","2b410117c0e9e67da52afea5845610d05ad3f825","Avocado-gltf","Avocado","gltf","export","27","1027","1","4723.9","8110895","8109906","5","C72227178574600C360CE50E5B5965D8A785D0BC17589F19D16D2E1502BC4836","ok","42119168"
"rapidjson-1.9.5","2b410117c0e9e67da52afea5845610d05ad3f825","Avocado-gltf","Avocado","gltf","load","28","1028","2","17792.2","8110895","0","0","","ok","42135552"
"rapidjson-1.9.5","2b410117c0e9e67da52afea5845610d05ad3f825","Avocado-glb","Avocado","glb","load","28","1028","2","22898.5","8110040","0","0","","ok","42135552"
"rapidjson-1.9.5","2b410117c0e9e67da52afea5845610d05ad3f825","Box-gltf","Box","gltf","export","28","1028","2","934.3","3546","1618","2","9BA5254B1E66D656D6CD07CC10D829597E5151E98F7DBCAA59A6C5807532388D","ok","42135552"
"rapidjson-1.9.5","2b410117c0e9e67da52afea5845610d05ad3f825","Box-glb","Box","glb","roundtrip","28","1028","2","4181.8","1664","1632","1","80503A0DF23E35679EEF3E3ED6E527B6EEA00D8265BC7D2AAF4CEC4A36CF8D1B","ok","42135552"
"rapidjson-1.9.5","2b410117c0e9e67da52afea5845610d05ad3f825","Box-glb","Box","glb","export","28","1028","2","609.5","1664","1632","1","80503A0DF23E35679EEF3E3ED6E527B6EEA00D8265BC7D2AAF4CEC4A36CF8D1B","ok","42135552"
"rapidjson-1.9.5","2b410117c0e9e67da52afea5845610d05ad3f825","Box-glb","Box","glb","load","28","1028","2","4807","1664","0","0","","ok","42135552"
"rapidjson-1.9.5","2b410117c0e9e67da52afea5845610d05ad3f825","Avocado-gltf","Avocado","gltf","roundtrip","28","1028","2","76769.8","8110895","8109906","5","C72227178574600C360CE50E5B5965D8A785D0BC17589F19D16D2E1502BC4836","ok","42135552"
"rapidjson-1.9.5","2b410117c0e9e67da52afea5845610d05ad3f825","Avocado-glb","Avocado","glb","export","28","1028","2","49406.2","8110040","8110104","1","DC2AB7E28D10AB39C1BB0E8F8408461872DAE99A1241E71DD91CA53901724CA0","ok","42135552"
"rapidjson-1.9.5","2b410117c0e9e67da52afea5845610d05ad3f825","Avocado-gltf","Avocado","gltf","export","28","1028","2","4510.3","8110895","8109906","5","C72227178574600C360CE50E5B5965D8A785D0BC17589F19D16D2E1502BC4836","ok","42135552"
"rapidjson-1.9.5","2b410117c0e9e67da52afea5845610d05ad3f825","Avocado-glb","Avocado","glb","roundtrip","28","1028","2","66236","8110040","8110104","1","DC2AB7E28D10AB39C1BB0E8F8408461872DAE99A1241E71DD91CA53901724CA0","ok","42135552"
"rapidjson-1.9.5","2b410117c0e9e67da52afea5845610d05ad3f825","Box-gltf","Box","gltf","load","28","1028","2","3113.2","3546","0","0","","ok","42135552"
"rapidjson-1.9.5","2b410117c0e9e67da52afea5845610d05ad3f825","Box-gltf","Box","gltf","roundtrip","28","1028","2","3563.1","3546","1618","2","9BA5254B1E66D656D6CD07CC10D829597E5151E98F7DBCAA59A6C5807532388D","ok","42135552"
"rapidjson-1.9.5","2b410117c0e9e67da52afea5845610d05ad3f825","Avocado-glb","Avocado","glb","export","29","1029","1","51675.1","8110040","8110104","1","DC2AB7E28D10AB39C1BB0E8F8408461872DAE99A1241E71DD91CA53901724CA0","ok","42024960"
"rapidjson-1.9.5","2b410117c0e9e67da52afea5845610d05ad3f825","Box-gltf","Box","gltf","load","29","1029","1","3259","3546","0","0","","ok","42024960"
"rapidjson-1.9.5","2b410117c0e9e67da52afea5845610d05ad3f825","Avocado-gltf","Avocado","gltf","export","29","1029","1","4624.6","8110895","8109906","5","C72227178574600C360CE50E5B5965D8A785D0BC17589F19D16D2E1502BC4836","ok","42024960"
"rapidjson-1.9.5","2b410117c0e9e67da52afea5845610d05ad3f825","Box-glb","Box","glb","export","29","1029","1","639.4","1664","1632","1","80503A0DF23E35679EEF3E3ED6E527B6EEA00D8265BC7D2AAF4CEC4A36CF8D1B","ok","42024960"
"rapidjson-1.9.5","2b410117c0e9e67da52afea5845610d05ad3f825","Box-glb","Box","glb","roundtrip","29","1029","1","3973.2","1664","1632","1","80503A0DF23E35679EEF3E3ED6E527B6EEA00D8265BC7D2AAF4CEC4A36CF8D1B","ok","42024960"
"rapidjson-1.9.5","2b410117c0e9e67da52afea5845610d05ad3f825","Avocado-glb","Avocado","glb","roundtrip","29","1029","1","178062.4","8110040","8110104","1","DC2AB7E28D10AB39C1BB0E8F8408461872DAE99A1241E71DD91CA53901724CA0","ok","42024960"
"rapidjson-1.9.5","2b410117c0e9e67da52afea5845610d05ad3f825","Box-gltf","Box","gltf","export","29","1029","1","957.2","3546","1618","2","9BA5254B1E66D656D6CD07CC10D829597E5151E98F7DBCAA59A6C5807532388D","ok","42024960"
"rapidjson-1.9.5","2b410117c0e9e67da52afea5845610d05ad3f825","Box-gltf","Box","gltf","roundtrip","29","1029","1","3734.2","3546","1618","2","9BA5254B1E66D656D6CD07CC10D829597E5151E98F7DBCAA59A6C5807532388D","ok","42024960"
"rapidjson-1.9.5","2b410117c0e9e67da52afea5845610d05ad3f825","Box-glb","Box","glb","load","29","1029","1","2659.6","1664","0","0","","ok","42024960"
"rapidjson-1.9.5","2b410117c0e9e67da52afea5845610d05ad3f825","Avocado-gltf","Avocado","gltf","roundtrip","29","1029","1","19493.6","8110895","8109906","5","C72227178574600C360CE50E5B5965D8A785D0BC17589F19D16D2E1502BC4836","ok","42024960"
"rapidjson-1.9.5","2b410117c0e9e67da52afea5845610d05ad3f825","Avocado-glb","Avocado","glb","load","29","1029","1","24683.9","8110040","0","0","","ok","42024960"
"rapidjson-1.9.5","2b410117c0e9e67da52afea5845610d05ad3f825","Avocado-gltf","Avocado","gltf","load","29","1029","1","18064.9","8110895","0","0","","ok","42024960"
"rapidjson-1.9.5","2b410117c0e9e67da52afea5845610d05ad3f825","Avocado-gltf","Avocado","gltf","export","30","1030","2","5062.9","8110895","8109906","5","C72227178574600C360CE50E5B5965D8A785D0BC17589F19D16D2E1502BC4836","ok","42160128"
"rapidjson-1.9.5","2b410117c0e9e67da52afea5845610d05ad3f825","Avocado-glb","Avocado","glb","export","30","1030","2","106427.4","8110040","8110104","1","DC2AB7E28D10AB39C1BB0E8F8408461872DAE99A1241E71DD91CA53901724CA0","ok","42160128"
"rapidjson-1.9.5","2b410117c0e9e67da52afea5845610d05ad3f825","Avocado-gltf","Avocado","gltf","roundtrip","30","1030","2","21788.5","8110895","8109906","5","C72227178574600C360CE50E5B5965D8A785D0BC17589F19D16D2E1502BC4836","ok","42160128"
"rapidjson-1.9.5","2b410117c0e9e67da52afea5845610d05ad3f825","Box-glb","Box","glb","load","30","1030","2","2721.2","1664","0","0","","ok","42160128"
"rapidjson-1.9.5","2b410117c0e9e67da52afea5845610d05ad3f825","Box-glb","Box","glb","export","30","1030","2","462.7","1664","1632","1","80503A0DF23E35679EEF3E3ED6E527B6EEA00D8265BC7D2AAF4CEC4A36CF8D1B","ok","42160128"
"rapidjson-1.9.5","2b410117c0e9e67da52afea5845610d05ad3f825","Box-gltf","Box","gltf","export","30","1030","2","708","3546","1618","2","9BA5254B1E66D656D6CD07CC10D829597E5151E98F7DBCAA59A6C5807532388D","ok","42160128"
"rapidjson-1.9.5","2b410117c0e9e67da52afea5845610d05ad3f825","Box-glb","Box","glb","roundtrip","30","1030","2","3024","1664","1632","1","80503A0DF23E35679EEF3E3ED6E527B6EEA00D8265BC7D2AAF4CEC4A36CF8D1B","ok","42160128"
"rapidjson-1.9.5","2b410117c0e9e67da52afea5845610d05ad3f825","Avocado-glb","Avocado","glb","roundtrip","30","1030","2","65921.9","8110040","8110104","1","DC2AB7E28D10AB39C1BB0E8F8408461872DAE99A1241E71DD91CA53901724CA0","ok","42160128"
"rapidjson-1.9.5","2b410117c0e9e67da52afea5845610d05ad3f825","Box-gltf","Box","gltf","load","30","1030","2","3607.2","3546","0","0","","ok","42160128"
"rapidjson-1.9.5","2b410117c0e9e67da52afea5845610d05ad3f825","Box-gltf","Box","gltf","roundtrip","30","1030","2","5123.2","3546","1618","2","9BA5254B1E66D656D6CD07CC10D829597E5151E98F7DBCAA59A6C5807532388D","ok","42160128"
"rapidjson-1.9.5","2b410117c0e9e67da52afea5845610d05ad3f825","Avocado-gltf","Avocado","gltf","load","30","1030","2","15613.3","8110895","0","0","","ok","42160128"
"rapidjson-1.9.5","2b410117c0e9e67da52afea5845610d05ad3f825","Avocado-glb","Avocado","glb","load","30","1030","2","19669.2","8110040","0","0","","ok","42160128"
"rapidjson-1.9.5","2b410117c0e9e67da52afea5845610d05ad3f825","Box-gltf","Box","gltf","load","31","1031","1","3695.7","3546","0","0","","ok","42106880"
"rapidjson-1.9.5","2b410117c0e9e67da52afea5845610d05ad3f825","Avocado-glb","Avocado","glb","load","31","1031","1","19572","8110040","0","0","","ok","42106880"
"rapidjson-1.9.5","2b410117c0e9e67da52afea5845610d05ad3f825","Avocado-gltf","Avocado","gltf","export","31","1031","1","5724.7","8110895","8109906","5","C72227178574600C360CE50E5B5965D8A785D0BC17589F19D16D2E1502BC4836","ok","42106880"
"rapidjson-1.9.5","2b410117c0e9e67da52afea5845610d05ad3f825","Box-glb","Box","glb","roundtrip","31","1031","1","5377.8","1664","1632","1","80503A0DF23E35679EEF3E3ED6E527B6EEA00D8265BC7D2AAF4CEC4A36CF8D1B","ok","42106880"
"rapidjson-1.9.5","2b410117c0e9e67da52afea5845610d05ad3f825","Avocado-glb","Avocado","glb","roundtrip","31","1031","1","134669.9","8110040","8110104","1","DC2AB7E28D10AB39C1BB0E8F8408461872DAE99A1241E71DD91CA53901724CA0","ok","42106880"
"rapidjson-1.9.5","2b410117c0e9e67da52afea5845610d05ad3f825","Avocado-gltf","Avocado","gltf","load","31","1031","1","15616.9","8110895","0","0","","ok","42106880"
"rapidjson-1.9.5","2b410117c0e9e67da52afea5845610d05ad3f825","Box-glb","Box","glb","load","31","1031","1","2795.5","1664","0","0","","ok","42106880"
"rapidjson-1.9.5","2b410117c0e9e67da52afea5845610d05ad3f825","Box-gltf","Box","gltf","roundtrip","31","1031","1","3867.8","3546","1618","2","9BA5254B1E66D656D6CD07CC10D829597E5151E98F7DBCAA59A6C5807532388D","ok","42106880"
"rapidjson-1.9.5","2b410117c0e9e67da52afea5845610d05ad3f825","Box-gltf","Box","gltf","export","31","1031","1","736.6","3546","1618","2","9BA5254B1E66D656D6CD07CC10D829597E5151E98F7DBCAA59A6C5807532388D","ok","42106880"
"rapidjson-1.9.5","2b410117c0e9e67da52afea5845610d05ad3f825","Avocado-glb","Avocado","glb","export","31","1031","1","47723.1","8110040","8110104","1","DC2AB7E28D10AB39C1BB0E8F8408461872DAE99A1241E71DD91CA53901724CA0","ok","42106880"
"rapidjson-1.9.5","2b410117c0e9e67da52afea5845610d05ad3f825","Box-glb","Box","glb","export","31","1031","1","656.7","1664","1632","1","80503A0DF23E35679EEF3E3ED6E527B6EEA00D8265BC7D2AAF4CEC4A36CF8D1B","ok","42106880"
"rapidjson-1.9.5","2b410117c0e9e67da52afea5845610d05ad3f825","Avocado-gltf","Avocado","gltf","roundtrip","31","1031","1","21365.3","8110895","8109906","5","C72227178574600C360CE50E5B5965D8A785D0BC17589F19D16D2E1502BC4836","ok","42106880"
"rapidjson-1.9.5","2b410117c0e9e67da52afea5845610d05ad3f825","Box-glb","Box","glb","roundtrip","32","1032","2","3921.7","1664","1632","1","80503A0DF23E35679EEF3E3ED6E527B6EEA00D8265BC7D2AAF4CEC4A36CF8D1B","ok","42078208"
"rapidjson-1.9.5","2b410117c0e9e67da52afea5845610d05ad3f825","Avocado-gltf","Avocado","gltf","export","32","1032","2","5409.1","8110895","8109906","5","C72227178574600C360CE50E5B5965D8A785D0BC17589F19D16D2E1502BC4836","ok","42078208"
"rapidjson-1.9.5","2b410117c0e9e67da52afea5845610d05ad3f825","Box-gltf","Box","gltf","load","32","1032","2","4976.3","3546","0","0","","ok","42078208"
"rapidjson-1.9.5","2b410117c0e9e67da52afea5845610d05ad3f825","Box-glb","Box","glb","load","32","1032","2","3437.1","1664","0","0","","ok","42078208"
"rapidjson-1.9.5","2b410117c0e9e67da52afea5845610d05ad3f825","Avocado-glb","Avocado","glb","roundtrip","32","1032","2","148198","8110040","8110104","1","DC2AB7E28D10AB39C1BB0E8F8408461872DAE99A1241E71DD91CA53901724CA0","ok","42078208"
"rapidjson-1.9.5","2b410117c0e9e67da52afea5845610d05ad3f825","Box-glb","Box","glb","export","32","1032","2","660.6","1664","1632","1","80503A0DF23E35679EEF3E3ED6E527B6EEA00D8265BC7D2AAF4CEC4A36CF8D1B","ok","42078208"
"rapidjson-1.9.5","2b410117c0e9e67da52afea5845610d05ad3f825","Box-gltf","Box","gltf","roundtrip","32","1032","2","3967.3","3546","1618","2","9BA5254B1E66D656D6CD07CC10D829597E5151E98F7DBCAA59A6C5807532388D","ok","42078208"
"rapidjson-1.9.5","2b410117c0e9e67da52afea5845610d05ad3f825","Avocado-gltf","Avocado","gltf","load","32","1032","2","15762.9","8110895","0","0","","ok","42078208"
"rapidjson-1.9.5","2b410117c0e9e67da52afea5845610d05ad3f825","Box-gltf","Box","gltf","export","32","1032","2","776.1","3546","1618","2","9BA5254B1E66D656D6CD07CC10D829597E5151E98F7DBCAA59A6C5807532388D","ok","42078208"
"rapidjson-1.9.5","2b410117c0e9e67da52afea5845610d05ad3f825","Avocado-glb","Avocado","glb","load","32","1032","2","19684.4","8110040","0","0","","ok","42078208"
"rapidjson-1.9.5","2b410117c0e9e67da52afea5845610d05ad3f825","Avocado-glb","Avocado","glb","export","32","1032","2","49143.7","8110040","8110104","1","DC2AB7E28D10AB39C1BB0E8F8408461872DAE99A1241E71DD91CA53901724CA0","ok","42078208"
"rapidjson-1.9.5","2b410117c0e9e67da52afea5845610d05ad3f825","Avocado-gltf","Avocado","gltf","roundtrip","32","1032","2","19547","8110895","8109906","5","C72227178574600C360CE50E5B5965D8A785D0BC17589F19D16D2E1502BC4836","ok","42078208"
"rapidjson-1.9.5","2b410117c0e9e67da52afea5845610d05ad3f825","Box-gltf","Box","gltf","export","33","1033","1","1093","3546","1618","2","9BA5254B1E66D656D6CD07CC10D829597E5151E98F7DBCAA59A6C5807532388D","ok","42090496"
"rapidjson-1.9.5","2b410117c0e9e67da52afea5845610d05ad3f825","Avocado-gltf","Avocado","gltf","export","33","1033","1","4612.7","8110895","8109906","5","C72227178574600C360CE50E5B5965D8A785D0BC17589F19D16D2E1502BC4836","ok","42090496"
"rapidjson-1.9.5","2b410117c0e9e67da52afea5845610d05ad3f825","Avocado-glb","Avocado","glb","roundtrip","33","1033","1","135139.4","8110040","8110104","1","DC2AB7E28D10AB39C1BB0E8F8408461872DAE99A1241E71DD91CA53901724CA0","ok","42090496"
"rapidjson-1.9.5","2b410117c0e9e67da52afea5845610d05ad3f825","Box-gltf","Box","gltf","load","33","1033","1","3027.2","3546","0","0","","ok","42090496"
"rapidjson-1.9.5","2b410117c0e9e67da52afea5845610d05ad3f825","Avocado-gltf","Avocado","gltf","load","33","1033","1","14644.9","8110895","0","0","","ok","42090496"
"rapidjson-1.9.5","2b410117c0e9e67da52afea5845610d05ad3f825","Box-glb","Box","glb","roundtrip","33","1033","1","3135.8","1664","1632","1","80503A0DF23E35679EEF3E3ED6E527B6EEA00D8265BC7D2AAF4CEC4A36CF8D1B","ok","42090496"
"rapidjson-1.9.5","2b410117c0e9e67da52afea5845610d05ad3f825","Box-glb","Box","glb","load","33","1033","1","2749.3","1664","0","0","","ok","42090496"
"rapidjson-1.9.5","2b410117c0e9e67da52afea5845610d05ad3f825","Avocado-glb","Avocado","glb","load","33","1033","1","20757.1","8110040","0","0","","ok","42090496"
"rapidjson-1.9.5","2b410117c0e9e67da52afea5845610d05ad3f825","Avocado-gltf","Avocado","gltf","roundtrip","33","1033","1","21299.8","8110895","8109906","5","C72227178574600C360CE50E5B5965D8A785D0BC17589F19D16D2E1502BC4836","ok","42090496"
"rapidjson-1.9.5","2b410117c0e9e67da52afea5845610d05ad3f825","Box-gltf","Box","gltf","roundtrip","33","1033","1","3965.6","3546","1618","2","9BA5254B1E66D656D6CD07CC10D829597E5151E98F7DBCAA59A6C5807532388D","ok","42090496"
"rapidjson-1.9.5","2b410117c0e9e67da52afea5845610d05ad3f825","Box-glb","Box","glb","export","33","1033","1","503.6","1664","1632","1","80503A0DF23E35679EEF3E3ED6E527B6EEA00D8265BC7D2AAF4CEC4A36CF8D1B","ok","42090496"
"rapidjson-1.9.5","2b410117c0e9e67da52afea5845610d05ad3f825","Avocado-glb","Avocado","glb","export","33","1033","1","46051.3","8110040","8110104","1","DC2AB7E28D10AB39C1BB0E8F8408461872DAE99A1241E71DD91CA53901724CA0","ok","42090496"
"rapidjson-1.9.5","2b410117c0e9e67da52afea5845610d05ad3f825","Box-gltf","Box","gltf","roundtrip","34","1034","2","4550","3546","1618","2","9BA5254B1E66D656D6CD07CC10D829597E5151E98F7DBCAA59A6C5807532388D","ok","42127360"
"rapidjson-1.9.5","2b410117c0e9e67da52afea5845610d05ad3f825","Avocado-gltf","Avocado","gltf","load","34","1034","2","17272.4","8110895","0","0","","ok","42127360"
"rapidjson-1.9.5","2b410117c0e9e67da52afea5845610d05ad3f825","Avocado-gltf","Avocado","gltf","roundtrip","34","1034","2","22243","8110895","8109906","5","C72227178574600C360CE50E5B5965D8A785D0BC17589F19D16D2E1502BC4836","ok","42127360"
"rapidjson-1.9.5","2b410117c0e9e67da52afea5845610d05ad3f825","Avocado-glb","Avocado","glb","load","34","1034","2","78117.3","8110040","0","0","","ok","42127360"
"rapidjson-1.9.5","2b410117c0e9e67da52afea5845610d05ad3f825","Avocado-glb","Avocado","glb","roundtrip","34","1034","2","135913.2","8110040","8110104","1","DC2AB7E28D10AB39C1BB0E8F8408461872DAE99A1241E71DD91CA53901724CA0","ok","42127360"
"rapidjson-1.9.5","2b410117c0e9e67da52afea5845610d05ad3f825","Box-gltf","Box","gltf","load","34","1034","2","3059.4","3546","0","0","","ok","42127360"
"rapidjson-1.9.5","2b410117c0e9e67da52afea5845610d05ad3f825","Avocado-glb","Avocado","glb","export","34","1034","2","48922.6","8110040","8110104","1","DC2AB7E28D10AB39C1BB0E8F8408461872DAE99A1241E71DD91CA53901724CA0","ok","42127360"
"rapidjson-1.9.5","2b410117c0e9e67da52afea5845610d05ad3f825","Box-glb","Box","glb","load","34","1034","2","4594.6","1664","0","0","","ok","42127360"
"rapidjson-1.9.5","2b410117c0e9e67da52afea5845610d05ad3f825","Box-gltf","Box","gltf","export","34","1034","2","643.9","3546","1618","2","9BA5254B1E66D656D6CD07CC10D829597E5151E98F7DBCAA59A6C5807532388D","ok","42127360"
"rapidjson-1.9.5","2b410117c0e9e67da52afea5845610d05ad3f825","Box-glb","Box","glb","roundtrip","34","1034","2","3176.7","1664","1632","1","80503A0DF23E35679EEF3E3ED6E527B6EEA00D8265BC7D2AAF4CEC4A36CF8D1B","ok","42127360"
"rapidjson-1.9.5","2b410117c0e9e67da52afea5845610d05ad3f825","Avocado-gltf","Avocado","gltf","export","34","1034","2","4995.9","8110895","8109906","5","C72227178574600C360CE50E5B5965D8A785D0BC17589F19D16D2E1502BC4836","ok","42127360"
"rapidjson-1.9.5","2b410117c0e9e67da52afea5845610d05ad3f825","Box-glb","Box","glb","export","34","1034","2","460","1664","1632","1","80503A0DF23E35679EEF3E3ED6E527B6EEA00D8265BC7D2AAF4CEC4A36CF8D1B","ok","42127360"
"rapidjson-1.9.5","2b410117c0e9e67da52afea5845610d05ad3f825","Avocado-glb","Avocado","glb","export","35","1035","1","46060.7","8110040","8110104","1","DC2AB7E28D10AB39C1BB0E8F8408461872DAE99A1241E71DD91CA53901724CA0","ok","42110976"
"rapidjson-1.9.5","2b410117c0e9e67da52afea5845610d05ad3f825","Avocado-gltf","Avocado","gltf","load","35","1035","1","18917","8110895","0","0","","ok","42110976"
"rapidjson-1.9.5","2b410117c0e9e67da52afea5845610d05ad3f825","Box-glb","Box","glb","export","35","1035","1","690.5","1664","1632","1","80503A0DF23E35679EEF3E3ED6E527B6EEA00D8265BC7D2AAF4CEC4A36CF8D1B","ok","42110976"
"rapidjson-1.9.5","2b410117c0e9e67da52afea5845610d05ad3f825","Box-glb","Box","glb","roundtrip","35","1035","1","4312.4","1664","1632","1","80503A0DF23E35679EEF3E3ED6E527B6EEA00D8265BC7D2AAF4CEC4A36CF8D1B","ok","42110976"
"rapidjson-1.9.5","2b410117c0e9e67da52afea5845610d05ad3f825","Avocado-gltf","Avocado","gltf","export","35","1035","1","5593.9","8110895","8109906","5","C72227178574600C360CE50E5B5965D8A785D0BC17589F19D16D2E1502BC4836","ok","42110976"
"rapidjson-1.9.5","2b410117c0e9e67da52afea5845610d05ad3f825","Avocado-gltf","Avocado","gltf","roundtrip","35","1035","1","24958.2","8110895","8109906","5","C72227178574600C360CE50E5B5965D8A785D0BC17589F19D16D2E1502BC4836","ok","42110976"
"rapidjson-1.9.5","2b410117c0e9e67da52afea5845610d05ad3f825","Box-gltf","Box","gltf","roundtrip","35","1035","1","4628.2","3546","1618","2","9BA5254B1E66D656D6CD07CC10D829597E5151E98F7DBCAA59A6C5807532388D","ok","42110976"
"rapidjson-1.9.5","2b410117c0e9e67da52afea5845610d05ad3f825","Box-gltf","Box","gltf","load","35","1035","1","58546.8","3546","0","0","","ok","42110976"
"rapidjson-1.9.5","2b410117c0e9e67da52afea5845610d05ad3f825","Avocado-glb","Avocado","glb","roundtrip","35","1035","1","67297.9","8110040","8110104","1","DC2AB7E28D10AB39C1BB0E8F8408461872DAE99A1241E71DD91CA53901724CA0","ok","42110976"
"rapidjson-1.9.5","2b410117c0e9e67da52afea5845610d05ad3f825","Box-glb","Box","glb","load","35","1035","1","2867.4","1664","0","0","","ok","42110976"
"rapidjson-1.9.5","2b410117c0e9e67da52afea5845610d05ad3f825","Avocado-glb","Avocado","glb","load","35","1035","1","19945.7","8110040","0","0","","ok","42110976"
"rapidjson-1.9.5","2b410117c0e9e67da52afea5845610d05ad3f825","Box-gltf","Box","gltf","export","35","1035","1","867.3","3546","1618","2","9BA5254B1E66D656D6CD07CC10D829597E5151E98F7DBCAA59A6C5807532388D","ok","42110976"
"rapidjson-1.9.5","2b410117c0e9e67da52afea5845610d05ad3f825","Avocado-gltf","Avocado","gltf","load","36","1036","2","17679.2","8110895","0","0","","ok","42127360"
"rapidjson-1.9.5","2b410117c0e9e67da52afea5845610d05ad3f825","Box-gltf","Box","gltf","load","36","1036","2","3176.1","3546","0","0","","ok","42127360"
"rapidjson-1.9.5","2b410117c0e9e67da52afea5845610d05ad3f825","Avocado-gltf","Avocado","gltf","roundtrip","36","1036","2","24793.9","8110895","8109906","5","C72227178574600C360CE50E5B5965D8A785D0BC17589F19D16D2E1502BC4836","ok","42127360"
"rapidjson-1.9.5","2b410117c0e9e67da52afea5845610d05ad3f825","Avocado-glb","Avocado","glb","export","36","1036","2","127352.2","8110040","8110104","1","DC2AB7E28D10AB39C1BB0E8F8408461872DAE99A1241E71DD91CA53901724CA0","ok","42127360"
"rapidjson-1.9.5","2b410117c0e9e67da52afea5845610d05ad3f825","Avocado-gltf","Avocado","gltf","export","36","1036","2","4678.6","8110895","8109906","5","C72227178574600C360CE50E5B5965D8A785D0BC17589F19D16D2E1502BC4836","ok","42127360"
"rapidjson-1.9.5","2b410117c0e9e67da52afea5845610d05ad3f825","Box-gltf","Box","gltf","export","36","1036","2","807.1","3546","1618","2","9BA5254B1E66D656D6CD07CC10D829597E5151E98F7DBCAA59A6C5807532388D","ok","42127360"
"rapidjson-1.9.5","2b410117c0e9e67da52afea5845610d05ad3f825","Box-glb","Box","glb","export","36","1036","2","431.2","1664","1632","1","80503A0DF23E35679EEF3E3ED6E527B6EEA00D8265BC7D2AAF4CEC4A36CF8D1B","ok","42127360"
"rapidjson-1.9.5","2b410117c0e9e67da52afea5845610d05ad3f825","Avocado-glb","Avocado","glb","roundtrip","36","1036","2","65165.9","8110040","8110104","1","DC2AB7E28D10AB39C1BB0E8F8408461872DAE99A1241E71DD91CA53901724CA0","ok","42127360"
"rapidjson-1.9.5","2b410117c0e9e67da52afea5845610d05ad3f825","Box-glb","Box","glb","roundtrip","36","1036","2","3248.8","1664","1632","1","80503A0DF23E35679EEF3E3ED6E527B6EEA00D8265BC7D2AAF4CEC4A36CF8D1B","ok","42127360"
"rapidjson-1.9.5","2b410117c0e9e67da52afea5845610d05ad3f825","Avocado-glb","Avocado","glb","load","36","1036","2","19415.5","8110040","0","0","","ok","42127360"
"rapidjson-1.9.5","2b410117c0e9e67da52afea5845610d05ad3f825","Box-gltf","Box","gltf","roundtrip","36","1036","2","3831.1","3546","1618","2","9BA5254B1E66D656D6CD07CC10D829597E5151E98F7DBCAA59A6C5807532388D","ok","42127360"
"rapidjson-1.9.5","2b410117c0e9e67da52afea5845610d05ad3f825","Box-glb","Box","glb","load","36","1036","2","2749.3","1664","0","0","","ok","42127360"
"rapidjson-1.9.5","2b410117c0e9e67da52afea5845610d05ad3f825","Avocado-gltf","Avocado","gltf","roundtrip","37","1037","1","24015.5","8110895","8109906","5","C72227178574600C360CE50E5B5965D8A785D0BC17589F19D16D2E1502BC4836","ok","42176512"
"rapidjson-1.9.5","2b410117c0e9e67da52afea5845610d05ad3f825","Avocado-glb","Avocado","glb","roundtrip","37","1037","1","126362.3","8110040","8110104","1","DC2AB7E28D10AB39C1BB0E8F8408461872DAE99A1241E71DD91CA53901724CA0","ok","42176512"
"rapidjson-1.9.5","2b410117c0e9e67da52afea5845610d05ad3f825","Box-gltf","Box","gltf","export","37","1037","1","876.7","3546","1618","2","9BA5254B1E66D656D6CD07CC10D829597E5151E98F7DBCAA59A6C5807532388D","ok","42176512"
"rapidjson-1.9.5","2b410117c0e9e67da52afea5845610d05ad3f825","Avocado-gltf","Avocado","gltf","export","37","1037","1","5738.4","8110895","8109906","5","C72227178574600C360CE50E5B5965D8A785D0BC17589F19D16D2E1502BC4836","ok","42176512"
"rapidjson-1.9.5","2b410117c0e9e67da52afea5845610d05ad3f825","Box-gltf","Box","gltf","roundtrip","37","1037","1","3684.4","3546","1618","2","9BA5254B1E66D656D6CD07CC10D829597E5151E98F7DBCAA59A6C5807532388D","ok","42176512"
"rapidjson-1.9.5","2b410117c0e9e67da52afea5845610d05ad3f825","Box-glb","Box","glb","export","37","1037","1","444.6","1664","1632","1","80503A0DF23E35679EEF3E3ED6E527B6EEA00D8265BC7D2AAF4CEC4A36CF8D1B","ok","42176512"
"rapidjson-1.9.5","2b410117c0e9e67da52afea5845610d05ad3f825","Box-glb","Box","glb","load","37","1037","1","2665.9","1664","0","0","","ok","42176512"
"rapidjson-1.9.5","2b410117c0e9e67da52afea5845610d05ad3f825","Avocado-glb","Avocado","glb","load","37","1037","1","19502.6","8110040","0","0","","ok","42176512"
"rapidjson-1.9.5","2b410117c0e9e67da52afea5845610d05ad3f825","Avocado-gltf","Avocado","gltf","load","37","1037","1","15273.2","8110895","0","0","","ok","42176512"
"rapidjson-1.9.5","2b410117c0e9e67da52afea5845610d05ad3f825","Box-gltf","Box","gltf","load","37","1037","1","2941.7","3546","0","0","","ok","42176512"
"rapidjson-1.9.5","2b410117c0e9e67da52afea5845610d05ad3f825","Avocado-glb","Avocado","glb","export","37","1037","1","47173.6","8110040","8110104","1","DC2AB7E28D10AB39C1BB0E8F8408461872DAE99A1241E71DD91CA53901724CA0","ok","42176512"
"rapidjson-1.9.5","2b410117c0e9e67da52afea5845610d05ad3f825","Box-glb","Box","glb","roundtrip","37","1037","1","3527.7","1664","1632","1","80503A0DF23E35679EEF3E3ED6E527B6EEA00D8265BC7D2AAF4CEC4A36CF8D1B","ok","42176512"
"rapidjson-1.9.5","2b410117c0e9e67da52afea5845610d05ad3f825","Box-glb","Box","glb","load","38","1038","2","3383.6","1664","0","0","","ok","38113280"
"rapidjson-1.9.5","2b410117c0e9e67da52afea5845610d05ad3f825","Avocado-glb","Avocado","glb","roundtrip","38","1038","2","66481.3","8110040","8110104","1","DC2AB7E28D10AB39C1BB0E8F8408461872DAE99A1241E71DD91CA53901724CA0","ok","38113280"
"rapidjson-1.9.5","2b410117c0e9e67da52afea5845610d05ad3f825","Box-gltf","Box","gltf","roundtrip","38","1038","2","4581.8","3546","1618","2","9BA5254B1E66D656D6CD07CC10D829597E5151E98F7DBCAA59A6C5807532388D","ok","38113280"
"rapidjson-1.9.5","2b410117c0e9e67da52afea5845610d05ad3f825","Avocado-glb","Avocado","glb","export","38","1038","2","48455.1","8110040","8110104","1","DC2AB7E28D10AB39C1BB0E8F8408461872DAE99A1241E71DD91CA53901724CA0","ok","38113280"
"rapidjson-1.9.5","2b410117c0e9e67da52afea5845610d05ad3f825","Avocado-gltf","Avocado","gltf","load","38","1038","2","18085.4","8110895","0","0","","ok","38113280"
"rapidjson-1.9.5","2b410117c0e9e67da52afea5845610d05ad3f825","Box-gltf","Box","gltf","load","38","1038","2","3282.4","3546","0","0","","ok","38113280"
"rapidjson-1.9.5","2b410117c0e9e67da52afea5845610d05ad3f825","Avocado-glb","Avocado","glb","load","38","1038","2","23465.6","8110040","0","0","","ok","38113280"
"rapidjson-1.9.5","2b410117c0e9e67da52afea5845610d05ad3f825","Avocado-gltf","Avocado","gltf","export","38","1038","2","5638.3","8110895","8109906","5","C72227178574600C360CE50E5B5965D8A785D0BC17589F19D16D2E1502BC4836","ok","38113280"
"rapidjson-1.9.5","2b410117c0e9e67da52afea5845610d05ad3f825","Avocado-gltf","Avocado","gltf","roundtrip","38","1038","2","23403.1","8110895","8109906","5","C72227178574600C360CE50E5B5965D8A785D0BC17589F19D16D2E1502BC4836","ok","38113280"
"rapidjson-1.9.5","2b410117c0e9e67da52afea5845610d05ad3f825","Box-glb","Box","glb","roundtrip","38","1038","2","3979.1","1664","1632","1","80503A0DF23E35679EEF3E3ED6E527B6EEA00D8265BC7D2AAF4CEC4A36CF8D1B","ok","38113280"
"rapidjson-1.9.5","2b410117c0e9e67da52afea5845610d05ad3f825","Box-gltf","Box","gltf","export","38","1038","2","940.5","3546","1618","2","9BA5254B1E66D656D6CD07CC10D829597E5151E98F7DBCAA59A6C5807532388D","ok","38113280"
"rapidjson-1.9.5","2b410117c0e9e67da52afea5845610d05ad3f825","Box-glb","Box","glb","export","38","1038","2","578.2","1664","1632","1","80503A0DF23E35679EEF3E3ED6E527B6EEA00D8265BC7D2AAF4CEC4A36CF8D1B","ok","38113280"
"rapidjson-1.9.5","2b410117c0e9e67da52afea5845610d05ad3f825","Box-gltf","Box","gltf","load","39","1039","1","3674.6","3546","0","0","","ok","42053632"
"rapidjson-1.9.5","2b410117c0e9e67da52afea5845610d05ad3f825","Avocado-gltf","Avocado","gltf","roundtrip","39","1039","1","20856.4","8110895","8109906","5","C72227178574600C360CE50E5B5965D8A785D0BC17589F19D16D2E1502BC4836","ok","42053632"
"rapidjson-1.9.5","2b410117c0e9e67da52afea5845610d05ad3f825","Box-glb","Box","glb","load","39","1039","1","5108.1","1664","0","0","","ok","42053632"
"rapidjson-1.9.5","2b410117c0e9e67da52afea5845610d05ad3f825","Box-glb","Box","glb","export","39","1039","1","793.2","1664","1632","1","80503A0DF23E35679EEF3E3ED6E527B6EEA00D8265BC7D2AAF4CEC4A36CF8D1B","ok","42053632"
"rapidjson-1.9.5","2b410117c0e9e67da52afea5845610d05ad3f825","Box-glb","Box","glb","roundtrip","39","1039","1","5968","1664","1632","1","80503A0DF23E35679EEF3E3ED6E527B6EEA00D8265BC7D2AAF4CEC4A36CF8D1B","ok","42053632"
"rapidjson-1.9.5","2b410117c0e9e67da52afea5845610d05ad3f825","Avocado-gltf","Avocado","gltf","load","39","1039","1","69811.2","8110895","0","0","","ok","42053632"
"rapidjson-1.9.5","2b410117c0e9e67da52afea5845610d05ad3f825","Avocado-glb","Avocado","glb","roundtrip","39","1039","1","127370","8110040","8110104","1","DC2AB7E28D10AB39C1BB0E8F8408461872DAE99A1241E71DD91CA53901724CA0","ok","42053632"
"rapidjson-1.9.5","2b410117c0e9e67da52afea5845610d05ad3f825","Avocado-glb","Avocado","glb","export","39","1039","1","51370.6","8110040","8110104","1","DC2AB7E28D10AB39C1BB0E8F8408461872DAE99A1241E71DD91CA53901724CA0","ok","42053632"
"rapidjson-1.9.5","2b410117c0e9e67da52afea5845610d05ad3f825","Box-gltf","Box","gltf","roundtrip","39","1039","1","3772.7","3546","1618","2","9BA5254B1E66D656D6CD07CC10D829597E5151E98F7DBCAA59A6C5807532388D","ok","42053632"
"rapidjson-1.9.5","2b410117c0e9e67da52afea5845610d05ad3f825","Box-gltf","Box","gltf","export","39","1039","1","655","3546","1618","2","9BA5254B1E66D656D6CD07CC10D829597E5151E98F7DBCAA59A6C5807532388D","ok","42053632"
"rapidjson-1.9.5","2b410117c0e9e67da52afea5845610d05ad3f825","Avocado-gltf","Avocado","gltf","export","39","1039","1","4288.5","8110895","8109906","5","C72227178574600C360CE50E5B5965D8A785D0BC17589F19D16D2E1502BC4836","ok","42053632"
"rapidjson-1.9.5","2b410117c0e9e67da52afea5845610d05ad3f825","Avocado-glb","Avocado","glb","load","39","1039","1","21356.1","8110040","0","0","","ok","42053632"
"rapidjson-1.9.5","2b410117c0e9e67da52afea5845610d05ad3f825","Box-glb","Box","glb","roundtrip","40","1040","2","3951.1","1664","1632","1","80503A0DF23E35679EEF3E3ED6E527B6EEA00D8265BC7D2AAF4CEC4A36CF8D1B","ok","42065920"
"rapidjson-1.9.5","2b410117c0e9e67da52afea5845610d05ad3f825","Avocado-gltf","Avocado","gltf","export","40","1040","2","5101.4","8110895","8109906","5","C72227178574600C360CE50E5B5965D8A785D0BC17589F19D16D2E1502BC4836","ok","42065920"
"rapidjson-1.9.5","2b410117c0e9e67da52afea5845610d05ad3f825","Avocado-gltf","Avocado","gltf","roundtrip","40","1040","2","26578.8","8110895","8109906","5","C72227178574600C360CE50E5B5965D8A785D0BC17589F19D16D2E1502BC4836","ok","42065920"
"rapidjson-1.9.5","2b410117c0e9e67da52afea5845610d05ad3f825","Avocado-glb","Avocado","glb","export","40","1040","2","101892.8","8110040","8110104","1","DC2AB7E28D10AB39C1BB0E8F8408461872DAE99A1241E71DD91CA53901724CA0","ok","42065920"
"rapidjson-1.9.5","2b410117c0e9e67da52afea5845610d05ad3f825","Avocado-glb","Avocado","glb","load","40","1040","2","22052.2","8110040","0","0","","ok","42065920"
"rapidjson-1.9.5","2b410117c0e9e67da52afea5845610d05ad3f825","Avocado-glb","Avocado","glb","roundtrip","40","1040","2","83334.3","8110040","8110104","1","DC2AB7E28D10AB39C1BB0E8F8408461872DAE99A1241E71DD91CA53901724CA0","ok","42065920"
"rapidjson-1.9.5","2b410117c0e9e67da52afea5845610d05ad3f825","Box-glb","Box","glb","load","40","1040","2","2968.7","1664","0","0","","ok","42065920"
"rapidjson-1.9.5","2b410117c0e9e67da52afea5845610d05ad3f825","Box-glb","Box","glb","export","40","1040","2","601.7","1664","1632","1","80503A0DF23E35679EEF3E3ED6E527B6EEA00D8265BC7D2AAF4CEC4A36CF8D1B","ok","42065920"
"rapidjson-1.9.5","2b410117c0e9e67da52afea5845610d05ad3f825","Box-gltf","Box","gltf","load","40","1040","2","2941.1","3546","0","0","","ok","42065920"
"rapidjson-1.9.5","2b410117c0e9e67da52afea5845610d05ad3f825","Box-gltf","Box","gltf","roundtrip","40","1040","2","3549.5","3546","1618","2","9BA5254B1E66D656D6CD07CC10D829597E5151E98F7DBCAA59A6C5807532388D","ok","42065920"
"rapidjson-1.9.5","2b410117c0e9e67da52afea5845610d05ad3f825","Avocado-gltf","Avocado","gltf","load","40","1040","2","17242.5","8110895","0","0","","ok","42065920"
"rapidjson-1.9.5","2b410117c0e9e67da52afea5845610d05ad3f825","Box-gltf","Box","gltf","export","40","1040","2","792.3","3546","1618","2","9BA5254B1E66D656D6CD07CC10D829597E5151E98F7DBCAA59A6C5807532388D","ok","42065920"
"rapidjson-1.9.5","2b410117c0e9e67da52afea5845610d05ad3f825","Box-glb","Box","glb","load","41","1041","1","3358.3","1664","0","0","","ok","42049536"
"rapidjson-1.9.5","2b410117c0e9e67da52afea5845610d05ad3f825","Box-gltf","Box","gltf","export","41","1041","1","712.4","3546","1618","2","9BA5254B1E66D656D6CD07CC10D829597E5151E98F7DBCAA59A6C5807532388D","ok","42049536"
"rapidjson-1.9.5","2b410117c0e9e67da52afea5845610d05ad3f825","Box-glb","Box","glb","roundtrip","41","1041","1","3346","1664","1632","1","80503A0DF23E35679EEF3E3ED6E527B6EEA00D8265BC7D2AAF4CEC4A36CF8D1B","ok","42049536"
"rapidjson-1.9.5","2b410117c0e9e67da52afea5845610d05ad3f825","Avocado-glb","Avocado","glb","export","41","1041","1","46148.6","8110040","8110104","1","DC2AB7E28D10AB39C1BB0E8F8408461872DAE99A1241E71DD91CA53901724CA0","ok","42049536"
"rapidjson-1.9.5","2b410117c0e9e67da52afea5845610d05ad3f825","Avocado-gltf","Avocado","gltf","roundtrip","41","1041","1","21042.4","8110895","8109906","5","C72227178574600C360CE50E5B5965D8A785D0BC17589F19D16D2E1502BC4836","ok","42049536"
"rapidjson-1.9.5","2b410117c0e9e67da52afea5845610d05ad3f825","Avocado-glb","Avocado","glb","roundtrip","41","1041","1","131198.3","8110040","8110104","1","DC2AB7E28D10AB39C1BB0E8F8408461872DAE99A1241E71DD91CA53901724CA0","ok","42049536"
"rapidjson-1.9.5","2b410117c0e9e67da52afea5845610d05ad3f825","Box-gltf","Box","gltf","roundtrip","41","1041","1","3884.2","3546","1618","2","9BA5254B1E66D656D6CD07CC10D829597E5151E98F7DBCAA59A6C5807532388D","ok","42049536"
"rapidjson-1.9.5","2b410117c0e9e67da52afea5845610d05ad3f825","Avocado-glb","Avocado","glb","load","41","1041","1","20045.7","8110040","0","0","","ok","42049536"
"rapidjson-1.9.5","2b410117c0e9e67da52afea5845610d05ad3f825","Avocado-gltf","Avocado","gltf","export","41","1041","1","4403.7","8110895","8109906","5","C72227178574600C360CE50E5B5965D8A785D0BC17589F19D16D2E1502BC4836","ok","42049536"
"rapidjson-1.9.5","2b410117c0e9e67da52afea5845610d05ad3f825","Box-glb","Box","glb","export","41","1041","1","502.1","1664","1632","1","80503A0DF23E35679EEF3E3ED6E527B6EEA00D8265BC7D2AAF4CEC4A36CF8D1B","ok","42049536"
"rapidjson-1.9.5","2b410117c0e9e67da52afea5845610d05ad3f825","Avocado-gltf","Avocado","gltf","load","41","1041","1","22044.2","8110895","0","0","","ok","42049536"
"rapidjson-1.9.5","2b410117c0e9e67da52afea5845610d05ad3f825","Box-gltf","Box","gltf","load","41","1041","1","3407.9","3546","0","0","","ok","42049536"
"rapidjson-1.9.5","2b410117c0e9e67da52afea5845610d05ad3f825","Box-glb","Box","glb","export","42","1042","2","518","1664","1632","1","80503A0DF23E35679EEF3E3ED6E527B6EEA00D8265BC7D2AAF4CEC4A36CF8D1B","ok","38150144"
"rapidjson-1.9.5","2b410117c0e9e67da52afea5845610d05ad3f825","Avocado-glb","Avocado","glb","roundtrip","42","1042","2","69353.2","8110040","8110104","1","DC2AB7E28D10AB39C1BB0E8F8408461872DAE99A1241E71DD91CA53901724CA0","ok","38150144"
"rapidjson-1.9.5","2b410117c0e9e67da52afea5845610d05ad3f825","Box-glb","Box","glb","roundtrip","42","1042","2","3500","1664","1632","1","80503A0DF23E35679EEF3E3ED6E527B6EEA00D8265BC7D2AAF4CEC4A36CF8D1B","ok","38150144"
"rapidjson-1.9.5","2b410117c0e9e67da52afea5845610d05ad3f825","Avocado-glb","Avocado","glb","export","42","1042","2","47282.1","8110040","8110104","1","DC2AB7E28D10AB39C1BB0E8F8408461872DAE99A1241E71DD91CA53901724CA0","ok","38150144"
"rapidjson-1.9.5","2b410117c0e9e67da52afea5845610d05ad3f825","Avocado-gltf","Avocado","gltf","roundtrip","42","1042","2","20743.6","8110895","8109906","5","C72227178574600C360CE50E5B5965D8A785D0BC17589F19D16D2E1502BC4836","ok","38150144"
"rapidjson-1.9.5","2b410117c0e9e67da52afea5845610d05ad3f825","Avocado-gltf","Avocado","gltf","export","42","1042","2","5798.6","8110895","8109906","5","C72227178574600C360CE50E5B5965D8A785D0BC17589F19D16D2E1502BC4836","ok","38150144"
"rapidjson-1.9.5","2b410117c0e9e67da52afea5845610d05ad3f825","Avocado-gltf","Avocado","gltf","load","42","1042","2","18989.3","8110895","0","0","","ok","38150144"
"rapidjson-1.9.5","2b410117c0e9e67da52afea5845610d05ad3f825","Avocado-glb","Avocado","glb","load","42","1042","2","25665.9","8110040","0","0","","ok","38150144"
"rapidjson-1.9.5","2b410117c0e9e67da52afea5845610d05ad3f825","Box-gltf","Box","gltf","export","42","1042","2","1129.4","3546","1618","2","9BA5254B1E66D656D6CD07CC10D829597E5151E98F7DBCAA59A6C5807532388D","ok","38150144"
"rapidjson-1.9.5","2b410117c0e9e67da52afea5845610d05ad3f825","Box-glb","Box","glb","load","42","1042","2","2867.6","1664","0","0","","ok","38150144"
"rapidjson-1.9.5","2b410117c0e9e67da52afea5845610d05ad3f825","Box-gltf","Box","gltf","roundtrip","42","1042","2","4102.7","3546","1618","2","9BA5254B1E66D656D6CD07CC10D829597E5151E98F7DBCAA59A6C5807532388D","ok","38150144"
"rapidjson-1.9.5","2b410117c0e9e67da52afea5845610d05ad3f825","Box-gltf","Box","gltf","load","42","1042","2","2957.3","3546","0","0","","ok","38150144"
"rapidjson-1.9.5","2b410117c0e9e67da52afea5845610d05ad3f825","Avocado-glb","Avocado","glb","roundtrip","43","1043","1","68512.8","8110040","8110104","1","DC2AB7E28D10AB39C1BB0E8F8408461872DAE99A1241E71DD91CA53901724CA0","ok","42110976"
"rapidjson-1.9.5","2b410117c0e9e67da52afea5845610d05ad3f825","Box-glb","Box","glb","load","43","1043","1","2936.2","1664","0","0","","ok","42110976"
"rapidjson-1.9.5","2b410117c0e9e67da52afea5845610d05ad3f825","Avocado-gltf","Avocado","gltf","roundtrip","43","1043","1","20245.7","8110895","8109906","5","C72227178574600C360CE50E5B5965D8A785D0BC17589F19D16D2E1502BC4836","ok","42110976"
"rapidjson-1.9.5","2b410117c0e9e67da52afea5845610d05ad3f825","Box-gltf","Box","gltf","export","43","1043","1","1223.1","3546","1618","2","9BA5254B1E66D656D6CD07CC10D829597E5151E98F7DBCAA59A6C5807532388D","ok","42110976"
"rapidjson-1.9.5","2b410117c0e9e67da52afea5845610d05ad3f825","Box-gltf","Box","gltf","load","43","1043","1","3821.5","3546","0","0","","ok","42110976"
"rapidjson-1.9.5","2b410117c0e9e67da52afea5845610d05ad3f825","Box-glb","Box","glb","roundtrip","43","1043","1","4395.7","1664","1632","1","80503A0DF23E35679EEF3E3ED6E527B6EEA00D8265BC7D2AAF4CEC4A36CF8D1B","ok","42110976"
"rapidjson-1.9.5","2b410117c0e9e67da52afea5845610d05ad3f825","Box-glb","Box","glb","export","43","1043","1","731.3","1664","1632","1","80503A0DF23E35679EEF3E3ED6E527B6EEA00D8265BC7D2AAF4CEC4A36CF8D1B","ok","42110976"
"rapidjson-1.9.5","2b410117c0e9e67da52afea5845610d05ad3f825","Box-gltf","Box","gltf","roundtrip","43","1043","1","67180.1","3546","1618","2","9BA5254B1E66D656D6CD07CC10D829597E5151E98F7DBCAA59A6C5807532388D","ok","42110976"
"rapidjson-1.9.5","2b410117c0e9e67da52afea5845610d05ad3f825","Avocado-glb","Avocado","glb","load","43","1043","1","23401.3","8110040","0","0","","ok","42110976"
"rapidjson-1.9.5","2b410117c0e9e67da52afea5845610d05ad3f825","Avocado-gltf","Avocado","gltf","load","43","1043","1","17951.2","8110895","0","0","","ok","42110976"
"rapidjson-1.9.5","2b410117c0e9e67da52afea5845610d05ad3f825","Avocado-glb","Avocado","glb","export","43","1043","1","45800.1","8110040","8110104","1","DC2AB7E28D10AB39C1BB0E8F8408461872DAE99A1241E71DD91CA53901724CA0","ok","42110976"
"rapidjson-1.9.5","2b410117c0e9e67da52afea5845610d05ad3f825","Avocado-gltf","Avocado","gltf","export","43","1043","1","4412.9","8110895","8109906","5","C72227178574600C360CE50E5B5965D8A785D0BC17589F19D16D2E1502BC4836","ok","42110976"
"rapidjson-1.9.5","2b410117c0e9e67da52afea5845610d05ad3f825","Box-glb","Box","glb","export","44","1044","2","529.5","1664","1632","1","80503A0DF23E35679EEF3E3ED6E527B6EEA00D8265BC7D2AAF4CEC4A36CF8D1B","ok","42086400"
"rapidjson-1.9.5","2b410117c0e9e67da52afea5845610d05ad3f825","Avocado-gltf","Avocado","gltf","export","44","1044","2","5548.4","8110895","8109906","5","C72227178574600C360CE50E5B5965D8A785D0BC17589F19D16D2E1502BC4836","ok","42086400"
"rapidjson-1.9.5","2b410117c0e9e67da52afea5845610d05ad3f825","Avocado-gltf","Avocado","gltf","roundtrip","44","1044","2","25310.8","8110895","8109906","5","C72227178574600C360CE50E5B5965D8A785D0BC17589F19D16D2E1502BC4836","ok","42086400"
"rapidjson-1.9.5","2b410117c0e9e67da52afea5845610d05ad3f825","Avocado-glb","Avocado","glb","roundtrip","44","1044","2","121232.7","8110040","8110104","1","DC2AB7E28D10AB39C1BB0E8F8408461872DAE99A1241E71DD91CA53901724CA0","ok","42086400"
"rapidjson-1.9.5","2b410117c0e9e67da52afea5845610d05ad3f825","Avocado-glb","Avocado","glb","export","44","1044","2","51186","8110040","8110104","1","DC2AB7E28D10AB39C1BB0E8F8408461872DAE99A1241E71DD91CA53901724CA0","ok","42086400"
"rapidjson-1.9.5","2b410117c0e9e67da52afea5845610d05ad3f825","Box-gltf","Box","gltf","roundtrip","44","1044","2","4215.8","3546","1618","2","9BA5254B1E66D656D6CD07CC10D829597E5151E98F7DBCAA59A6C5807532388D","ok","42086400"
"rapidjson-1.9.5","2b410117c0e9e67da52afea5845610d05ad3f825","Box-gltf","Box","gltf","export","44","1044","2","830.1","3546","1618","2","9BA5254B1E66D656D6CD07CC10D829597E5151E98F7DBCAA59A6C5807532388D","ok","42086400"
"rapidjson-1.9.5","2b410117c0e9e67da52afea5845610d05ad3f825","Box-gltf","Box","gltf","load","44","1044","2","3144.4","3546","0","0","","ok","42086400"
"rapidjson-1.9.5","2b410117c0e9e67da52afea5845610d05ad3f825","Box-glb","Box","glb","roundtrip","44","1044","2","3154.5","1664","1632","1","80503A0DF23E35679EEF3E3ED6E527B6EEA00D8265BC7D2AAF4CEC4A36CF8D1B","ok","42086400"
"rapidjson-1.9.5","2b410117c0e9e67da52afea5845610d05ad3f825","Avocado-glb","Avocado","glb","load","44","1044","2","20379.6","8110040","0","0","","ok","42086400"
"rapidjson-1.9.5","2b410117c0e9e67da52afea5845610d05ad3f825","Avocado-gltf","Avocado","gltf","load","44","1044","2","15129.1","8110895","0","0","","ok","42086400"
"rapidjson-1.9.5","2b410117c0e9e67da52afea5845610d05ad3f825","Box-glb","Box","glb","load","44","1044","2","3337.6","1664","0","0","","ok","42086400"
"rapidjson-1.9.5","2b410117c0e9e67da52afea5845610d05ad3f825","Avocado-glb","Avocado","glb","roundtrip","45","1045","1","67068.4","8110040","8110104","1","DC2AB7E28D10AB39C1BB0E8F8408461872DAE99A1241E71DD91CA53901724CA0","ok","42041344"
"rapidjson-1.9.5","2b410117c0e9e67da52afea5845610d05ad3f825","Avocado-gltf","Avocado","gltf","load","45","1045","1","21015.6","8110895","0","0","","ok","42041344"
"rapidjson-1.9.5","2b410117c0e9e67da52afea5845610d05ad3f825","Box-gltf","Box","gltf","roundtrip","45","1045","1","4386.3","3546","1618","2","9BA5254B1E66D656D6CD07CC10D829597E5151E98F7DBCAA59A6C5807532388D","ok","42041344"
"rapidjson-1.9.5","2b410117c0e9e67da52afea5845610d05ad3f825","Avocado-glb","Avocado","glb","export","45","1045","1","107535.8","8110040","8110104","1","DC2AB7E28D10AB39C1BB0E8F8408461872DAE99A1241E71DD91CA53901724CA0","ok","42041344"
"rapidjson-1.9.5","2b410117c0e9e67da52afea5845610d05ad3f825","Box-glb","Box","glb","load","45","1045","1","2800.4","1664","0","0","","ok","42041344"
"rapidjson-1.9.5","2b410117c0e9e67da52afea5845610d05ad3f825","Avocado-glb","Avocado","glb","load","45","1045","1","19555.6","8110040","0","0","","ok","42041344"
"rapidjson-1.9.5","2b410117c0e9e67da52afea5845610d05ad3f825","Box-gltf","Box","gltf","export","45","1045","1","800.7","3546","1618","2","9BA5254B1E66D656D6CD07CC10D829597E5151E98F7DBCAA59A6C5807532388D","ok","42041344"
"rapidjson-1.9.5","2b410117c0e9e67da52afea5845610d05ad3f825","Avocado-gltf","Avocado","gltf","export","45","1045","1","4581.9","8110895","8109906","5","C72227178574600C360CE50E5B5965D8A785D0BC17589F19D16D2E1502BC4836","ok","42041344"
"rapidjson-1.9.5","2b410117c0e9e67da52afea5845610d05ad3f825","Box-glb","Box","glb","export","45","1045","1","451","1664","1632","1","80503A0DF23E35679EEF3E3ED6E527B6EEA00D8265BC7D2AAF4CEC4A36CF8D1B","ok","42041344"
"rapidjson-1.9.5","2b410117c0e9e67da52afea5845610d05ad3f825","Box-gltf","Box","gltf","load","45","1045","1","2950","3546","0","0","","ok","42041344"
"rapidjson-1.9.5","2b410117c0e9e67da52afea5845610d05ad3f825","Box-glb","Box","glb","roundtrip","45","1045","1","3117.7","1664","1632","1","80503A0DF23E35679EEF3E3ED6E527B6EEA00D8265BC7D2AAF4CEC4A36CF8D1B","ok","42041344"
"rapidjson-1.9.5","2b410117c0e9e67da52afea5845610d05ad3f825","Avocado-gltf","Avocado","gltf","roundtrip","45","1045","1","19333","8110895","8109906","5","C72227178574600C360CE50E5B5965D8A785D0BC17589F19D16D2E1502BC4836","ok","42041344"
"rapidjson-1.9.5","2b410117c0e9e67da52afea5845610d05ad3f825","Box-gltf","Box","gltf","export","46","1046","2","1009.1","3546","1618","2","9BA5254B1E66D656D6CD07CC10D829597E5151E98F7DBCAA59A6C5807532388D","ok","42201088"
"rapidjson-1.9.5","2b410117c0e9e67da52afea5845610d05ad3f825","Box-glb","Box","glb","load","46","1046","2","2618.4","1664","0","0","","ok","42201088"
"rapidjson-1.9.5","2b410117c0e9e67da52afea5845610d05ad3f825","Box-gltf","Box","gltf","load","46","1046","2","2967.1","3546","0","0","","ok","42201088"
"rapidjson-1.9.5","2b410117c0e9e67da52afea5845610d05ad3f825","Box-glb","Box","glb","export","46","1046","2","436.7","1664","1632","1","80503A0DF23E35679EEF3E3ED6E527B6EEA00D8265BC7D2AAF4CEC4A36CF8D1B","ok","42201088"
"rapidjson-1.9.5","2b410117c0e9e67da52afea5845610d05ad3f825","Box-gltf","Box","gltf","roundtrip","46","1046","2","3746.2","3546","1618","2","9BA5254B1E66D656D6CD07CC10D829597E5151E98F7DBCAA59A6C5807532388D","ok","42201088"
"rapidjson-1.9.5","2b410117c0e9e67da52afea5845610d05ad3f825","Box-glb","Box","glb","roundtrip","46","1046","2","3042.5","1664","1632","1","80503A0DF23E35679EEF3E3ED6E527B6EEA00D8265BC7D2AAF4CEC4A36CF8D1B","ok","42201088"
"rapidjson-1.9.5","2b410117c0e9e67da52afea5845610d05ad3f825","Avocado-gltf","Avocado","gltf","roundtrip","46","1046","2","20616.1","8110895","8109906","5","C72227178574600C360CE50E5B5965D8A785D0BC17589F19D16D2E1502BC4836","ok","42201088"
"rapidjson-1.9.5","2b410117c0e9e67da52afea5845610d05ad3f825","Avocado-glb","Avocado","glb","load","46","1046","2","25760.6","8110040","0","0","","ok","42201088"
"rapidjson-1.9.5","2b410117c0e9e67da52afea5845610d05ad3f825","Avocado-glb","Avocado","glb","export","46","1046","2","106939.5","8110040","8110104","1","DC2AB7E28D10AB39C1BB0E8F8408461872DAE99A1241E71DD91CA53901724CA0","ok","42201088"
"rapidjson-1.9.5","2b410117c0e9e67da52afea5845610d05ad3f825","Avocado-gltf","Avocado","gltf","export","46","1046","2","4722.2","8110895","8109906","5","C72227178574600C360CE50E5B5965D8A785D0BC17589F19D16D2E1502BC4836","ok","42201088"
"rapidjson-1.9.5","2b410117c0e9e67da52afea5845610d05ad3f825","Avocado-glb","Avocado","glb","roundtrip","46","1046","2","66183.4","8110040","8110104","1","DC2AB7E28D10AB39C1BB0E8F8408461872DAE99A1241E71DD91CA53901724CA0","ok","42201088"
"rapidjson-1.9.5","2b410117c0e9e67da52afea5845610d05ad3f825","Avocado-gltf","Avocado","gltf","load","46","1046","2","14954.2","8110895","0","0","","ok","42201088"
"rapidjson-1.9.5","2b410117c0e9e67da52afea5845610d05ad3f825","Avocado-gltf","Avocado","gltf","roundtrip","47","1047","1","21076.9","8110895","8109906","5","C72227178574600C360CE50E5B5965D8A785D0BC17589F19D16D2E1502BC4836","ok","42143744"
"rapidjson-1.9.5","2b410117c0e9e67da52afea5845610d05ad3f825","Box-gltf","Box","gltf","roundtrip","47","1047","1","5858.6","3546","1618","2","9BA5254B1E66D656D6CD07CC10D829597E5151E98F7DBCAA59A6C5807532388D","ok","42143744"
"rapidjson-1.9.5","2b410117c0e9e67da52afea5845610d05ad3f825","Avocado-gltf","Avocado","gltf","load","47","1047","1","21522.5","8110895","0","0","","ok","42143744"
"rapidjson-1.9.5","2b410117c0e9e67da52afea5845610d05ad3f825","Avocado-glb","Avocado","glb","load","47","1047","1","75403.7","8110040","0","0","","ok","42143744"
"rapidjson-1.9.5","2b410117c0e9e67da52afea5845610d05ad3f825","Box-gltf","Box","gltf","load","47","1047","1","3685.7","3546","0","0","","ok","42143744"
"rapidjson-1.9.5","2b410117c0e9e67da52afea5845610d05ad3f825","Avocado-gltf","Avocado","gltf","export","47","1047","1","6346.4","8110895","8109906","5","C72227178574600C360CE50E5B5965D8A785D0BC17589F19D16D2E1502BC4836","ok","42143744"
"rapidjson-1.9.5","2b410117c0e9e67da52afea5845610d05ad3f825","Box-glb","Box","glb","load","47","1047","1","4105.4","1664","0","0","","ok","42143744"
"rapidjson-1.9.5","2b410117c0e9e67da52afea5845610d05ad3f825","Avocado-glb","Avocado","glb","export","47","1047","1","47877.4","8110040","8110104","1","DC2AB7E28D10AB39C1BB0E8F8408461872DAE99A1241E71DD91CA53901724CA0","ok","42143744"
"rapidjson-1.9.5","2b410117c0e9e67da52afea5845610d05ad3f825","Box-gltf","Box","gltf","export","47","1047","1","837","3546","1618","2","9BA5254B1E66D656D6CD07CC10D829597E5151E98F7DBCAA59A6C5807532388D","ok","42143744"
"rapidjson-1.9.5","2b410117c0e9e67da52afea5845610d05ad3f825","Box-glb","Box","glb","roundtrip","47","1047","1","3499.3","1664","1632","1","80503A0DF23E35679EEF3E3ED6E527B6EEA00D8265BC7D2AAF4CEC4A36CF8D1B","ok","42143744"
"rapidjson-1.9.5","2b410117c0e9e67da52afea5845610d05ad3f825","Box-glb","Box","glb","export","47","1047","1","533.2","1664","1632","1","80503A0DF23E35679EEF3E3ED6E527B6EEA00D8265BC7D2AAF4CEC4A36CF8D1B","ok","42143744"
"rapidjson-1.9.5","2b410117c0e9e67da52afea5845610d05ad3f825","Avocado-glb","Avocado","glb","roundtrip","47","1047","1","72609.5","8110040","8110104","1","DC2AB7E28D10AB39C1BB0E8F8408461872DAE99A1241E71DD91CA53901724CA0","ok","42143744"
"rapidjson-1.9.5","2b410117c0e9e67da52afea5845610d05ad3f825","Box-glb","Box","glb","roundtrip","48","1048","2","3914.7","1664","1632","1","80503A0DF23E35679EEF3E3ED6E527B6EEA00D8265BC7D2AAF4CEC4A36CF8D1B","ok","42057728"
"rapidjson-1.9.5","2b410117c0e9e67da52afea5845610d05ad3f825","Avocado-glb","Avocado","glb","roundtrip","48","1048","2","67177.5","8110040","8110104","1","DC2AB7E28D10AB39C1BB0E8F8408461872DAE99A1241E71DD91CA53901724CA0","ok","42057728"
"rapidjson-1.9.5","2b410117c0e9e67da52afea5845610d05ad3f825","Avocado-gltf","Avocado","gltf","load","48","1048","2","15857.9","8110895","0","0","","ok","42057728"
"rapidjson-1.9.5","2b410117c0e9e67da52afea5845610d05ad3f825","Box-gltf","Box","gltf","roundtrip","48","1048","2","3893","3546","1618","2","9BA5254B1E66D656D6CD07CC10D829597E5151E98F7DBCAA59A6C5807532388D","ok","42057728"
"rapidjson-1.9.5","2b410117c0e9e67da52afea5845610d05ad3f825","Box-glb","Box","glb","load","48","1048","2","3180.4","1664","0","0","","ok","42057728"
"rapidjson-1.9.5","2b410117c0e9e67da52afea5845610d05ad3f825","Avocado-gltf","Avocado","gltf","roundtrip","48","1048","2","24161.9","8110895","8109906","5","C72227178574600C360CE50E5B5965D8A785D0BC17589F19D16D2E1502BC4836","ok","42057728"
"rapidjson-1.9.5","2b410117c0e9e67da52afea5845610d05ad3f825","Box-gltf","Box","gltf","export","48","1048","2","856.7","3546","1618","2","9BA5254B1E66D656D6CD07CC10D829597E5151E98F7DBCAA59A6C5807532388D","ok","42057728"
"rapidjson-1.9.5","2b410117c0e9e67da52afea5845610d05ad3f825","Avocado-gltf","Avocado","gltf","export","48","1048","2","6233","8110895","8109906","5","C72227178574600C360CE50E5B5965D8A785D0BC17589F19D16D2E1502BC4836","ok","42057728"
"rapidjson-1.9.5","2b410117c0e9e67da52afea5845610d05ad3f825","Box-gltf","Box","gltf","load","48","1048","2","3004.1","3546","0","0","","ok","42057728"
"rapidjson-1.9.5","2b410117c0e9e67da52afea5845610d05ad3f825","Avocado-glb","Avocado","glb","export","48","1048","2","45723.3","8110040","8110104","1","DC2AB7E28D10AB39C1BB0E8F8408461872DAE99A1241E71DD91CA53901724CA0","ok","42057728"
"rapidjson-1.9.5","2b410117c0e9e67da52afea5845610d05ad3f825","Box-glb","Box","glb","export","48","1048","2","562.6","1664","1632","1","80503A0DF23E35679EEF3E3ED6E527B6EEA00D8265BC7D2AAF4CEC4A36CF8D1B","ok","42057728"
"rapidjson-1.9.5","2b410117c0e9e67da52afea5845610d05ad3f825","Avocado-glb","Avocado","glb","load","48","1048","2","19507.8","8110040","0","0","","ok","42057728"
"rapidjson-1.9.5","2b410117c0e9e67da52afea5845610d05ad3f825","Avocado-glb","Avocado","glb","roundtrip","49","1049","1","66544.2","8110040","8110104","1","DC2AB7E28D10AB39C1BB0E8F8408461872DAE99A1241E71DD91CA53901724CA0","ok","42094592"
"rapidjson-1.9.5","2b410117c0e9e67da52afea5845610d05ad3f825","Box-gltf","Box","gltf","roundtrip","49","1049","1","3886.5","3546","1618","2","9BA5254B1E66D656D6CD07CC10D829597E5151E98F7DBCAA59A6C5807532388D","ok","42094592"
"rapidjson-1.9.5","2b410117c0e9e67da52afea5845610d05ad3f825","Avocado-gltf","Avocado","gltf","export","49","1049","1","4735.8","8110895","8109906","5","C72227178574600C360CE50E5B5965D8A785D0BC17589F19D16D2E1502BC4836","ok","42094592"
"rapidjson-1.9.5","2b410117c0e9e67da52afea5845610d05ad3f825","Box-glb","Box","glb","roundtrip","49","1049","1","4128.8","1664","1632","1","80503A0DF23E35679EEF3E3ED6E527B6EEA00D8265BC7D2AAF4CEC4A36CF8D1B","ok","42094592"
"rapidjson-1.9.5","2b410117c0e9e67da52afea5845610d05ad3f825","Box-glb","Box","glb","export","49","1049","1","735.7","1664","1632","1","80503A0DF23E35679EEF3E3ED6E527B6EEA00D8265BC7D2AAF4CEC4A36CF8D1B","ok","42094592"
"rapidjson-1.9.5","2b410117c0e9e67da52afea5845610d05ad3f825","Avocado-glb","Avocado","glb","export","49","1049","1","108632.2","8110040","8110104","1","DC2AB7E28D10AB39C1BB0E8F8408461872DAE99A1241E71DD91CA53901724CA0","ok","42094592"
"rapidjson-1.9.5","2b410117c0e9e67da52afea5845610d05ad3f825","Avocado-glb","Avocado","glb","load","49","1049","1","19681.5","8110040","0","0","","ok","42094592"
"rapidjson-1.9.5","2b410117c0e9e67da52afea5845610d05ad3f825","Avocado-gltf","Avocado","gltf","load","49","1049","1","15133.6","8110895","0","0","","ok","42094592"
"rapidjson-1.9.5","2b410117c0e9e67da52afea5845610d05ad3f825","Box-gltf","Box","gltf","export","49","1049","1","650.5","3546","1618","2","9BA5254B1E66D656D6CD07CC10D829597E5151E98F7DBCAA59A6C5807532388D","ok","42094592"
"rapidjson-1.9.5","2b410117c0e9e67da52afea5845610d05ad3f825","Box-gltf","Box","gltf","load","49","1049","1","2927.7","3546","0","0","","ok","42094592"
"rapidjson-1.9.5","2b410117c0e9e67da52afea5845610d05ad3f825","Avocado-gltf","Avocado","gltf","roundtrip","49","1049","1","19490.4","8110895","8109906","5","C72227178574600C360CE50E5B5965D8A785D0BC17589F19D16D2E1502BC4836","ok","42094592"
"rapidjson-1.9.5","2b410117c0e9e67da52afea5845610d05ad3f825","Box-glb","Box","glb","load","49","1049","1","2713.6","1664","0","0","","ok","42094592"
"rapidjson-1.9.5","2b410117c0e9e67da52afea5845610d05ad3f825","Avocado-gltf","Avocado","gltf","export","50","1050","2","4791.7","8110895","8109906","5","C72227178574600C360CE50E5B5965D8A785D0BC17589F19D16D2E1502BC4836","ok","42033152"
"rapidjson-1.9.5","2b410117c0e9e67da52afea5845610d05ad3f825","Avocado-gltf","Avocado","gltf","roundtrip","50","1050","2","25799.6","8110895","8109906","5","C72227178574600C360CE50E5B5965D8A785D0BC17589F19D16D2E1502BC4836","ok","42033152"
"rapidjson-1.9.5","2b410117c0e9e67da52afea5845610d05ad3f825","Box-gltf","Box","gltf","load","50","1050","2","6862.2","3546","0","0","","ok","42033152"
"rapidjson-1.9.5","2b410117c0e9e67da52afea5845610d05ad3f825","Avocado-glb","Avocado","glb","roundtrip","50","1050","2","130028.2","8110040","8110104","1","DC2AB7E28D10AB39C1BB0E8F8408461872DAE99A1241E71DD91CA53901724CA0","ok","42033152"
"rapidjson-1.9.5","2b410117c0e9e67da52afea5845610d05ad3f825","Box-glb","Box","glb","roundtrip","50","1050","2","3441.1","1664","1632","1","80503A0DF23E35679EEF3E3ED6E527B6EEA00D8265BC7D2AAF4CEC4A36CF8D1B","ok","42033152"
"rapidjson-1.9.5","2b410117c0e9e67da52afea5845610d05ad3f825","Box-glb","Box","glb","export","50","1050","2","529.8","1664","1632","1","80503A0DF23E35679EEF3E3ED6E527B6EEA00D8265BC7D2AAF4CEC4A36CF8D1B","ok","42033152"
"rapidjson-1.9.5","2b410117c0e9e67da52afea5845610d05ad3f825","Avocado-glb","Avocado","glb","export","50","1050","2","47930.6","8110040","8110104","1","DC2AB7E28D10AB39C1BB0E8F8408461872DAE99A1241E71DD91CA53901724CA0","ok","42033152"
"rapidjson-1.9.5","2b410117c0e9e67da52afea5845610d05ad3f825","Box-gltf","Box","gltf","export","50","1050","2","775.2","3546","1618","2","9BA5254B1E66D656D6CD07CC10D829597E5151E98F7DBCAA59A6C5807532388D","ok","42033152"
"rapidjson-1.9.5","2b410117c0e9e67da52afea5845610d05ad3f825","Avocado-glb","Avocado","glb","load","50","1050","2","20104.5","8110040","0","0","","ok","42033152"
"rapidjson-1.9.5","2b410117c0e9e67da52afea5845610d05ad3f825","Box-gltf","Box","gltf","roundtrip","50","1050","2","5632","3546","1618","2","9BA5254B1E66D656D6CD07CC10D829597E5151E98F7DBCAA59A6C5807532388D","ok","42033152"
"rapidjson-1.9.5","2b410117c0e9e67da52afea5845610d05ad3f825","Box-glb","Box","glb","load","50","1050","2","2766.8","1664","0","0","","ok","42033152"
"rapidjson-1.9.5","2b410117c0e9e67da52afea5845610d05ad3f825","Avocado-gltf","Avocado","gltf","load","50","1050","2","19230.7","8110895","0","0","","ok","42033152"
"rapidjson-1.9.5","2b410117c0e9e67da52afea5845610d05ad3f825","Avocado-glb","Avocado","glb","load","51","1051","1","20331.8","8110040","0","0","","ok","42061824"
"rapidjson-1.9.5","2b410117c0e9e67da52afea5845610d05ad3f825","Avocado-glb","Avocado","glb","roundtrip","51","1051","1","69409","8110040","8110104","1","DC2AB7E28D10AB39C1BB0E8F8408461872DAE99A1241E71DD91CA53901724CA0","ok","42061824"
"rapidjson-1.9.5","2b410117c0e9e67da52afea5845610d05ad3f825","Avocado-gltf","Avocado","gltf","export","51","1051","1","4627.6","8110895","8109906","5","C72227178574600C360CE50E5B5965D8A785D0BC17589F19D16D2E1502BC4836","ok","42061824"
"rapidjson-1.9.5","2b410117c0e9e67da52afea5845610d05ad3f825","Box-glb","Box","glb","export","51","1051","1","694.9","1664","1632","1","80503A0DF23E35679EEF3E3ED6E527B6EEA00D8265BC7D2AAF4CEC4A36CF8D1B","ok","42061824"
"rapidjson-1.9.5","2b410117c0e9e67da52afea5845610d05ad3f825","Avocado-glb","Avocado","glb","export","51","1051","1","58394.1","8110040","8110104","1","DC2AB7E28D10AB39C1BB0E8F8408461872DAE99A1241E71DD91CA53901724CA0","ok","42061824"
"rapidjson-1.9.5","2b410117c0e9e67da52afea5845610d05ad3f825","Box-gltf","Box","gltf","load","51","1051","1","2990","3546","0","0","","ok","42061824"
"rapidjson-1.9.5","2b410117c0e9e67da52afea5845610d05ad3f825","Avocado-gltf","Avocado","gltf","load","51","1051","1","14993.6","8110895","0","0","","ok","42061824"
"rapidjson-1.9.5","2b410117c0e9e67da52afea5845610d05ad3f825","Box-gltf","Box","gltf","export","51","1051","1","682.3","3546","1618","2","9BA5254B1E66D656D6CD07CC10D829597E5151E98F7DBCAA59A6C5807532388D","ok","42061824"
"rapidjson-1.9.5","2b410117c0e9e67da52afea5845610d05ad3f825","Box-glb","Box","glb","load","51","1051","1","2551.8","1664","0","0","","ok","42061824"
"rapidjson-1.9.5","2b410117c0e9e67da52afea5845610d05ad3f825","Box-glb","Box","glb","roundtrip","51","1051","1","2950","1664","1632","1","80503A0DF23E35679EEF3E3ED6E527B6EEA00D8265BC7D2AAF4CEC4A36CF8D1B","ok","42061824"
"rapidjson-1.9.5","2b410117c0e9e67da52afea5845610d05ad3f825","Box-gltf","Box","gltf","roundtrip","51","1051","1","3553.5","3546","1618","2","9BA5254B1E66D656D6CD07CC10D829597E5151E98F7DBCAA59A6C5807532388D","ok","42061824"
"rapidjson-1.9.5","2b410117c0e9e67da52afea5845610d05ad3f825","Avocado-gltf","Avocado","gltf","roundtrip","51","1051","1","20004.5","8110895","8109906","5","C72227178574600C360CE50E5B5965D8A785D0BC17589F19D16D2E1502BC4836","ok","42061824"
"rapidjson-1.9.5","2b410117c0e9e67da52afea5845610d05ad3f825","Box-gltf","Box","gltf","roundtrip","52","1052","2","4581.3","3546","1618","2","9BA5254B1E66D656D6CD07CC10D829597E5151E98F7DBCAA59A6C5807532388D","ok","42102784"
"rapidjson-1.9.5","2b410117c0e9e67da52afea5845610d05ad3f825","Box-gltf","Box","gltf","export","52","1052","2","861.3","3546","1618","2","9BA5254B1E66D656D6CD07CC10D829597E5151E98F7DBCAA59A6C5807532388D","ok","42102784"
"rapidjson-1.9.5","2b410117c0e9e67da52afea5845610d05ad3f825","Avocado-gltf","Avocado","gltf","load","52","1052","2","15810.6","8110895","0","0","","ok","42102784"
"rapidjson-1.9.5","2b410117c0e9e67da52afea5845610d05ad3f825","Avocado-gltf","Avocado","gltf","roundtrip","52","1052","2","24031.4","8110895","8109906","5","C72227178574600C360CE50E5B5965D8A785D0BC17589F19D16D2E1502BC4836","ok","42102784"
"rapidjson-1.9.5","2b410117c0e9e67da52afea5845610d05ad3f825","Box-gltf","Box","gltf","load","52","1052","2","6335.4","3546","0","0","","ok","42102784"
"rapidjson-1.9.5","2b410117c0e9e67da52afea5845610d05ad3f825","Box-glb","Box","glb","roundtrip","52","1052","2","58998.8","1664","1632","1","80503A0DF23E35679EEF3E3ED6E527B6EEA00D8265BC7D2AAF4CEC4A36CF8D1B","ok","42102784"
"rapidjson-1.9.5","2b410117c0e9e67da52afea5845610d05ad3f825","Box-glb","Box","glb","load","52","1052","2","2987.8","1664","0","0","","ok","42102784"
"rapidjson-1.9.5","2b410117c0e9e67da52afea5845610d05ad3f825","Box-glb","Box","glb","export","52","1052","2","600.5","1664","1632","1","80503A0DF23E35679EEF3E3ED6E527B6EEA00D8265BC7D2AAF4CEC4A36CF8D1B","ok","42102784"
"rapidjson-1.9.5","2b410117c0e9e67da52afea5845610d05ad3f825","Avocado-glb","Avocado","glb","roundtrip","52","1052","2","124830.2","8110040","8110104","1","DC2AB7E28D10AB39C1BB0E8F8408461872DAE99A1241E71DD91CA53901724CA0","ok","42102784"
"rapidjson-1.9.5","2b410117c0e9e67da52afea5845610d05ad3f825","Avocado-gltf","Avocado","gltf","export","52","1052","2","4503.3","8110895","8109906","5","C72227178574600C360CE50E5B5965D8A785D0BC17589F19D16D2E1502BC4836","ok","42102784"
"rapidjson-1.9.5","2b410117c0e9e67da52afea5845610d05ad3f825","Avocado-glb","Avocado","glb","load","52","1052","2","19372.1","8110040","0","0","","ok","42102784"
"rapidjson-1.9.5","2b410117c0e9e67da52afea5845610d05ad3f825","Avocado-glb","Avocado","glb","export","52","1052","2","46307.1","8110040","8110104","1","DC2AB7E28D10AB39C1BB0E8F8408461872DAE99A1241E71DD91CA53901724CA0","ok","42102784"
"rapidjson-1.9.5","2b410117c0e9e67da52afea5845610d05ad3f825","Box-glb","Box","glb","roundtrip","53","1053","1","4197.6","1664","1632","1","80503A0DF23E35679EEF3E3ED6E527B6EEA00D8265BC7D2AAF4CEC4A36CF8D1B","ok","42094592"
"rapidjson-1.9.5","2b410117c0e9e67da52afea5845610d05ad3f825","Box-gltf","Box","gltf","roundtrip","53","1053","1","3708.8","3546","1618","2","9BA5254B1E66D656D6CD07CC10D829597E5151E98F7DBCAA59A6C5807532388D","ok","42094592"
"rapidjson-1.9.5","2b410117c0e9e67da52afea5845610d05ad3f825","Avocado-gltf","Avocado","gltf","roundtrip","53","1053","1","22027.8","8110895","8109906","5","C72227178574600C360CE50E5B5965D8A785D0BC17589F19D16D2E1502BC4836","ok","42094592"
"rapidjson-1.9.5","2b410117c0e9e67da52afea5845610d05ad3f825","Avocado-glb","Avocado","glb","load","53","1053","1","24333.9","8110040","0","0","","ok","42094592"
"rapidjson-1.9.5","2b410117c0e9e67da52afea5845610d05ad3f825","Avocado-glb","Avocado","glb","export","53","1053","1","105688","8110040","8110104","1","DC2AB7E28D10AB39C1BB0E8F8408461872DAE99A1241E71DD91CA53901724CA0","ok","42094592"
"rapidjson-1.9.5","2b410117c0e9e67da52afea5845610d05ad3f825","Box-glb","Box","glb","load","53","1053","1","2827.2","1664","0","0","","ok","42094592"
"rapidjson-1.9.5","2b410117c0e9e67da52afea5845610d05ad3f825","Avocado-gltf","Avocado","gltf","export","53","1053","1","4686.6","8110895","8109906","5","C72227178574600C360CE50E5B5965D8A785D0BC17589F19D16D2E1502BC4836","ok","42094592"
"rapidjson-1.9.5","2b410117c0e9e67da52afea5845610d05ad3f825","Box-gltf","Box","gltf","export","53","1053","1","863.5","3546","1618","2","9BA5254B1E66D656D6CD07CC10D829597E5151E98F7DBCAA59A6C5807532388D","ok","42094592"
"rapidjson-1.9.5","2b410117c0e9e67da52afea5845610d05ad3f825","Avocado-gltf","Avocado","gltf","load","53","1053","1","14345.6","8110895","0","0","","ok","42094592"
"rapidjson-1.9.5","2b410117c0e9e67da52afea5845610d05ad3f825","Box-gltf","Box","gltf","load","53","1053","1","2965.8","3546","0","0","","ok","42094592"
"rapidjson-1.9.5","2b410117c0e9e67da52afea5845610d05ad3f825","Box-glb","Box","glb","export","53","1053","1","462.5","1664","1632","1","80503A0DF23E35679EEF3E3ED6E527B6EEA00D8265BC7D2AAF4CEC4A36CF8D1B","ok","42094592"
"rapidjson-1.9.5","2b410117c0e9e67da52afea5845610d05ad3f825","Avocado-glb","Avocado","glb","roundtrip","53","1053","1","66305.3","8110040","8110104","1","DC2AB7E28D10AB39C1BB0E8F8408461872DAE99A1241E71DD91CA53901724CA0","ok","42094592"
"rapidjson-1.9.5","2b410117c0e9e67da52afea5845610d05ad3f825","Avocado-glb","Avocado","glb","roundtrip","54","1054","2","65820.9","8110040","8110104","1","DC2AB7E28D10AB39C1BB0E8F8408461872DAE99A1241E71DD91CA53901724CA0","ok","42061824"
"rapidjson-1.9.5","2b410117c0e9e67da52afea5845610d05ad3f825","Box-gltf","Box","gltf","load","54","1054","2","3441.2","3546","0","0","","ok","42061824"
"rapidjson-1.9.5","2b410117c0e9e67da52afea5845610d05ad3f825","Box-glb","Box","glb","export","54","1054","2","548.7","1664","1632","1","80503A0DF23E35679EEF3E3ED6E527B6EEA00D8265BC7D2AAF4CEC4A36CF8D1B","ok","42061824"
"rapidjson-1.9.5","2b410117c0e9e67da52afea5845610d05ad3f825","Avocado-gltf","Avocado","gltf","load","54","1054","2","19133.5","8110895","0","0","","ok","42061824"
"rapidjson-1.9.5","2b410117c0e9e67da52afea5845610d05ad3f825","Box-gltf","Box","gltf","export","54","1054","2","1138.7","3546","1618","2","9BA5254B1E66D656D6CD07CC10D829597E5151E98F7DBCAA59A6C5807532388D","ok","42061824"
"rapidjson-1.9.5","2b410117c0e9e67da52afea5845610d05ad3f825","Avocado-glb","Avocado","glb","export","54","1054","2","109614.7","8110040","8110104","1","DC2AB7E28D10AB39C1BB0E8F8408461872DAE99A1241E71DD91CA53901724CA0","ok","42061824"
"rapidjson-1.9.5","2b410117c0e9e67da52afea5845610d05ad3f825","Avocado-gltf","Avocado","gltf","roundtrip","54","1054","2","20774.8","8110895","8109906","5","C72227178574600C360CE50E5B5965D8A785D0BC17589F19D16D2E1502BC4836","ok","42061824"
"rapidjson-1.9.5","2b410117c0e9e67da52afea5845610d05ad3f825","Avocado-glb","Avocado","glb","load","54","1054","2","19750.2","8110040","0","0","","ok","42061824"
"rapidjson-1.9.5","2b410117c0e9e67da52afea5845610d05ad3f825","Avocado-gltf","Avocado","gltf","export","54","1054","2","5292.7","8110895","8109906","5","C72227178574600C360CE50E5B5965D8A785D0BC17589F19D16D2E1502BC4836","ok","42061824"
"rapidjson-1.9.5","2b410117c0e9e67da52afea5845610d05ad3f825","Box-glb","Box","glb","load","54","1054","2","2716.1","1664","0","0","","ok","42061824"
"rapidjson-1.9.5","2b410117c0e9e67da52afea5845610d05ad3f825","Box-gltf","Box","gltf","roundtrip","54","1054","2","3478.3","3546","1618","2","9BA5254B1E66D656D6CD07CC10D829597E5151E98F7DBCAA59A6C5807532388D","ok","42061824"
"rapidjson-1.9.5","2b410117c0e9e67da52afea5845610d05ad3f825","Box-glb","Box","glb","roundtrip","54","1054","2","3070.4","1664","1632","1","80503A0DF23E35679EEF3E3ED6E527B6EEA00D8265BC7D2AAF4CEC4A36CF8D1B","ok","42061824"
"rapidjson-1.9.5","2b410117c0e9e67da52afea5845610d05ad3f825","Box-glb","Box","glb","roundtrip","55","1055","1","3888.1","1664","1632","1","80503A0DF23E35679EEF3E3ED6E527B6EEA00D8265BC7D2AAF4CEC4A36CF8D1B","ok","42016768"
"rapidjson-1.9.5","2b410117c0e9e67da52afea5845610d05ad3f825","Avocado-gltf","Avocado","gltf","load","55","1055","1","15313.1","8110895","0","0","","ok","42016768"
"rapidjson-1.9.5","2b410117c0e9e67da52afea5845610d05ad3f825","Avocado-glb","Avocado","glb","load","55","1055","1","26775.4","8110040","0","0","","ok","42016768"
"rapidjson-1.9.5","2b410117c0e9e67da52afea5845610d05ad3f825","Avocado-glb","Avocado","glb","roundtrip","55","1055","1","131423.2","8110040","8110104","1","DC2AB7E28D10AB39C1BB0E8F8408461872DAE99A1241E71DD91CA53901724CA0","ok","42016768"
"rapidjson-1.9.5","2b410117c0e9e67da52afea5845610d05ad3f825","Box-glb","Box","glb","export","55","1055","1","495.5","1664","1632","1","80503A0DF23E35679EEF3E3ED6E527B6EEA00D8265BC7D2AAF4CEC4A36CF8D1B","ok","42016768"
"rapidjson-1.9.5","2b410117c0e9e67da52afea5845610d05ad3f825","Avocado-glb","Avocado","glb","export","55","1055","1","46212.5","8110040","8110104","1","DC2AB7E28D10AB39C1BB0E8F8408461872DAE99A1241E71DD91CA53901724CA0","ok","42016768"
"rapidjson-1.9.5","2b410117c0e9e67da52afea5845610d05ad3f825","Avocado-gltf","Avocado","gltf","roundtrip","55","1055","1","20193.5","8110895","8109906","5","C72227178574600C360CE50E5B5965D8A785D0BC17589F19D16D2E1502BC4836","ok","42016768"
"rapidjson-1.9.5","2b410117c0e9e67da52afea5845610d05ad3f825","Box-glb","Box","glb","load","55","1055","1","2686.5","1664","0","0","","ok","42016768"
"rapidjson-1.9.5","2b410117c0e9e67da52afea5845610d05ad3f825","Box-gltf","Box","gltf","load","55","1055","1","2717.5","3546","0","0","","ok","42016768"
"rapidjson-1.9.5","2b410117c0e9e67da52afea5845610d05ad3f825","Avocado-gltf","Avocado","gltf","export","55","1055","1","4770.9","8110895","8109906","5","C72227178574600C360CE50E5B5965D8A785D0BC17589F19D16D2E1502BC4836","ok","42016768"
"rapidjson-1.9.5","2b410117c0e9e67da52afea5845610d05ad3f825","Box-gltf","Box","gltf","export","55","1055","1","791.4","3546","1618","2","9BA5254B1E66D656D6CD07CC10D829597E5151E98F7DBCAA59A6C5807532388D","ok","42016768"
"rapidjson-1.9.5","2b410117c0e9e67da52afea5845610d05ad3f825","Box-gltf","Box","gltf","roundtrip","55","1055","1","3526","3546","1618","2","9BA5254B1E66D656D6CD07CC10D829597E5151E98F7DBCAA59A6C5807532388D","ok","42016768"
"rapidjson-1.9.5","2b410117c0e9e67da52afea5845610d05ad3f825","Avocado-gltf","Avocado","gltf","roundtrip","56","1056","2","21878.1","8110895","8109906","5","C72227178574600C360CE50E5B5965D8A785D0BC17589F19D16D2E1502BC4836","ok","42045440"
"rapidjson-1.9.5","2b410117c0e9e67da52afea5845610d05ad3f825","Box-gltf","Box","gltf","roundtrip","56","1056","2","6386.4","3546","1618","2","9BA5254B1E66D656D6CD07CC10D829597E5151E98F7DBCAA59A6C5807532388D","ok","42045440"
"rapidjson-1.9.5","2b410117c0e9e67da52afea5845610d05ad3f825","Box-glb","Box","glb","roundtrip","56","1056","2","6168.3","1664","1632","1","80503A0DF23E35679EEF3E3ED6E527B6EEA00D8265BC7D2AAF4CEC4A36CF8D1B","ok","42045440"
"rapidjson-1.9.5","2b410117c0e9e67da52afea5845610d05ad3f825","Avocado-gltf","Avocado","gltf","export","56","1056","2","5731.5","8110895","8109906","5","C72227178574600C360CE50E5B5965D8A785D0BC17589F19D16D2E1502BC4836","ok","42045440"
"rapidjson-1.9.5","2b410117c0e9e67da52afea5845610d05ad3f825","Box-gltf","Box","gltf","load","56","1056","2","5084.5","3546","0","0","","ok","42045440"
"rapidjson-1.9.5","2b410117c0e9e67da52afea5845610d05ad3f825","Avocado-glb","Avocado","glb","roundtrip","56","1056","2","157382.1","8110040","8110104","1","DC2AB7E28D10AB39C1BB0E8F8408461872DAE99A1241E71DD91CA53901724CA0","ok","42045440"
"rapidjson-1.9.5","2b410117c0e9e67da52afea5845610d05ad3f825","Avocado-gltf","Avocado","gltf","load","56","1056","2","21583.5","8110895","0","0","","ok","42045440"
"rapidjson-1.9.5","2b410117c0e9e67da52afea5845610d05ad3f825","Box-glb","Box","glb","export","56","1056","2","718.5","1664","1632","1","80503A0DF23E35679EEF3E3ED6E527B6EEA00D8265BC7D2AAF4CEC4A36CF8D1B","ok","42045440"
"rapidjson-1.9.5","2b410117c0e9e67da52afea5845610d05ad3f825","Avocado-glb","Avocado","glb","export","56","1056","2","47182.5","8110040","8110104","1","DC2AB7E28D10AB39C1BB0E8F8408461872DAE99A1241E71DD91CA53901724CA0","ok","42045440"
"rapidjson-1.9.5","2b410117c0e9e67da52afea5845610d05ad3f825","Box-glb","Box","glb","load","56","1056","2","2955.5","1664","0","0","","ok","42045440"
"rapidjson-1.9.5","2b410117c0e9e67da52afea5845610d05ad3f825","Avocado-glb","Avocado","glb","load","56","1056","2","19541.5","8110040","0","0","","ok","42045440"
"rapidjson-1.9.5","2b410117c0e9e67da52afea5845610d05ad3f825","Box-gltf","Box","gltf","export","56","1056","2","762.8","3546","1618","2","9BA5254B1E66D656D6CD07CC10D829597E5151E98F7DBCAA59A6C5807532388D","ok","42045440"
"rapidjson-1.9.5","2b410117c0e9e67da52afea5845610d05ad3f825","Avocado-gltf","Avocado","gltf","load","57","1057","1","16441.4","8110895","0","0","","ok","42127360"
"rapidjson-1.9.5","2b410117c0e9e67da52afea5845610d05ad3f825","Box-glb","Box","glb","load","57","1057","1","4148.9","1664","0","0","","ok","42127360"
"rapidjson-1.9.5","2b410117c0e9e67da52afea5845610d05ad3f825","Box-gltf","Box","gltf","load","57","1057","1","3603.3","3546","0","0","","ok","42127360"
"rapidjson-1.9.5","2b410117c0e9e67da52afea5845610d05ad3f825","Box-gltf","Box","gltf","roundtrip","57","1057","1","4548.3","3546","1618","2","9BA5254B1E66D656D6CD07CC10D829597E5151E98F7DBCAA59A6C5807532388D","ok","42127360"
"rapidjson-1.9.5","2b410117c0e9e67da52afea5845610d05ad3f825","Box-glb","Box","glb","roundtrip","57","1057","1","4000.8","1664","1632","1","80503A0DF23E35679EEF3E3ED6E527B6EEA00D8265BC7D2AAF4CEC4A36CF8D1B","ok","42127360"
"rapidjson-1.9.5","2b410117c0e9e67da52afea5845610d05ad3f825","Avocado-gltf","Avocado","gltf","roundtrip","57","1057","1","24405.3","8110895","8109906","5","C72227178574600C360CE50E5B5965D8A785D0BC17589F19D16D2E1502BC4836","ok","42127360"
"rapidjson-1.9.5","2b410117c0e9e67da52afea5845610d05ad3f825","Box-glb","Box","glb","export","57","1057","1","563.8","1664","1632","1","80503A0DF23E35679EEF3E3ED6E527B6EEA00D8265BC7D2AAF4CEC4A36CF8D1B","ok","42127360"
"rapidjson-1.9.5","2b410117c0e9e67da52afea5845610d05ad3f825","Avocado-glb","Avocado","glb","export","57","1057","1","108155.4","8110040","8110104","1","DC2AB7E28D10AB39C1BB0E8F8408461872DAE99A1241E71DD91CA53901724CA0","ok","42127360"
"rapidjson-1.9.5","2b410117c0e9e67da52afea5845610d05ad3f825","Avocado-glb","Avocado","glb","roundtrip","57","1057","1","65887.3","8110040","8110104","1","DC2AB7E28D10AB39C1BB0E8F8408461872DAE99A1241E71DD91CA53901724CA0","ok","42127360"
"rapidjson-1.9.5","2b410117c0e9e67da52afea5845610d05ad3f825","Box-gltf","Box","gltf","export","57","1057","1","779.4","3546","1618","2","9BA5254B1E66D656D6CD07CC10D829597E5151E98F7DBCAA59A6C5807532388D","ok","42127360"
"rapidjson-1.9.5","2b410117c0e9e67da52afea5845610d05ad3f825","Avocado-gltf","Avocado","gltf","export","57","1057","1","4575.2","8110895","8109906","5","C72227178574600C360CE50E5B5965D8A785D0BC17589F19D16D2E1502BC4836","ok","42127360"
"rapidjson-1.9.5","2b410117c0e9e67da52afea5845610d05ad3f825","Avocado-glb","Avocado","glb","load","57","1057","1","19822.5","8110040","0","0","","ok","42127360"
"rapidjson-1.9.5","2b410117c0e9e67da52afea5845610d05ad3f825","Avocado-glb","Avocado","glb","load","58","1058","2","20233.2","8110040","0","0","","ok","42094592"
"rapidjson-1.9.5","2b410117c0e9e67da52afea5845610d05ad3f825","Box-gltf","Box","gltf","roundtrip","58","1058","2","3750.3","3546","1618","2","9BA5254B1E66D656D6CD07CC10D829597E5151E98F7DBCAA59A6C5807532388D","ok","42094592"
"rapidjson-1.9.5","2b410117c0e9e67da52afea5845610d05ad3f825","Box-glb","Box","glb","export","58","1058","2","498.6","1664","1632","1","80503A0DF23E35679EEF3E3ED6E527B6EEA00D8265BC7D2AAF4CEC4A36CF8D1B","ok","42094592"
"rapidjson-1.9.5","2b410117c0e9e67da52afea5845610d05ad3f825","Avocado-glb","Avocado","glb","roundtrip","58","1058","2","69545","8110040","8110104","1","DC2AB7E28D10AB39C1BB0E8F8408461872DAE99A1241E71DD91CA53901724CA0","ok","42094592"
"rapidjson-1.9.5","2b410117c0e9e67da52afea5845610d05ad3f825","Box-gltf","Box","gltf","export","58","1058","2","1138","3546","1618","2","9BA5254B1E66D656D6CD07CC10D829597E5151E98F7DBCAA59A6C5807532388D","ok","42094592"
"rapidjson-1.9.5","2b410117c0e9e67da52afea5845610d05ad3f825","Avocado-gltf","Avocado","gltf","roundtrip","58","1058","2","22797.6","8110895","8109906","5","C72227178574600C360CE50E5B5965D8A785D0BC17589F19D16D2E1502BC4836","ok","42094592"
"rapidjson-1.9.5","2b410117c0e9e67da52afea5845610d05ad3f825","Avocado-gltf","Avocado","gltf","load","58","1058","2","19299.5","8110895","0","0","","ok","42094592"
"rapidjson-1.9.5","2b410117c0e9e67da52afea5845610d05ad3f825","Box-gltf","Box","gltf","load","58","1058","2","4117","3546","0","0","","ok","42094592"
"rapidjson-1.9.5","2b410117c0e9e67da52afea5845610d05ad3f825","Avocado-glb","Avocado","glb","export","58","1058","2","115963.4","8110040","8110104","1","DC2AB7E28D10AB39C1BB0E8F8408461872DAE99A1241E71DD91CA53901724CA0","ok","42094592"
"rapidjson-1.9.5","2b410117c0e9e67da52afea5845610d05ad3f825","Box-glb","Box","glb","roundtrip","58","1058","2","3283.5","1664","1632","1","80503A0DF23E35679EEF3E3ED6E527B6EEA00D8265BC7D2AAF4CEC4A36CF8D1B","ok","42094592"
"rapidjson-1.9.5","2b410117c0e9e67da52afea5845610d05ad3f825","Box-glb","Box","glb","load","58","1058","2","3379.6","1664","0","0","","ok","42094592"
"rapidjson-1.9.5","2b410117c0e9e67da52afea5845610d05ad3f825","Avocado-gltf","Avocado","gltf","export","58","1058","2","4255.8","8110895","8109906","5","C72227178574600C360CE50E5B5965D8A785D0BC17589F19D16D2E1502BC4836","ok","42094592"
"rapidjson-1.9.5","2b410117c0e9e67da52afea5845610d05ad3f825","Box-glb","Box","glb","export","59","1059","1","701.5","1664","1632","1","80503A0DF23E35679EEF3E3ED6E527B6EEA00D8265BC7D2AAF4CEC4A36CF8D1B","ok","42098688"
"rapidjson-1.9.5","2b410117c0e9e67da52afea5845610d05ad3f825","Box-glb","Box","glb","load","59","1059","1","4406.6","1664","0","0","","ok","42098688"
"rapidjson-1.9.5","2b410117c0e9e67da52afea5845610d05ad3f825","Avocado-gltf","Avocado","gltf","roundtrip","59","1059","1","24671.3","8110895","8109906","5","C72227178574600C360CE50E5B5965D8A785D0BC17589F19D16D2E1502BC4836","ok","42098688"
"rapidjson-1.9.5","2b410117c0e9e67da52afea5845610d05ad3f825","Avocado-gltf","Avocado","gltf","export","59","1059","1","5379.8","8110895","8109906","5","C72227178574600C360CE50E5B5965D8A785D0BC17589F19D16D2E1502BC4836","ok","42098688"
"rapidjson-1.9.5","2b410117c0e9e67da52afea5845610d05ad3f825","Box-gltf","Box","gltf","export","59","1059","1","846.1","3546","1618","2","9BA5254B1E66D656D6CD07CC10D829597E5151E98F7DBCAA59A6C5807532388D","ok","42098688"
"rapidjson-1.9.5","2b410117c0e9e67da52afea5845610d05ad3f825","Box-gltf","Box","gltf","roundtrip","59","1059","1","4696.6","3546","1618","2","9BA5254B1E66D656D6CD07CC10D829597E5151E98F7DBCAA59A6C5807532388D","ok","42098688"
"rapidjson-1.9.5","2b410117c0e9e67da52afea5845610d05ad3f825","Avocado-gltf","Avocado","gltf","load","59","1059","1","18097.3","8110895","0","0","","ok","42098688"
"rapidjson-1.9.5","2b410117c0e9e67da52afea5845610d05ad3f825","Box-glb","Box","glb","roundtrip","59","1059","1","4224.7","1664","1632","1","80503A0DF23E35679EEF3E3ED6E527B6EEA00D8265BC7D2AAF4CEC4A36CF8D1B","ok","42098688"
"rapidjson-1.9.5","2b410117c0e9e67da52afea5845610d05ad3f825","Avocado-glb","Avocado","glb","export","59","1059","1","47351.4","8110040","8110104","1","DC2AB7E28D10AB39C1BB0E8F8408461872DAE99A1241E71DD91CA53901724CA0","ok","42098688"
"rapidjson-1.9.5","2b410117c0e9e67da52afea5845610d05ad3f825","Box-gltf","Box","gltf","load","59","1059","1","3113.5","3546","0","0","","ok","42098688"
"rapidjson-1.9.5","2b410117c0e9e67da52afea5845610d05ad3f825","Avocado-glb","Avocado","glb","roundtrip","59","1059","1","67070.6","8110040","8110104","1","DC2AB7E28D10AB39C1BB0E8F8408461872DAE99A1241E71DD91CA53901724CA0","ok","42098688"
"rapidjson-1.9.5","2b410117c0e9e67da52afea5845610d05ad3f825","Avocado-glb","Avocado","glb","load","59","1059","1","19765.2","8110040","0","0","","ok","42098688"
"rapidjson-1.9.5","2b410117c0e9e67da52afea5845610d05ad3f825","Avocado-gltf","Avocado","gltf","load","60","1060","2","15901.1","8110895","0","0","","ok","42074112"
"rapidjson-1.9.5","2b410117c0e9e67da52afea5845610d05ad3f825","Box-gltf","Box","gltf","roundtrip","60","1060","2","3922","3546","1618","2","9BA5254B1E66D656D6CD07CC10D829597E5151E98F7DBCAA59A6C5807532388D","ok","42074112"
"rapidjson-1.9.5","2b410117c0e9e67da52afea5845610d05ad3f825","Box-gltf","Box","gltf","load","60","1060","2","3898","3546","0","0","","ok","42074112"
"rapidjson-1.9.5","2b410117c0e9e67da52afea5845610d05ad3f825","Box-glb","Box","glb","load","60","1060","2","3676.4","1664","0","0","","ok","42074112"
"rapidjson-1.9.5","2b410117c0e9e67da52afea5845610d05ad3f825","Box-glb","Box","glb","export","60","1060","2","653.3","1664","1632","1","80503A0DF23E35679EEF3E3ED6E527B6EEA00D8265BC7D2AAF4CEC4A36CF8D1B","ok","42074112"
"rapidjson-1.9.5","2b410117c0e9e67da52afea5845610d05ad3f825","Box-glb","Box","glb","roundtrip","60","1060","2","3919","1664","1632","1","80503A0DF23E35679EEF3E3ED6E527B6EEA00D8265BC7D2AAF4CEC4A36CF8D1B","ok","42074112"
"rapidjson-1.9.5","2b410117c0e9e67da52afea5845610d05ad3f825","Avocado-gltf","Avocado","gltf","roundtrip","60","1060","2","24758.6","8110895","8109906","5","C72227178574600C360CE50E5B5965D8A785D0BC17589F19D16D2E1502BC4836","ok","42074112"
"rapidjson-1.9.5","2b410117c0e9e67da52afea5845610d05ad3f825","Avocado-gltf","Avocado","gltf","export","60","1060","2","6207.7","8110895","8109906","5","C72227178574600C360CE50E5B5965D8A785D0BC17589F19D16D2E1502BC4836","ok","42074112"
"rapidjson-1.9.5","2b410117c0e9e67da52afea5845610d05ad3f825","Avocado-glb","Avocado","glb","load","60","1060","2","20586.3","8110040","0","0","","ok","42074112"
"rapidjson-1.9.5","2b410117c0e9e67da52afea5845610d05ad3f825","Box-gltf","Box","gltf","export","60","1060","2","785.3","3546","1618","2","9BA5254B1E66D656D6CD07CC10D829597E5151E98F7DBCAA59A6C5807532388D","ok","42074112"
"rapidjson-1.9.5","2b410117c0e9e67da52afea5845610d05ad3f825","Avocado-glb","Avocado","glb","roundtrip","60","1060","2","66184.6","8110040","8110104","1","DC2AB7E28D10AB39C1BB0E8F8408461872DAE99A1241E71DD91CA53901724CA0","ok","42074112"
"rapidjson-1.9.5","2b410117c0e9e67da52afea5845610d05ad3f825","Avocado-glb","Avocado","glb","export","60","1060","2","47230.8","8110040","8110104","1","DC2AB7E28D10AB39C1BB0E8F8408461872DAE99A1241E71DD91CA53901724CA0","ok","42074112"
"rapidjson-1.9.5","2b410117c0e9e67da52afea5845610d05ad3f825","Avocado-gltf","Avocado","gltf","roundtrip","61","1061","1","22057.3","8110895","8109906","5","C72227178574600C360CE50E5B5965D8A785D0BC17589F19D16D2E1502BC4836","ok","42033152"
"rapidjson-1.9.5","2b410117c0e9e67da52afea5845610d05ad3f825","Avocado-gltf","Avocado","gltf","export","61","1061","1","6727.2","8110895","8109906","5","C72227178574600C360CE50E5B5965D8A785D0BC17589F19D16D2E1502BC4836","ok","42033152"
"rapidjson-1.9.5","2b410117c0e9e67da52afea5845610d05ad3f825","Avocado-glb","Avocado","glb","export","61","1061","1","103847","8110040","8110104","1","DC2AB7E28D10AB39C1BB0E8F8408461872DAE99A1241E71DD91CA53901724CA0","ok","42033152"
"rapidjson-1.9.5","2b410117c0e9e67da52afea5845610d05ad3f825","Box-gltf","Box","gltf","export","61","1061","1","832.5","3546","1618","2","9BA5254B1E66D656D6CD07CC10D829597E5151E98F7DBCAA59A6C5807532388D","ok","42033152"
"rapidjson-1.9.5","2b410117c0e9e67da52afea5845610d05ad3f825","Box-glb","Box","glb","roundtrip","61","1061","1","3195.6","1664","1632","1","80503A0DF23E35679EEF3E3ED6E527B6EEA00D8265BC7D2AAF4CEC4A36CF8D1B","ok","42033152"
"rapidjson-1.9.5","2b410117c0e9e67da52afea5845610d05ad3f825","Avocado-glb","Avocado","glb","load","61","1061","1","19556.7","8110040","0","0","","ok","42033152"
"rapidjson-1.9.5","2b410117c0e9e67da52afea5845610d05ad3f825","Box-glb","Box","glb","load","61","1061","1","2766.4","1664","0","0","","ok","42033152"
"rapidjson-1.9.5","2b410117c0e9e67da52afea5845610d05ad3f825","Avocado-gltf","Avocado","gltf","load","61","1061","1","15299.3","8110895","0","0","","ok","42033152"
"rapidjson-1.9.5","2b410117c0e9e67da52afea5845610d05ad3f825","Box-glb","Box","glb","export","61","1061","1","454","1664","1632","1","80503A0DF23E35679EEF3E3ED6E527B6EEA00D8265BC7D2AAF4CEC4A36CF8D1B","ok","42033152"
"rapidjson-1.9.5","2b410117c0e9e67da52afea5845610d05ad3f825","Avocado-glb","Avocado","glb","roundtrip","61","1061","1","68759.1","8110040","8110104","1","DC2AB7E28D10AB39C1BB0E8F8408461872DAE99A1241E71DD91CA53901724CA0","ok","42033152"
"rapidjson-1.9.5","2b410117c0e9e67da52afea5845610d05ad3f825","Box-gltf","Box","gltf","load","61","1061","1","3034.3","3546","0","0","","ok","42033152"
"rapidjson-1.9.5","2b410117c0e9e67da52afea5845610d05ad3f825","Box-gltf","Box","gltf","roundtrip","61","1061","1","3357.5","3546","1618","2","9BA5254B1E66D656D6CD07CC10D829597E5151E98F7DBCAA59A6C5807532388D","ok","42033152"
"rapidjson-1.9.5","2b410117c0e9e67da52afea5845610d05ad3f825","Avocado-glb","Avocado","glb","export","62","1062","2","47305.1","8110040","8110104","1","DC2AB7E28D10AB39C1BB0E8F8408461872DAE99A1241E71DD91CA53901724CA0","ok","42110976"
"rapidjson-1.9.5","2b410117c0e9e67da52afea5845610d05ad3f825","Avocado-gltf","Avocado","gltf","roundtrip","62","1062","2","22797.5","8110895","8109906","5","C72227178574600C360CE50E5B5965D8A785D0BC17589F19D16D2E1502BC4836","ok","42110976"
"rapidjson-1.9.5","2b410117c0e9e67da52afea5845610d05ad3f825","Box-glb","Box","glb","load","62","1062","2","5142.9","1664","0","0","","ok","42110976"
"rapidjson-1.9.5","2b410117c0e9e67da52afea5845610d05ad3f825","Avocado-gltf","Avocado","gltf","load","62","1062","2","21280.4","8110895","0","0","","ok","42110976"
"rapidjson-1.9.5","2b410117c0e9e67da52afea5845610d05ad3f825","Box-gltf","Box","gltf","roundtrip","62","1062","2","55619.8","3546","1618","2","9BA5254B1E66D656D6CD07CC10D829597E5151E98F7DBCAA59A6C5807532388D","ok","42110976"
"rapidjson-1.9.5","2b410117c0e9e67da52afea5845610d05ad3f825","Box-gltf","Box","gltf","export","62","1062","2","873.4","3546","1618","2","9BA5254B1E66D656D6CD07CC10D829597E5151E98F7DBCAA59A6C5807532388D","ok","42110976"
"rapidjson-1.9.5","2b410117c0e9e67da52afea5845610d05ad3f825","Box-gltf","Box","gltf","load","62","1062","2","3741.2","3546","0","0","","ok","42110976"
"rapidjson-1.9.5","2b410117c0e9e67da52afea5845610d05ad3f825","Avocado-glb","Avocado","glb","roundtrip","62","1062","2","129251","8110040","8110104","1","DC2AB7E28D10AB39C1BB0E8F8408461872DAE99A1241E71DD91CA53901724CA0","ok","42110976"
"rapidjson-1.9.5","2b410117c0e9e67da52afea5845610d05ad3f825","Avocado-gltf","Avocado","gltf","export","62","1062","2","4623.4","8110895","8109906","5","C72227178574600C360CE50E5B5965D8A785D0BC17589F19D16D2E1502BC4836","ok","42110976"
"rapidjson-1.9.5","2b410117c0e9e67da52afea5845610d05ad3f825","Avocado-glb","Avocado","glb","load","62","1062","2","19968.2","8110040","0","0","","ok","42110976"
"rapidjson-1.9.5","2b410117c0e9e67da52afea5845610d05ad3f825","Box-glb","Box","glb","export","62","1062","2","548.5","1664","1632","1","80503A0DF23E35679EEF3E3ED6E527B6EEA00D8265BC7D2AAF4CEC4A36CF8D1B","ok","42110976"
"rapidjson-1.9.5","2b410117c0e9e67da52afea5845610d05ad3f825","Box-glb","Box","glb","roundtrip","62","1062","2","3161.4","1664","1632","1","80503A0DF23E35679EEF3E3ED6E527B6EEA00D8265BC7D2AAF4CEC4A36CF8D1B","ok","42110976"
"rapidjson-1.9.5","2b410117c0e9e67da52afea5845610d05ad3f825","Box-gltf","Box","gltf","load","63","1063","1","3773.7","3546","0","0","","ok","42082304"
"rapidjson-1.9.5","2b410117c0e9e67da52afea5845610d05ad3f825","Avocado-gltf","Avocado","gltf","roundtrip","63","1063","1","20685.6","8110895","8109906","5","C72227178574600C360CE50E5B5965D8A785D0BC17589F19D16D2E1502BC4836","ok","42082304"
"rapidjson-1.9.5","2b410117c0e9e67da52afea5845610d05ad3f825","Avocado-gltf","Avocado","gltf","load","63","1063","1","17845.6","8110895","0","0","","ok","42082304"
"rapidjson-1.9.5","2b410117c0e9e67da52afea5845610d05ad3f825","Avocado-glb","Avocado","glb","export","63","1063","1","135739.8","8110040","8110104","1","DC2AB7E28D10AB39C1BB0E8F8408461872DAE99A1241E71DD91CA53901724CA0","ok","42082304"
"rapidjson-1.9.5","2b410117c0e9e67da52afea5845610d05ad3f825","Box-glb","Box","glb","roundtrip","63","1063","1","3222.8","1664","1632","1","80503A0DF23E35679EEF3E3ED6E527B6EEA00D8265BC7D2AAF4CEC4A36CF8D1B","ok","42082304"
"rapidjson-1.9.5","2b410117c0e9e67da52afea5845610d05ad3f825","Box-gltf","Box","gltf","export","63","1063","1","622.1","3546","1618","2","9BA5254B1E66D656D6CD07CC10D829597E5151E98F7DBCAA59A6C5807532388D","ok","42082304"
"rapidjson-1.9.5","2b410117c0e9e67da52afea5845610d05ad3f825","Box-gltf","Box","gltf","roundtrip","63","1063","1","3873.5","3546","1618","2","9BA5254B1E66D656D6CD07CC10D829597E5151E98F7DBCAA59A6C5807532388D","ok","42082304"
"rapidjson-1.9.5","2b410117c0e9e67da52afea5845610d05ad3f825","Avocado-glb","Avocado","glb","roundtrip","63","1063","1","69174.8","8110040","8110104","1","DC2AB7E28D10AB39C1BB0E8F8408461872DAE99A1241E71DD91CA53901724CA0","ok","42082304"
"rapidjson-1.9.5","2b410117c0e9e67da52afea5845610d05ad3f825","Avocado-gltf","Avocado","gltf","export","63","1063","1","5519.6","8110895","8109906","5","C72227178574600C360CE50E5B5965D8A785D0BC17589F19D16D2E1502BC4836","ok","42082304"
"rapidjson-1.9.5","2b410117c0e9e67da52afea5845610d05ad3f825","Avocado-glb","Avocado","glb","load","63","1063","1","19696.2","8110040","0","0","","ok","42082304"
"rapidjson-1.9.5","2b410117c0e9e67da52afea5845610d05ad3f825","Box-glb","Box","glb","export","63","1063","1","507.2","1664","1632","1","80503A0DF23E35679EEF3E3ED6E527B6EEA00D8265BC7D2AAF4CEC4A36CF8D1B","ok","42082304"
"rapidjson-1.9.5","2b410117c0e9e67da52afea5845610d05ad3f825","Box-glb","Box","glb","load","63","1063","1","2723.5","1664","0","0","","ok","42082304"
"rapidjson-1.9.5","2b410117c0e9e67da52afea5845610d05ad3f825","Avocado-glb","Avocado","glb","export","64","1064","2","47715","8110040","8110104","1","DC2AB7E28D10AB39C1BB0E8F8408461872DAE99A1241E71DD91CA53901724CA0","ok","42106880"
"rapidjson-1.9.5","2b410117c0e9e67da52afea5845610d05ad3f825","Box-gltf","Box","gltf","roundtrip","64","1064","2","4241.3","3546","1618","2","9BA5254B1E66D656D6CD07CC10D829597E5151E98F7DBCAA59A6C5807532388D","ok","42106880"
"rapidjson-1.9.5","2b410117c0e9e67da52afea5845610d05ad3f825","Avocado-gltf","Avocado","gltf","load","64","1064","2","18294.3","8110895","0","0","","ok","42106880"
"rapidjson-1.9.5","2b410117c0e9e67da52afea5845610d05ad3f825","Box-gltf","Box","gltf","export","64","1064","2","857.3","3546","1618","2","9BA5254B1E66D656D6CD07CC10D829597E5151E98F7DBCAA59A6C5807532388D","ok","42106880"
"rapidjson-1.9.5","2b410117c0e9e67da52afea5845610d05ad3f825","Box-gltf","Box","gltf","load","64","1064","2","4063.9","3546","0","0","","ok","42106880"
"rapidjson-1.9.5","2b410117c0e9e67da52afea5845610d05ad3f825","Box-glb","Box","glb","load","64","1064","2","3792.2","1664","0","0","","ok","42106880"
"rapidjson-1.9.5","2b410117c0e9e67da52afea5845610d05ad3f825","Avocado-glb","Avocado","glb","load","64","1064","2","26514.9","8110040","0","0","","ok","42106880"
"rapidjson-1.9.5","2b410117c0e9e67da52afea5845610d05ad3f825","Avocado-gltf","Avocado","gltf","export","64","1064","2","60690.5","8110895","8109906","5","C72227178574600C360CE50E5B5965D8A785D0BC17589F19D16D2E1502BC4836","ok","42106880"
"rapidjson-1.9.5","2b410117c0e9e67da52afea5845610d05ad3f825","Box-glb","Box","glb","export","64","1064","2","562.9","1664","1632","1","80503A0DF23E35679EEF3E3ED6E527B6EEA00D8265BC7D2AAF4CEC4A36CF8D1B","ok","42106880"
"rapidjson-1.9.5","2b410117c0e9e67da52afea5845610d05ad3f825","Avocado-glb","Avocado","glb","roundtrip","64","1064","2","121223.2","8110040","8110104","1","DC2AB7E28D10AB39C1BB0E8F8408461872DAE99A1241E71DD91CA53901724CA0","ok","42106880"
"rapidjson-1.9.5","2b410117c0e9e67da52afea5845610d05ad3f825","Box-glb","Box","glb","roundtrip","64","1064","2","3494.7","1664","1632","1","80503A0DF23E35679EEF3E3ED6E527B6EEA00D8265BC7D2AAF4CEC4A36CF8D1B","ok","42106880"
"rapidjson-1.9.5","2b410117c0e9e67da52afea5845610d05ad3f825","Avocado-gltf","Avocado","gltf","roundtrip","64","1064","2","19643.8","8110895","8109906","5","C72227178574600C360CE50E5B5965D8A785D0BC17589F19D16D2E1502BC4836","ok","42106880"
"rapidjson-1.9.5","2b410117c0e9e67da52afea5845610d05ad3f825","Box-gltf","Box","gltf","export","65","1065","1","693.5","3546","1618","2","9BA5254B1E66D656D6CD07CC10D829597E5151E98F7DBCAA59A6C5807532388D","ok","42106880"
"rapidjson-1.9.5","2b410117c0e9e67da52afea5845610d05ad3f825","Avocado-glb","Avocado","glb","export","65","1065","1","46687.8","8110040","8110104","1","DC2AB7E28D10AB39C1BB0E8F8408461872DAE99A1241E71DD91CA53901724CA0","ok","42106880"
"rapidjson-1.9.5","2b410117c0e9e67da52afea5845610d05ad3f825","Box-gltf","Box","gltf","roundtrip","65","1065","1","4325.7","3546","1618","2","9BA5254B1E66D656D6CD07CC10D829597E5151E98F7DBCAA59A6C5807532388D","ok","42106880"
"rapidjson-1.9.5","2b410117c0e9e67da52afea5845610d05ad3f825","Avocado-gltf","Avocado","gltf","load","65","1065","1","16124.8","8110895","0","0","","ok","42106880"
"rapidjson-1.9.5","2b410117c0e9e67da52afea5845610d05ad3f825","Avocado-glb","Avocado","glb","roundtrip","65","1065","1","156059.4","8110040","8110104","1","DC2AB7E28D10AB39C1BB0E8F8408461872DAE99A1241E71DD91CA53901724CA0","ok","42106880"
"rapidjson-1.9.5","2b410117c0e9e67da52afea5845610d05ad3f825","Avocado-gltf","Avocado","gltf","roundtrip","65","1065","1","73770.9","8110895","8109906","5","C72227178574600C360CE50E5B5965D8A785D0BC17589F19D16D2E1502BC4836","ok","42106880"
"rapidjson-1.9.5","2b410117c0e9e67da52afea5845610d05ad3f825","Avocado-glb","Avocado","glb","load","65","1065","1","19739.3","8110040","0","0","","ok","42106880"
"rapidjson-1.9.5","2b410117c0e9e67da52afea5845610d05ad3f825","Box-glb","Box","glb","export","65","1065","1","538","1664","1632","1","80503A0DF23E35679EEF3E3ED6E527B6EEA00D8265BC7D2AAF4CEC4A36CF8D1B","ok","42106880"
"rapidjson-1.9.5","2b410117c0e9e67da52afea5845610d05ad3f825","Box-gltf","Box","gltf","load","65","1065","1","2764.2","3546","0","0","","ok","42106880"
"rapidjson-1.9.5","2b410117c0e9e67da52afea5845610d05ad3f825","Avocado-gltf","Avocado","gltf","export","65","1065","1","4451.4","8110895","8109906","5","C72227178574600C360CE50E5B5965D8A785D0BC17589F19D16D2E1502BC4836","ok","42106880"
"rapidjson-1.9.5","2b410117c0e9e67da52afea5845610d05ad3f825","Box-glb","Box","glb","roundtrip","65","1065","1","3405.9","1664","1632","1","80503A0DF23E35679EEF3E3ED6E527B6EEA00D8265BC7D2AAF4CEC4A36CF8D1B","ok","42106880"
"rapidjson-1.9.5","2b410117c0e9e67da52afea5845610d05ad3f825","Box-glb","Box","glb","load","65","1065","1","3119.1","1664","0","0","","ok","42106880"
"rapidjson-1.9.5","2b410117c0e9e67da52afea5845610d05ad3f825","Box-gltf","Box","gltf","roundtrip","66","1066","2","4392.4","3546","1618","2","9BA5254B1E66D656D6CD07CC10D829597E5151E98F7DBCAA59A6C5807532388D","ok","42033152"
"rapidjson-1.9.5","2b410117c0e9e67da52afea5845610d05ad3f825","Avocado-gltf","Avocado","gltf","roundtrip","66","1066","2","21404.8","8110895","8109906","5","C72227178574600C360CE50E5B5965D8A785D0BC17589F19D16D2E1502BC4836","ok","42033152"
"rapidjson-1.9.5","2b410117c0e9e67da52afea5845610d05ad3f825","Avocado-glb","Avocado","glb","roundtrip","66","1066","2","141167.4","8110040","8110104","1","DC2AB7E28D10AB39C1BB0E8F8408461872DAE99A1241E71DD91CA53901724CA0","ok","42033152"
"rapidjson-1.9.5","2b410117c0e9e67da52afea5845610d05ad3f825","Avocado-gltf","Avocado","gltf","export","66","1066","2","5061","8110895","8109906","5","C72227178574600C360CE50E5B5965D8A785D0BC17589F19D16D2E1502BC4836","ok","42033152"
"rapidjson-1.9.5","2b410117c0e9e67da52afea5845610d05ad3f825","Avocado-gltf","Avocado","gltf","load","66","1066","2","16169.8","8110895","0","0","","ok","42033152"
"rapidjson-1.9.5","2b410117c0e9e67da52afea5845610d05ad3f825","Box-glb","Box","glb","roundtrip","66","1066","2","3540","1664","1632","1","80503A0DF23E35679EEF3E3ED6E527B6EEA00D8265BC7D2AAF4CEC4A36CF8D1B","ok","42033152"
"rapidjson-1.9.5","2b410117c0e9e67da52afea5845610d05ad3f825","Box-gltf","Box","gltf","export","66","1066","2","705.7","3546","1618","2","9BA5254B1E66D656D6CD07CC10D829597E5151E98F7DBCAA59A6C5807532388D","ok","42033152"
"rapidjson-1.9.5","2b410117c0e9e67da52afea5845610d05ad3f825","Box-glb","Box","glb","load","66","1066","2","2555.6","1664","0","0","","ok","42033152"
"rapidjson-1.9.5","2b410117c0e9e67da52afea5845610d05ad3f825","Box-glb","Box","glb","export","66","1066","2","414.5","1664","1632","1","80503A0DF23E35679EEF3E3ED6E527B6EEA00D8265BC7D2AAF4CEC4A36CF8D1B","ok","42033152"
"rapidjson-1.9.5","2b410117c0e9e67da52afea5845610d05ad3f825","Avocado-glb","Avocado","glb","export","66","1066","2","50547.1","8110040","8110104","1","DC2AB7E28D10AB39C1BB0E8F8408461872DAE99A1241E71DD91CA53901724CA0","ok","42033152"
"rapidjson-1.9.5","2b410117c0e9e67da52afea5845610d05ad3f825","Avocado-glb","Avocado","glb","load","66","1066","2","19941.3","8110040","0","0","","ok","42033152"
"rapidjson-1.9.5","2b410117c0e9e67da52afea5845610d05ad3f825","Box-gltf","Box","gltf","load","66","1066","2","3233.8","3546","0","0","","ok","42033152"
"rapidjson-1.9.5","2b410117c0e9e67da52afea5845610d05ad3f825","Box-glb","Box","glb","roundtrip","67","1067","1","3945.3","1664","1632","1","80503A0DF23E35679EEF3E3ED6E527B6EEA00D8265BC7D2AAF4CEC4A36CF8D1B","ok","42098688"
"rapidjson-1.9.5","2b410117c0e9e67da52afea5845610d05ad3f825","Avocado-glb","Avocado","glb","load","67","1067","1","21880.2","8110040","0","0","","ok","42098688"
"rapidjson-1.9.5","2b410117c0e9e67da52afea5845610d05ad3f825","Box-gltf","Box","gltf","roundtrip","67","1067","1","4153.6","3546","1618","2","9BA5254B1E66D656D6CD07CC10D829597E5151E98F7DBCAA59A6C5807532388D","ok","42098688"
"rapidjson-1.9.5","2b410117c0e9e67da52afea5845610d05ad3f825","Box-glb","Box","glb","load","67","1067","1","2781.7","1664","0","0","","ok","42098688"
"rapidjson-1.9.5","2b410117c0e9e67da52afea5845610d05ad3f825","Avocado-glb","Avocado","glb","roundtrip","67","1067","1","69733.4","8110040","8110104","1","DC2AB7E28D10AB39C1BB0E8F8408461872DAE99A1241E71DD91CA53901724CA0","ok","42098688"
"rapidjson-1.9.5","2b410117c0e9e67da52afea5845610d05ad3f825","Avocado-gltf","Avocado","gltf","roundtrip","67","1067","1","27651.4","8110895","8109906","5","C72227178574600C360CE50E5B5965D8A785D0BC17589F19D16D2E1502BC4836","ok","42098688"
"rapidjson-1.9.5","2b410117c0e9e67da52afea5845610d05ad3f825","Avocado-gltf","Avocado","gltf","export","67","1067","1","57946.4","8110895","8109906","5","C72227178574600C360CE50E5B5965D8A785D0BC17589F19D16D2E1502BC4836","ok","42098688"
"rapidjson-1.9.5","2b410117c0e9e67da52afea5845610d05ad3f825","Avocado-glb","Avocado","glb","export","67","1067","1","103854.1","8110040","8110104","1","DC2AB7E28D10AB39C1BB0E8F8408461872DAE99A1241E71DD91CA53901724CA0","ok","42098688"
"rapidjson-1.9.5","2b410117c0e9e67da52afea5845610d05ad3f825","Box-gltf","Box","gltf","load","67","1067","1","3089.6","3546","0","0","","ok","42098688"
"rapidjson-1.9.5","2b410117c0e9e67da52afea5845610d05ad3f825","Box-gltf","Box","gltf","export","67","1067","1","848.1","3546","1618","2","9BA5254B1E66D656D6CD07CC10D829597E5151E98F7DBCAA59A6C5807532388D","ok","42098688"
"rapidjson-1.9.5","2b410117c0e9e67da52afea5845610d05ad3f825","Box-glb","Box","glb","export","67","1067","1","484.3","1664","1632","1","80503A0DF23E35679EEF3E3ED6E527B6EEA00D8265BC7D2AAF4CEC4A36CF8D1B","ok","42098688"
"rapidjson-1.9.5","2b410117c0e9e67da52afea5845610d05ad3f825","Avocado-gltf","Avocado","gltf","load","67","1067","1","15626.9","8110895","0","0","","ok","42098688"
"rapidjson-1.9.5","2b410117c0e9e67da52afea5845610d05ad3f825","Avocado-gltf","Avocado","gltf","roundtrip","68","1068","2","20569.5","8110895","8109906","5","C72227178574600C360CE50E5B5965D8A785D0BC17589F19D16D2E1502BC4836","ok","42094592"
"rapidjson-1.9.5","2b410117c0e9e67da52afea5845610d05ad3f825","Box-glb","Box","glb","roundtrip","68","1068","2","4004.2","1664","1632","1","80503A0DF23E35679EEF3E3ED6E527B6EEA00D8265BC7D2AAF4CEC4A36CF8D1B","ok","42094592"
"rapidjson-1.9.5","2b410117c0e9e67da52afea5845610d05ad3f825","Box-glb","Box","glb","export","68","1068","2","714.1","1664","1632","1","80503A0DF23E35679EEF3E3ED6E527B6EEA00D8265BC7D2AAF4CEC4A36CF8D1B","ok","42094592"
"rapidjson-1.9.5","2b410117c0e9e67da52afea5845610d05ad3f825","Avocado-glb","Avocado","glb","export","68","1068","2","52783.3","8110040","8110104","1","DC2AB7E28D10AB39C1BB0E8F8408461872DAE99A1241E71DD91CA53901724CA0","ok","42094592"
"rapidjson-1.9.5","2b410117c0e9e67da52afea5845610d05ad3f825","Box-gltf","Box","gltf","load","68","1068","2","3034.9","3546","0","0","","ok","42094592"
"rapidjson-1.9.5","2b410117c0e9e67da52afea5845610d05ad3f825","Avocado-gltf","Avocado","gltf","load","68","1068","2","15107.4","8110895","0","0","","ok","42094592"
"rapidjson-1.9.5","2b410117c0e9e67da52afea5845610d05ad3f825","Avocado-glb","Avocado","glb","roundtrip","68","1068","2","66034","8110040","8110104","1","DC2AB7E28D10AB39C1BB0E8F8408461872DAE99A1241E71DD91CA53901724CA0","ok","42094592"
"rapidjson-1.9.5","2b410117c0e9e67da52afea5845610d05ad3f825","Box-gltf","Box","gltf","roundtrip","68","1068","2","3752.1","3546","1618","2","9BA5254B1E66D656D6CD07CC10D829597E5151E98F7DBCAA59A6C5807532388D","ok","42094592"
"rapidjson-1.9.5","2b410117c0e9e67da52afea5845610d05ad3f825","Avocado-glb","Avocado","glb","load","68","1068","2","19709.4","8110040","0","0","","ok","42094592"
"rapidjson-1.9.5","2b410117c0e9e67da52afea5845610d05ad3f825","Box-gltf","Box","gltf","export","68","1068","2","766.9","3546","1618","2","9BA5254B1E66D656D6CD07CC10D829597E5151E98F7DBCAA59A6C5807532388D","ok","42094592"
"rapidjson-1.9.5","2b410117c0e9e67da52afea5845610d05ad3f825","Avocado-gltf","Avocado","gltf","export","68","1068","2","4651","8110895","8109906","5","C72227178574600C360CE50E5B5965D8A785D0BC17589F19D16D2E1502BC4836","ok","42094592"
"rapidjson-1.9.5","2b410117c0e9e67da52afea5845610d05ad3f825","Box-glb","Box","glb","load","68","1068","2","2721.9","1664","0","0","","ok","42094592"
"rapidjson-1.9.5","2b410117c0e9e67da52afea5845610d05ad3f825","Avocado-gltf","Avocado","gltf","export","69","1069","1","4703.8","8110895","8109906","5","C72227178574600C360CE50E5B5965D8A785D0BC17589F19D16D2E1502BC4836","ok","42037248"
"rapidjson-1.9.5","2b410117c0e9e67da52afea5845610d05ad3f825","Box-glb","Box","glb","load","69","1069","1","3586.1","1664","0","0","","ok","42037248"
"rapidjson-1.9.5","2b410117c0e9e67da52afea5845610d05ad3f825","Avocado-gltf","Avocado","gltf","load","69","1069","1","18741.1","8110895","0","0","","ok","42037248"
"rapidjson-1.9.5","2b410117c0e9e67da52afea5845610d05ad3f825","Avocado-gltf","Avocado","gltf","roundtrip","69","1069","1","72798.4","8110895","8109906","5","C72227178574600C360CE50E5B5965D8A785D0BC17589F19D16D2E1502BC4836","ok","42037248"
"rapidjson-1.9.5","2b410117c0e9e67da52afea5845610d05ad3f825","Avocado-glb","Avocado","glb","load","69","1069","1","27554.8","8110040","0","0","","ok","42037248"
"rapidjson-1.9.5","2b410117c0e9e67da52afea5845610d05ad3f825","Box-gltf","Box","gltf","load","69","1069","1","58706.2","3546","0","0","","ok","42037248"
"rapidjson-1.9.5","2b410117c0e9e67da52afea5845610d05ad3f825","Avocado-glb","Avocado","glb","roundtrip","69","1069","1","67394.4","8110040","8110104","1","DC2AB7E28D10AB39C1BB0E8F8408461872DAE99A1241E71DD91CA53901724CA0","ok","42037248"
"rapidjson-1.9.5","2b410117c0e9e67da52afea5845610d05ad3f825","Avocado-glb","Avocado","glb","export","69","1069","1","46345.9","8110040","8110104","1","DC2AB7E28D10AB39C1BB0E8F8408461872DAE99A1241E71DD91CA53901724CA0","ok","42037248"
"rapidjson-1.9.5","2b410117c0e9e67da52afea5845610d05ad3f825","Box-glb","Box","glb","export","69","1069","1","545.1","1664","1632","1","80503A0DF23E35679EEF3E3ED6E527B6EEA00D8265BC7D2AAF4CEC4A36CF8D1B","ok","42037248"
"rapidjson-1.9.5","2b410117c0e9e67da52afea5845610d05ad3f825","Box-glb","Box","glb","roundtrip","69","1069","1","3227.6","1664","1632","1","80503A0DF23E35679EEF3E3ED6E527B6EEA00D8265BC7D2AAF4CEC4A36CF8D1B","ok","42037248"
"rapidjson-1.9.5","2b410117c0e9e67da52afea5845610d05ad3f825","Box-gltf","Box","gltf","roundtrip","69","1069","1","3521.8","3546","1618","2","9BA5254B1E66D656D6CD07CC10D829597E5151E98F7DBCAA59A6C5807532388D","ok","42037248"
"rapidjson-1.9.5","2b410117c0e9e67da52afea5845610d05ad3f825","Box-gltf","Box","gltf","export","69","1069","1","680.1","3546","1618","2","9BA5254B1E66D656D6CD07CC10D829597E5151E98F7DBCAA59A6C5807532388D","ok","42037248"
"rapidjson-1.9.5","2b410117c0e9e67da52afea5845610d05ad3f825","Avocado-glb","Avocado","glb","load","70","1070","2","19882.9","8110040","0","0","","ok","42074112"
"rapidjson-1.9.5","2b410117c0e9e67da52afea5845610d05ad3f825","Box-glb","Box","glb","load","70","1070","2","3044.9","1664","0","0","","ok","42074112"
"rapidjson-1.9.5","2b410117c0e9e67da52afea5845610d05ad3f825","Avocado-glb","Avocado","glb","roundtrip","70","1070","2","65923.2","8110040","8110104","1","DC2AB7E28D10AB39C1BB0E8F8408461872DAE99A1241E71DD91CA53901724CA0","ok","42074112"
"rapidjson-1.9.5","2b410117c0e9e67da52afea5845610d05ad3f825","Avocado-gltf","Avocado","gltf","roundtrip","70","1070","2","20501.5","8110895","8109906","5","C72227178574600C360CE50E5B5965D8A785D0BC17589F19D16D2E1502BC4836","ok","42074112"
"rapidjson-1.9.5","2b410117c0e9e67da52afea5845610d05ad3f825","Avocado-gltf","Avocado","gltf","export","70","1070","2","6691.7","8110895","8109906","5","C72227178574600C360CE50E5B5965D8A785D0BC17589F19D16D2E1502BC4836","ok","42074112"
"rapidjson-1.9.5","2b410117c0e9e67da52afea5845610d05ad3f825","Box-gltf","Box","gltf","export","70","1070","2","1170.3","3546","1618","2","9BA5254B1E66D656D6CD07CC10D829597E5151E98F7DBCAA59A6C5807532388D","ok","42074112"
"rapidjson-1.9.5","2b410117c0e9e67da52afea5845610d05ad3f825","Avocado-gltf","Avocado","gltf","load","70","1070","2","18342.8","8110895","0","0","","ok","42074112"
"rapidjson-1.9.5","2b410117c0e9e67da52afea5845610d05ad3f825","Avocado-glb","Avocado","glb","export","70","1070","2","45927.1","8110040","8110104","1","DC2AB7E28D10AB39C1BB0E8F8408461872DAE99A1241E71DD91CA53901724CA0","ok","42074112"
"rapidjson-1.9.5","2b410117c0e9e67da52afea5845610d05ad3f825","Box-gltf","Box","gltf","roundtrip","70","1070","2","3806.4","3546","1618","2","9BA5254B1E66D656D6CD07CC10D829597E5151E98F7DBCAA59A6C5807532388D","ok","42074112"
"rapidjson-1.9.5","2b410117c0e9e67da52afea5845610d05ad3f825","Box-gltf","Box","gltf","load","70","1070","2","2886.5","3546","0","0","","ok","42074112"
"rapidjson-1.9.5","2b410117c0e9e67da52afea5845610d05ad3f825","Box-glb","Box","glb","export","70","1070","2","467.3","1664","1632","1","80503A0DF23E35679EEF3E3ED6E527B6EEA00D8265BC7D2AAF4CEC4A36CF8D1B","ok","42074112"
"rapidjson-1.9.5","2b410117c0e9e67da52afea5845610d05ad3f825","Box-glb","Box","glb","roundtrip","70","1070","2","3119.4","1664","1632","1","80503A0DF23E35679EEF3E3ED6E527B6EEA00D8265BC7D2AAF4CEC4A36CF8D1B","ok","42074112"
"rapidjson-1.9.5","2b410117c0e9e67da52afea5845610d05ad3f825","Box-glb","Box","glb","load","71","1071","1","3382.1","1664","0","0","","ok","42012672"
"rapidjson-1.9.5","2b410117c0e9e67da52afea5845610d05ad3f825","Avocado-glb","Avocado","glb","export","71","1071","1","46437.4","8110040","8110104","1","DC2AB7E28D10AB39C1BB0E8F8408461872DAE99A1241E71DD91CA53901724CA0","ok","42012672"
"rapidjson-1.9.5","2b410117c0e9e67da52afea5845610d05ad3f825","Avocado-gltf","Avocado","gltf","export","71","1071","1","4836","8110895","8109906","5","C72227178574600C360CE50E5B5965D8A785D0BC17589F19D16D2E1502BC4836","ok","42012672"
"rapidjson-1.9.5","2b410117c0e9e67da52afea5845610d05ad3f825","Avocado-glb","Avocado","glb","roundtrip","71","1071","1","145073.4","8110040","8110104","1","DC2AB7E28D10AB39C1BB0E8F8408461872DAE99A1241E71DD91CA53901724CA0","ok","42012672"
"rapidjson-1.9.5","2b410117c0e9e67da52afea5845610d05ad3f825","Avocado-gltf","Avocado","gltf","roundtrip","71","1071","1","20017.9","8110895","8109906","5","C72227178574600C360CE50E5B5965D8A785D0BC17589F19D16D2E1502BC4836","ok","42012672"
"rapidjson-1.9.5","2b410117c0e9e67da52afea5845610d05ad3f825","Box-glb","Box","glb","export","71","1071","1","490.3","1664","1632","1","80503A0DF23E35679EEF3E3ED6E527B6EEA00D8265BC7D2AAF4CEC4A36CF8D1B","ok","42012672"
"rapidjson-1.9.5","2b410117c0e9e67da52afea5845610d05ad3f825","Box-glb","Box","glb","roundtrip","71","1071","1","3202.4","1664","1632","1","80503A0DF23E35679EEF3E3ED6E527B6EEA00D8265BC7D2AAF4CEC4A36CF8D1B","ok","42012672"
"rapidjson-1.9.5","2b410117c0e9e67da52afea5845610d05ad3f825","Box-gltf","Box","gltf","load","71","1071","1","2907.4","3546","0","0","","ok","42012672"
"rapidjson-1.9.5","2b410117c0e9e67da52afea5845610d05ad3f825","Box-gltf","Box","gltf","export","71","1071","1","789.8","3546","1618","2","9BA5254B1E66D656D6CD07CC10D829597E5151E98F7DBCAA59A6C5807532388D","ok","42012672"
"rapidjson-1.9.5","2b410117c0e9e67da52afea5845610d05ad3f825","Avocado-glb","Avocado","glb","load","71","1071","1","19705.7","8110040","0","0","","ok","42012672"
"rapidjson-1.9.5","2b410117c0e9e67da52afea5845610d05ad3f825","Avocado-gltf","Avocado","gltf","load","71","1071","1","15104.5","8110895","0","0","","ok","42012672"
"rapidjson-1.9.5","2b410117c0e9e67da52afea5845610d05ad3f825","Box-gltf","Box","gltf","roundtrip","71","1071","1","3690.7","3546","1618","2","9BA5254B1E66D656D6CD07CC10D829597E5151E98F7DBCAA59A6C5807532388D","ok","42012672"
"rapidjson-1.9.5","2b410117c0e9e67da52afea5845610d05ad3f825","Avocado-gltf","Avocado","gltf","export","72","1072","2","6070.6","8110895","8109906","5","C72227178574600C360CE50E5B5965D8A785D0BC17589F19D16D2E1502BC4836","ok","42094592"
"rapidjson-1.9.5","2b410117c0e9e67da52afea5845610d05ad3f825","Box-gltf","Box","gltf","load","72","1072","2","5450.5","3546","0","0","","ok","42094592"
"rapidjson-1.9.5","2b410117c0e9e67da52afea5845610d05ad3f825","Box-glb","Box","glb","roundtrip","72","1072","2","4369.5","1664","1632","1","80503A0DF23E35679EEF3E3ED6E527B6EEA00D8265BC7D2AAF4CEC4A36CF8D1B","ok","42094592"
"rapidjson-1.9.5","2b410117c0e9e67da52afea5845610d05ad3f825","Box-glb","Box","glb","load","72","1072","2","5341.4","1664","0","0","","ok","42094592"
"rapidjson-1.9.5","2b410117c0e9e67da52afea5845610d05ad3f825","Box-glb","Box","glb","export","72","1072","2","750.8","1664","1632","1","80503A0DF23E35679EEF3E3ED6E527B6EEA00D8265BC7D2AAF4CEC4A36CF8D1B","ok","42094592"
"rapidjson-1.9.5","2b410117c0e9e67da52afea5845610d05ad3f825","Box-gltf","Box","gltf","roundtrip","72","1072","2","59609.6","3546","1618","2","9BA5254B1E66D656D6CD07CC10D829597E5151E98F7DBCAA59A6C5807532388D","ok","42094592"
"rapidjson-1.9.5","2b410117c0e9e67da52afea5845610d05ad3f825","Avocado-glb","Avocado","glb","roundtrip","72","1072","2","135252.5","8110040","8110104","1","DC2AB7E28D10AB39C1BB0E8F8408461872DAE99A1241E71DD91CA53901724CA0","ok","42094592"
"rapidjson-1.9.5","2b410117c0e9e67da52afea5845610d05ad3f825","Avocado-glb","Avocado","glb","export","72","1072","2","48039.9","8110040","8110104","1","DC2AB7E28D10AB39C1BB0E8F8408461872DAE99A1241E71DD91CA53901724CA0","ok","42094592"
"rapidjson-1.9.5","2b410117c0e9e67da52afea5845610d05ad3f825","Avocado-glb","Avocado","glb","load","72","1072","2","19644.4","8110040","0","0","","ok","42094592"
"rapidjson-1.9.5","2b410117c0e9e67da52afea5845610d05ad3f825","Avocado-gltf","Avocado","gltf","load","72","1072","2","15984.8","8110895","0","0","","ok","42094592"
"rapidjson-1.9.5","2b410117c0e9e67da52afea5845610d05ad3f825","Box-gltf","Box","gltf","export","72","1072","2","938","3546","1618","2","9BA5254B1E66D656D6CD07CC10D829597E5151E98F7DBCAA59A6C5807532388D","ok","42094592"
"rapidjson-1.9.5","2b410117c0e9e67da52afea5845610d05ad3f825","Avocado-gltf","Avocado","gltf","roundtrip","72","1072","2","21550.1","8110895","8109906","5","C72227178574600C360CE50E5B5965D8A785D0BC17589F19D16D2E1502BC4836","ok","42094592"
"rapidjson-1.9.5","2b410117c0e9e67da52afea5845610d05ad3f825","Avocado-glb","Avocado","glb","export","73","1073","1","46781.2","8110040","8110104","1","DC2AB7E28D10AB39C1BB0E8F8408461872DAE99A1241E71DD91CA53901724CA0","ok","42045440"
"rapidjson-1.9.5","2b410117c0e9e67da52afea5845610d05ad3f825","Box-glb","Box","glb","load","73","1073","1","3115.9","1664","0","0","","ok","42045440"
"rapidjson-1.9.5","2b410117c0e9e67da52afea5845610d05ad3f825","Avocado-gltf","Avocado","gltf","load","73","1073","1","17552.7","8110895","0","0","","ok","42045440"
"rapidjson-1.9.5","2b410117c0e9e67da52afea5845610d05ad3f825","Box-gltf","Box","gltf","load","73","1073","1","3516.1","3546","0","0","","ok","42045440"
"rapidjson-1.9.5","2b410117c0e9e67da52afea5845610d05ad3f825","Box-glb","Box","glb","export","73","1073","1","795.3","1664","1632","1","80503A0DF23E35679EEF3E3ED6E527B6EEA00D8265BC7D2AAF4CEC4A36CF8D1B","ok","42045440"
"rapidjson-1.9.5","2b410117c0e9e67da52afea5845610d05ad3f825","Box-gltf","Box","gltf","export","73","1073","1","1159.1","3546","1618","2","9BA5254B1E66D656D6CD07CC10D829597E5151E98F7DBCAA59A6C5807532388D","ok","42045440"
"rapidjson-1.9.5","2b410117c0e9e67da52afea5845610d05ad3f825","Avocado-gltf","Avocado","gltf","export","73","1073","1","5224.6","8110895","8109906","5","C72227178574600C360CE50E5B5965D8A785D0BC17589F19D16D2E1502BC4836","ok","42045440"
"rapidjson-1.9.5","2b410117c0e9e67da52afea5845610d05ad3f825","Avocado-glb","Avocado","glb","load","73","1073","1","24531.2","8110040","0","0","","ok","42045440"
"rapidjson-1.9.5","2b410117c0e9e67da52afea5845610d05ad3f825","Box-glb","Box","glb","roundtrip","73","1073","1","4232.3","1664","1632","1","80503A0DF23E35679EEF3E3ED6E527B6EEA00D8265BC7D2AAF4CEC4A36CF8D1B","ok","42045440"
"rapidjson-1.9.5","2b410117c0e9e67da52afea5845610d05ad3f825","Avocado-glb","Avocado","glb","roundtrip","73","1073","1","121686","8110040","8110104","1","DC2AB7E28D10AB39C1BB0E8F8408461872DAE99A1241E71DD91CA53901724CA0","ok","42045440"
"rapidjson-1.9.5","2b410117c0e9e67da52afea5845610d05ad3f825","Avocado-gltf","Avocado","gltf","roundtrip","73","1073","1","20044.2","8110895","8109906","5","C72227178574600C360CE50E5B5965D8A785D0BC17589F19D16D2E1502BC4836","ok","42045440"
"rapidjson-1.9.5","2b410117c0e9e67da52afea5845610d05ad3f825","Box-gltf","Box","gltf","roundtrip","73","1073","1","3973.2","3546","1618","2","9BA5254B1E66D656D6CD07CC10D829597E5151E98F7DBCAA59A6C5807532388D","ok","42045440"
"rapidjson-1.9.5","2b410117c0e9e67da52afea5845610d05ad3f825","Avocado-gltf","Avocado","gltf","roundtrip","74","1074","2","22150.7","8110895","8109906","5","C72227178574600C360CE50E5B5965D8A785D0BC17589F19D16D2E1502BC4836","ok","42033152"
"rapidjson-1.9.5","2b410117c0e9e67da52afea5845610d05ad3f825","Box-gltf","Box","gltf","export","74","1074","2","1067.1","3546","1618","2","9BA5254B1E66D656D6CD07CC10D829597E5151E98F7DBCAA59A6C5807532388D","ok","42033152"
"rapidjson-1.9.5","2b410117c0e9e67da52afea5845610d05ad3f825","Avocado-glb","Avocado","glb","roundtrip","74","1074","2","134320.7","8110040","8110104","1","DC2AB7E28D10AB39C1BB0E8F8408461872DAE99A1241E71DD91CA53901724CA0","ok","42033152"
"rapidjson-1.9.5","2b410117c0e9e67da52afea5845610d05ad3f825","Box-glb","Box","glb","export","74","1074","2","508.5","1664","1632","1","80503A0DF23E35679EEF3E3ED6E527B6EEA00D8265BC7D2AAF4CEC4A36CF8D1B","ok","42033152"
"rapidjson-1.9.5","2b410117c0e9e67da52afea5845610d05ad3f825","Box-glb","Box","glb","roundtrip","74","1074","2","3275.4","1664","1632","1","80503A0DF23E35679EEF3E3ED6E527B6EEA00D8265BC7D2AAF4CEC4A36CF8D1B","ok","42033152"
"rapidjson-1.9.5","2b410117c0e9e67da52afea5845610d05ad3f825","Avocado-glb","Avocado","glb","export","74","1074","2","46854.4","8110040","8110104","1","DC2AB7E28D10AB39C1BB0E8F8408461872DAE99A1241E71DD91CA53901724CA0","ok","42033152"
"rapidjson-1.9.5","2b410117c0e9e67da52afea5845610d05ad3f825","Avocado-gltf","Avocado","gltf","export","74","1074","2","5100.5","8110895","8109906","5","C72227178574600C360CE50E5B5965D8A785D0BC17589F19D16D2E1502BC4836","ok","42033152"
"rapidjson-1.9.5","2b410117c0e9e67da52afea5845610d05ad3f825","Box-gltf","Box","gltf","roundtrip","74","1074","2","3758.5","3546","1618","2","9BA5254B1E66D656D6CD07CC10D829597E5151E98F7DBCAA59A6C5807532388D","ok","42033152"
"rapidjson-1.9.5","2b410117c0e9e67da52afea5845610d05ad3f825","Avocado-gltf","Avocado","gltf","load","74","1074","2","15647.2","8110895","0","0","","ok","42033152"
"rapidjson-1.9.5","2b410117c0e9e67da52afea5845610d05ad3f825","Box-glb","Box","glb","load","74","1074","2","2837.1","1664","0","0","","ok","42033152"
"rapidjson-1.9.5","2b410117c0e9e67da52afea5845610d05ad3f825","Box-gltf","Box","gltf","load","74","1074","2","2896.9","3546","0","0","","ok","42033152"
"rapidjson-1.9.5","2b410117c0e9e67da52afea5845610d05ad3f825","Avocado-glb","Avocado","glb","load","74","1074","2","20076.4","8110040","0","0","","ok","42033152"
"rapidjson-1.9.5","2b410117c0e9e67da52afea5845610d05ad3f825","Avocado-gltf","Avocado","gltf","roundtrip","75","1075","1","22459","8110895","8109906","5","C72227178574600C360CE50E5B5965D8A785D0BC17589F19D16D2E1502BC4836","ok","42135552"
"rapidjson-1.9.5","2b410117c0e9e67da52afea5845610d05ad3f825","Box-glb","Box","glb","roundtrip","75","1075","1","4502.1","1664","1632","1","80503A0DF23E35679EEF3E3ED6E527B6EEA00D8265BC7D2AAF4CEC4A36CF8D1B","ok","42135552"
"rapidjson-1.9.5","2b410117c0e9e67da52afea5845610d05ad3f825","Box-gltf","Box","gltf","export","75","1075","1","1023.3","3546","1618","2","9BA5254B1E66D656D6CD07CC10D829597E5151E98F7DBCAA59A6C5807532388D","ok","42135552"
"rapidjson-1.9.5","2b410117c0e9e67da52afea5845610d05ad3f825","Avocado-gltf","Avocado","gltf","load","75","1075","1","19481.3","8110895","0","0","","ok","42135552"
"rapidjson-1.9.5","2b410117c0e9e67da52afea5845610d05ad3f825","Box-gltf","Box","gltf","roundtrip","75","1075","1","71140.3","3546","1618","2","9BA5254B1E66D656D6CD07CC10D829597E5151E98F7DBCAA59A6C5807532388D","ok","42135552"
"rapidjson-1.9.5","2b410117c0e9e67da52afea5845610d05ad3f825","Avocado-gltf","Avocado","gltf","export","75","1075","1","5823.5","8110895","8109906","5","C72227178574600C360CE50E5B5965D8A785D0BC17589F19D16D2E1502BC4836","ok","42135552"
"rapidjson-1.9.5","2b410117c0e9e67da52afea5845610d05ad3f825","Box-glb","Box","glb","load","75","1075","1","3591.3","1664","0","0","","ok","42135552"
"rapidjson-1.9.5","2b410117c0e9e67da52afea5845610d05ad3f825","Avocado-glb","Avocado","glb","roundtrip","75","1075","1","131533.5","8110040","8110104","1","DC2AB7E28D10AB39C1BB0E8F8408461872DAE99A1241E71DD91CA53901724CA0","ok","42135552"
"rapidjson-1.9.5","2b410117c0e9e67da52afea5845610d05ad3f825","Avocado-glb","Avocado","glb","export","75","1075","1","45804","8110040","8110104","1","DC2AB7E28D10AB39C1BB0E8F8408461872DAE99A1241E71DD91CA53901724CA0","ok","42135552"
"rapidjson-1.9.5","2b410117c0e9e67da52afea5845610d05ad3f825","Box-gltf","Box","gltf","load","75","1075","1","3110.2","3546","0","0","","ok","42135552"
"rapidjson-1.9.5","2b410117c0e9e67da52afea5845610d05ad3f825","Box-glb","Box","glb","export","75","1075","1","631.1","1664","1632","1","80503A0DF23E35679EEF3E3ED6E527B6EEA00D8265BC7D2AAF4CEC4A36CF8D1B","ok","42135552"
"rapidjson-1.9.5","2b410117c0e9e67da52afea5845610d05ad3f825","Avocado-glb","Avocado","glb","load","75","1075","1","20111","8110040","0","0","","ok","42135552"
"rapidjson-1.9.5","2b410117c0e9e67da52afea5845610d05ad3f825","Box-gltf","Box","gltf","export","76","1076","2","775.6","3546","1618","2","9BA5254B1E66D656D6CD07CC10D829597E5151E98F7DBCAA59A6C5807532388D","ok","42049536"
"rapidjson-1.9.5","2b410117c0e9e67da52afea5845610d05ad3f825","Box-glb","Box","glb","roundtrip","76","1076","2","3401.6","1664","1632","1","80503A0DF23E35679EEF3E3ED6E527B6EEA00D8265BC7D2AAF4CEC4A36CF8D1B","ok","42049536"
"rapidjson-1.9.5","2b410117c0e9e67da52afea5845610d05ad3f825","Avocado-glb","Avocado","glb","roundtrip","76","1076","2","75566.3","8110040","8110104","1","DC2AB7E28D10AB39C1BB0E8F8408461872DAE99A1241E71DD91CA53901724CA0","ok","42049536"
"rapidjson-1.9.5","2b410117c0e9e67da52afea5845610d05ad3f825","Box-gltf","Box","gltf","load","76","1076","2","3391","3546","0","0","","ok","42049536"
"rapidjson-1.9.5","2b410117c0e9e67da52afea5845610d05ad3f825","Box-gltf","Box","gltf","roundtrip","76","1076","2","3796","3546","1618","2","9BA5254B1E66D656D6CD07CC10D829597E5151E98F7DBCAA59A6C5807532388D","ok","42049536"
"rapidjson-1.9.5","2b410117c0e9e67da52afea5845610d05ad3f825","Avocado-gltf","Avocado","gltf","roundtrip","76","1076","2","23952.9","8110895","8109906","5","C72227178574600C360CE50E5B5965D8A785D0BC17589F19D16D2E1502BC4836","ok","42049536"
"rapidjson-1.9.5","2b410117c0e9e67da52afea5845610d05ad3f825","Avocado-glb","Avocado","glb","export","76","1076","2","117875.2","8110040","8110104","1","DC2AB7E28D10AB39C1BB0E8F8408461872DAE99A1241E71DD91CA53901724CA0","ok","42049536"
"rapidjson-1.9.5","2b410117c0e9e67da52afea5845610d05ad3f825","Avocado-gltf","Avocado","gltf","export","76","1076","2","4681.5","8110895","8109906","5","C72227178574600C360CE50E5B5965D8A785D0BC17589F19D16D2E1502BC4836","ok","42049536"
"rapidjson-1.9.5","2b410117c0e9e67da52afea5845610d05ad3f825","Box-glb","Box","glb","load","76","1076","2","2728.4","1664","0","0","","ok","42049536"
"rapidjson-1.9.5","2b410117c0e9e67da52afea5845610d05ad3f825","Avocado-glb","Avocado","glb","load","76","1076","2","19273.7","8110040","0","0","","ok","42049536"
"rapidjson-1.9.5","2b410117c0e9e67da52afea5845610d05ad3f825","Avocado-gltf","Avocado","gltf","load","76","1076","2","14875.3","8110895","0","0","","ok","42049536"
"rapidjson-1.9.5","2b410117c0e9e67da52afea5845610d05ad3f825","Box-glb","Box","glb","export","76","1076","2","547.5","1664","1632","1","80503A0DF23E35679EEF3E3ED6E527B6EEA00D8265BC7D2AAF4CEC4A36CF8D1B","ok","42049536"
"rapidjson-1.9.5","2b410117c0e9e67da52afea5845610d05ad3f825","Avocado-glb","Avocado","glb","roundtrip","77","1077","1","69952.6","8110040","8110104","1","DC2AB7E28D10AB39C1BB0E8F8408461872DAE99A1241E71DD91CA53901724CA0","ok","38084608"
"rapidjson-1.9.5","2b410117c0e9e67da52afea5845610d05ad3f825","Avocado-glb","Avocado","glb","export","77","1077","1","46781.4","8110040","8110104","1","DC2AB7E28D10AB39C1BB0E8F8408461872DAE99A1241E71DD91CA53901724CA0","ok","38084608"
"rapidjson-1.9.5","2b410117c0e9e67da52afea5845610d05ad3f825","Box-glb","Box","glb","roundtrip","77","1077","1","3464.2","1664","1632","1","80503A0DF23E35679EEF3E3ED6E527B6EEA00D8265BC7D2AAF4CEC4A36CF8D1B","ok","38084608"
"rapidjson-1.9.5","2b410117c0e9e67da52afea5845610d05ad3f825","Box-gltf","Box","gltf","roundtrip","77","1077","1","3492.7","3546","1618","2","9BA5254B1E66D656D6CD07CC10D829597E5151E98F7DBCAA59A6C5807532388D","ok","38084608"
"rapidjson-1.9.5","2b410117c0e9e67da52afea5845610d05ad3f825","Box-glb","Box","glb","load","77","1077","1","2733.4","1664","0","0","","ok","38084608"
"rapidjson-1.9.5","2b410117c0e9e67da52afea5845610d05ad3f825","Avocado-gltf","Avocado","gltf","export","77","1077","1","5034.7","8110895","8109906","5","C72227178574600C360CE50E5B5965D8A785D0BC17589F19D16D2E1502BC4836","ok","38084608"
"rapidjson-1.9.5","2b410117c0e9e67da52afea5845610d05ad3f825","Box-glb","Box","glb","export","77","1077","1","572","1664","1632","1","80503A0DF23E35679EEF3E3ED6E527B6EEA00D8265BC7D2AAF4CEC4A36CF8D1B","ok","38084608"
"rapidjson-1.9.5","2b410117c0e9e67da52afea5845610d05ad3f825","Avocado-glb","Avocado","glb","load","77","1077","1","74821.4","8110040","0","0","","ok","38084608"
"rapidjson-1.9.5","2b410117c0e9e67da52afea5845610d05ad3f825","Avocado-gltf","Avocado","gltf","load","77","1077","1","17040.6","8110895","0","0","","ok","38084608"
"rapidjson-1.9.5","2b410117c0e9e67da52afea5845610d05ad3f825","Box-gltf","Box","gltf","export","77","1077","1","820.5","3546","1618","2","9BA5254B1E66D656D6CD07CC10D829597E5151E98F7DBCAA59A6C5807532388D","ok","38084608"
"rapidjson-1.9.5","2b410117c0e9e67da52afea5845610d05ad3f825","Box-gltf","Box","gltf","load","77","1077","1","3577.8","3546","0","0","","ok","38084608"
"rapidjson-1.9.5","2b410117c0e9e67da52afea5845610d05ad3f825","Avocado-gltf","Avocado","gltf","roundtrip","77","1077","1","22884.9","8110895","8109906","5","C72227178574600C360CE50E5B5965D8A785D0BC17589F19D16D2E1502BC4836","ok","38084608"
"rapidjson-1.9.5","2b410117c0e9e67da52afea5845610d05ad3f825","Avocado-gltf","Avocado","gltf","load","78","1078","2","16739.7","8110895","0","0","","ok","42098688"
"rapidjson-1.9.5","2b410117c0e9e67da52afea5845610d05ad3f825","Box-glb","Box","glb","export","78","1078","2","622.9","1664","1632","1","80503A0DF23E35679EEF3E3ED6E527B6EEA00D8265BC7D2AAF4CEC4A36CF8D1B","ok","42098688"
"rapidjson-1.9.5","2b410117c0e9e67da52afea5845610d05ad3f825","Avocado-glb","Avocado","glb","load","78","1078","2","25679.5","8110040","0","0","","ok","42098688"
"rapidjson-1.9.5","2b410117c0e9e67da52afea5845610d05ad3f825","Box-glb","Box","glb","load","78","1078","2","3416.6","1664","0","0","","ok","42098688"
"rapidjson-1.9.5","2b410117c0e9e67da52afea5845610d05ad3f825","Avocado-gltf","Avocado","gltf","roundtrip","78","1078","2","72802.9","8110895","8109906","5","C72227178574600C360CE50E5B5965D8A785D0BC17589F19D16D2E1502BC4836","ok","42098688"
"rapidjson-1.9.5","2b410117c0e9e67da52afea5845610d05ad3f825","Box-gltf","Box","gltf","load","78","1078","2","3720.4","3546","0","0","","ok","42098688"
"rapidjson-1.9.5","2b410117c0e9e67da52afea5845610d05ad3f825","Box-glb","Box","glb","roundtrip","78","1078","2","3789.8","1664","1632","1","80503A0DF23E35679EEF3E3ED6E527B6EEA00D8265BC7D2AAF4CEC4A36CF8D1B","ok","42098688"
"rapidjson-1.9.5","2b410117c0e9e67da52afea5845610d05ad3f825","Box-gltf","Box","gltf","roundtrip","78","1078","2","4621.8","3546","1618","2","9BA5254B1E66D656D6CD07CC10D829597E5151E98F7DBCAA59A6C5807532388D","ok","42098688"
"rapidjson-1.9.5","2b410117c0e9e67da52afea5845610d05ad3f825","Avocado-glb","Avocado","glb","roundtrip","78","1078","2","118736.3","8110040","8110104","1","DC2AB7E28D10AB39C1BB0E8F8408461872DAE99A1241E71DD91CA53901724CA0","ok","42098688"
"rapidjson-1.9.5","2b410117c0e9e67da52afea5845610d05ad3f825","Avocado-gltf","Avocado","gltf","export","78","1078","2","5531.2","8110895","8109906","5","C72227178574600C360CE50E5B5965D8A785D0BC17589F19D16D2E1502BC4836","ok","42098688"
"rapidjson-1.9.5","2b410117c0e9e67da52afea5845610d05ad3f825","Avocado-glb","Avocado","glb","export","78","1078","2","45562.9","8110040","8110104","1","DC2AB7E28D10AB39C1BB0E8F8408461872DAE99A1241E71DD91CA53901724CA0","ok","42098688"
"rapidjson-1.9.5","2b410117c0e9e67da52afea5845610d05ad3f825","Box-gltf","Box","gltf","export","78","1078","2","778.2","3546","1618","2","9BA5254B1E66D656D6CD07CC10D829597E5151E98F7DBCAA59A6C5807532388D","ok","42098688"
"rapidjson-1.9.5","2b410117c0e9e67da52afea5845610d05ad3f825","Avocado-glb","Avocado","glb","roundtrip","79","1079","1","77427.4","8110040","8110104","1","DC2AB7E28D10AB39C1BB0E8F8408461872DAE99A1241E71DD91CA53901724CA0","ok","42074112"
"rapidjson-1.9.5","2b410117c0e9e67da52afea5845610d05ad3f825","Avocado-glb","Avocado","glb","load","79","1079","1","19723.7","8110040","0","0","","ok","42074112"
"rapidjson-1.9.5","2b410117c0e9e67da52afea5845610d05ad3f825","Avocado-gltf","Avocado","gltf","load","79","1079","1","15271.4","8110895","0","0","","ok","42074112"
"rapidjson-1.9.5","2b410117c0e9e67da52afea5845610d05ad3f825","Box-glb","Box","glb","roundtrip","79","1079","1","3515","1664","1632","1","80503A0DF23E35679EEF3E3ED6E527B6EEA00D8265BC7D2AAF4CEC4A36CF8D1B","ok","42074112"
"rapidjson-1.9.5","2b410117c0e9e67da52afea5845610d05ad3f825","Box-glb","Box","glb","export","79","1079","1","614.5","1664","1632","1","80503A0DF23E35679EEF3E3ED6E527B6EEA00D8265BC7D2AAF4CEC4A36CF8D1B","ok","42074112"
"rapidjson-1.9.5","2b410117c0e9e67da52afea5845610d05ad3f825","Avocado-glb","Avocado","glb","export","79","1079","1","116015.2","8110040","8110104","1","DC2AB7E28D10AB39C1BB0E8F8408461872DAE99A1241E71DD91CA53901724CA0","ok","42074112"
"rapidjson-1.9.5","2b410117c0e9e67da52afea5845610d05ad3f825","Box-glb","Box","glb","load","79","1079","1","3823.4","1664","0","0","","ok","42074112"
"rapidjson-1.9.5","2b410117c0e9e67da52afea5845610d05ad3f825","Avocado-gltf","Avocado","gltf","export","79","1079","1","4612.8","8110895","8109906","5","C72227178574600C360CE50E5B5965D8A785D0BC17589F19D16D2E1502BC4836","ok","42074112"
"rapidjson-1.9.5","2b410117c0e9e67da52afea5845610d05ad3f825","Box-gltf","Box","gltf","export","79","1079","1","699.9","3546","1618","2","9BA5254B1E66D656D6CD07CC10D829597E5151E98F7DBCAA59A6C5807532388D","ok","42074112"
"rapidjson-1.9.5","2b410117c0e9e67da52afea5845610d05ad3f825","Box-gltf","Box","gltf","roundtrip","79","1079","1","3485","3546","1618","2","9BA5254B1E66D656D6CD07CC10D829597E5151E98F7DBCAA59A6C5807532388D","ok","42074112"
"rapidjson-1.9.5","2b410117c0e9e67da52afea5845610d05ad3f825","Avocado-gltf","Avocado","gltf","roundtrip","79","1079","1","19776.3","8110895","8109906","5","C72227178574600C360CE50E5B5965D8A785D0BC17589F19D16D2E1502BC4836","ok","42074112"
"rapidjson-1.9.5","2b410117c0e9e67da52afea5845610d05ad3f825","Box-gltf","Box","gltf","load","79","1079","1","3121.8","3546","0","0","","ok","42074112"
"rapidjson-1.9.5","2b410117c0e9e67da52afea5845610d05ad3f825","Avocado-gltf","Avocado","gltf","roundtrip","80","1080","2","21022.3","8110895","8109906","5","C72227178574600C360CE50E5B5965D8A785D0BC17589F19D16D2E1502BC4836","ok","42143744"
"rapidjson-1.9.5","2b410117c0e9e67da52afea5845610d05ad3f825","Box-gltf","Box","gltf","roundtrip","80","1080","2","4727.5","3546","1618","2","9BA5254B1E66D656D6CD07CC10D829597E5151E98F7DBCAA59A6C5807532388D","ok","42143744"
"rapidjson-1.9.5","2b410117c0e9e67da52afea5845610d05ad3f825","Box-glb","Box","glb","export","80","1080","2","565.9","1664","1632","1","80503A0DF23E35679EEF3E3ED6E527B6EEA00D8265BC7D2AAF4CEC4A36CF8D1B","ok","42143744"
"rapidjson-1.9.5","2b410117c0e9e67da52afea5845610d05ad3f825","Box-gltf","Box","gltf","export","80","1080","2","854.3","3546","1618","2","9BA5254B1E66D656D6CD07CC10D829597E5151E98F7DBCAA59A6C5807532388D","ok","42143744"
"rapidjson-1.9.5","2b410117c0e9e67da52afea5845610d05ad3f825","Avocado-gltf","Avocado","gltf","load","80","1080","2","68994.7","8110895","0","0","","ok","42143744"
"rapidjson-1.9.5","2b410117c0e9e67da52afea5845610d05ad3f825","Box-gltf","Box","gltf","load","80","1080","2","3601","3546","0","0","","ok","42143744"
"rapidjson-1.9.5","2b410117c0e9e67da52afea5845610d05ad3f825","Box-glb","Box","glb","load","80","1080","2","3513","1664","0","0","","ok","42143744"
"rapidjson-1.9.5","2b410117c0e9e67da52afea5845610d05ad3f825","Avocado-gltf","Avocado","gltf","export","80","1080","2","5596.5","8110895","8109906","5","C72227178574600C360CE50E5B5965D8A785D0BC17589F19D16D2E1502BC4836","ok","42143744"
"rapidjson-1.9.5","2b410117c0e9e67da52afea5845610d05ad3f825","Avocado-glb","Avocado","glb","roundtrip","80","1080","2","66138.7","8110040","8110104","1","DC2AB7E28D10AB39C1BB0E8F8408461872DAE99A1241E71DD91CA53901724CA0","ok","42143744"
"rapidjson-1.9.5","2b410117c0e9e67da52afea5845610d05ad3f825","Avocado-glb","Avocado","glb","load","80","1080","2","19926.1","8110040","0","0","","ok","42143744"
"rapidjson-1.9.5","2b410117c0e9e67da52afea5845610d05ad3f825","Avocado-glb","Avocado","glb","export","80","1080","2","46987.7","8110040","8110104","1","DC2AB7E28D10AB39C1BB0E8F8408461872DAE99A1241E71DD91CA53901724CA0","ok","42143744"
"rapidjson-1.9.5","2b410117c0e9e67da52afea5845610d05ad3f825","Box-glb","Box","glb","roundtrip","80","1080","2","3555.7","1664","1632","1","80503A0DF23E35679EEF3E3ED6E527B6EEA00D8265BC7D2AAF4CEC4A36CF8D1B","ok","42143744"
"rapidjson-1.9.5","2b410117c0e9e67da52afea5845610d05ad3f825","Avocado-glb","Avocado","glb","roundtrip","81","1081","1","74925.7","8110040","8110104","1","DC2AB7E28D10AB39C1BB0E8F8408461872DAE99A1241E71DD91CA53901724CA0","ok","42094592"
"rapidjson-1.9.5","2b410117c0e9e67da52afea5845610d05ad3f825","Box-glb","Box","glb","load","81","1081","1","2874.5","1664","0","0","","ok","42094592"
"rapidjson-1.9.5","2b410117c0e9e67da52afea5845610d05ad3f825","Avocado-gltf","Avocado","gltf","load","81","1081","1","16102.2","8110895","0","0","","ok","42094592"
"rapidjson-1.9.5","2b410117c0e9e67da52afea5845610d05ad3f825","Box-glb","Box","glb","roundtrip","81","1081","1","3522.6","1664","1632","1","80503A0DF23E35679EEF3E3ED6E527B6EEA00D8265BC7D2AAF4CEC4A36CF8D1B","ok","42094592"
"rapidjson-1.9.5","2b410117c0e9e67da52afea5845610d05ad3f825","Box-gltf","Box","gltf","roundtrip","81","1081","1","4569.9","3546","1618","2","9BA5254B1E66D656D6CD07CC10D829597E5151E98F7DBCAA59A6C5807532388D","ok","42094592"
"rapidjson-1.9.5","2b410117c0e9e67da52afea5845610d05ad3f825","Avocado-glb","Avocado","glb","export","81","1081","1","106088.9","8110040","8110104","1","DC2AB7E28D10AB39C1BB0E8F8408461872DAE99A1241E71DD91CA53901724CA0","ok","42094592"
"rapidjson-1.9.5","2b410117c0e9e67da52afea5845610d05ad3f825","Avocado-gltf","Avocado","gltf","roundtrip","81","1081","1","19764.2","8110895","8109906","5","C72227178574600C360CE50E5B5965D8A785D0BC17589F19D16D2E1502BC4836","ok","42094592"
"rapidjson-1.9.5","2b410117c0e9e67da52afea5845610d05ad3f825","Box-gltf","Box","gltf","export","81","1081","1","732.9","3546","1618","2","9BA5254B1E66D656D6CD07CC10D829597E5151E98F7DBCAA59A6C5807532388D","ok","42094592"
"rapidjson-1.9.5","2b410117c0e9e67da52afea5845610d05ad3f825","Box-glb","Box","glb","export","81","1081","1","502.7","1664","1632","1","80503A0DF23E35679EEF3E3ED6E527B6EEA00D8265BC7D2AAF4CEC4A36CF8D1B","ok","42094592"
"rapidjson-1.9.5","2b410117c0e9e67da52afea5845610d05ad3f825","Avocado-gltf","Avocado","gltf","export","81","1081","1","5006.6","8110895","8109906","5","C72227178574600C360CE50E5B5965D8A785D0BC17589F19D16D2E1502BC4836","ok","42094592"
"rapidjson-1.9.5","2b410117c0e9e67da52afea5845610d05ad3f825","Box-gltf","Box","gltf","load","81","1081","1","2822.8","3546","0","0","","ok","42094592"
"rapidjson-1.9.5","2b410117c0e9e67da52afea5845610d05ad3f825","Avocado-glb","Avocado","glb","load","81","1081","1","19949.7","8110040","0","0","","ok","42094592"
"rapidjson-1.9.5","2b410117c0e9e67da52afea5845610d05ad3f825","Box-gltf","Box","gltf","load","82","1082","2","4193.1","3546","0","0","","ok","38166528"
"rapidjson-1.9.5","2b410117c0e9e67da52afea5845610d05ad3f825","Avocado-glb","Avocado","glb","export","82","1082","2","45948.7","8110040","8110104","1","DC2AB7E28D10AB39C1BB0E8F8408461872DAE99A1241E71DD91CA53901724CA0","ok","38166528"
"rapidjson-1.9.5","2b410117c0e9e67da52afea5845610d05ad3f825","Box-glb","Box","glb","export","82","1082","2","541.4","1664","1632","1","80503A0DF23E35679EEF3E3ED6E527B6EEA00D8265BC7D2AAF4CEC4A36CF8D1B","ok","38166528"
"rapidjson-1.9.5","2b410117c0e9e67da52afea5845610d05ad3f825","Box-glb","Box","glb","load","82","1082","2","2744.9","1664","0","0","","ok","38166528"
"rapidjson-1.9.5","2b410117c0e9e67da52afea5845610d05ad3f825","Box-gltf","Box","gltf","roundtrip","82","1082","2","4198.7","3546","1618","2","9BA5254B1E66D656D6CD07CC10D829597E5151E98F7DBCAA59A6C5807532388D","ok","38166528"
"rapidjson-1.9.5","2b410117c0e9e67da52afea5845610d05ad3f825","Box-glb","Box","glb","roundtrip","82","1082","2","3347.2","1664","1632","1","80503A0DF23E35679EEF3E3ED6E527B6EEA00D8265BC7D2AAF4CEC4A36CF8D1B","ok","38166528"
"rapidjson-1.9.5","2b410117c0e9e67da52afea5845610d05ad3f825","Avocado-glb","Avocado","glb","roundtrip","82","1082","2","65763.8","8110040","8110104","1","DC2AB7E28D10AB39C1BB0E8F8408461872DAE99A1241E71DD91CA53901724CA0","ok","38166528"
"rapidjson-1.9.5","2b410117c0e9e67da52afea5845610d05ad3f825","Avocado-gltf","Avocado","gltf","load","82","1082","2","16128.7","8110895","0","0","","ok","38166528"
"rapidjson-1.9.5","2b410117c0e9e67da52afea5845610d05ad3f825","Avocado-glb","Avocado","glb","load","82","1082","2","23041.9","8110040","0","0","","ok","38166528"
"rapidjson-1.9.5","2b410117c0e9e67da52afea5845610d05ad3f825","Avocado-gltf","Avocado","gltf","export","82","1082","2","5173.8","8110895","8109906","5","C72227178574600C360CE50E5B5965D8A785D0BC17589F19D16D2E1502BC4836","ok","38166528"
"rapidjson-1.9.5","2b410117c0e9e67da52afea5845610d05ad3f825","Avocado-gltf","Avocado","gltf","roundtrip","82","1082","2","22655.9","8110895","8109906","5","C72227178574600C360CE50E5B5965D8A785D0BC17589F19D16D2E1502BC4836","ok","38166528"
"rapidjson-1.9.5","2b410117c0e9e67da52afea5845610d05ad3f825","Box-gltf","Box","gltf","export","82","1082","2","848.9","3546","1618","2","9BA5254B1E66D656D6CD07CC10D829597E5151E98F7DBCAA59A6C5807532388D","ok","38166528"
"rapidjson-1.9.5","2b410117c0e9e67da52afea5845610d05ad3f825","Avocado-glb","Avocado","glb","export","83","1083","1","49110.3","8110040","8110104","1","DC2AB7E28D10AB39C1BB0E8F8408461872DAE99A1241E71DD91CA53901724CA0","ok","38174720"
"rapidjson-1.9.5","2b410117c0e9e67da52afea5845610d05ad3f825","Box-gltf","Box","gltf","roundtrip","83","1083","1","4434.1","3546","1618","2","9BA5254B1E66D656D6CD07CC10D829597E5151E98F7DBCAA59A6C5807532388D","ok","38174720"
"rapidjson-1.9.5","2b410117c0e9e67da52afea5845610d05ad3f825","Box-gltf","Box","gltf","export","83","1083","1","828.3","3546","1618","2","9BA5254B1E66D656D6CD07CC10D829597E5151E98F7DBCAA59A6C5807532388D","ok","38174720"
"rapidjson-1.9.5","2b410117c0e9e67da52afea5845610d05ad3f825","Avocado-glb","Avocado","glb","load","83","1083","1","20621.6","8110040","0","0","","ok","38174720"
"rapidjson-1.9.5","2b410117c0e9e67da52afea5845610d05ad3f825","Box-glb","Box","glb","load","83","1083","1","3265.8","1664","0","0","","ok","38174720"
"rapidjson-1.9.5","2b410117c0e9e67da52afea5845610d05ad3f825","Box-glb","Box","glb","roundtrip","83","1083","1","3570","1664","1632","1","80503A0DF23E35679EEF3E3ED6E527B6EEA00D8265BC7D2AAF4CEC4A36CF8D1B","ok","38174720"
"rapidjson-1.9.5","2b410117c0e9e67da52afea5845610d05ad3f825","Avocado-glb","Avocado","glb","roundtrip","83","1083","1","66598.7","8110040","8110104","1","DC2AB7E28D10AB39C1BB0E8F8408461872DAE99A1241E71DD91CA53901724CA0","ok","38174720"
"rapidjson-1.9.5","2b410117c0e9e67da52afea5845610d05ad3f825","Box-glb","Box","glb","export","83","1083","1","541.6","1664","1632","1","80503A0DF23E35679EEF3E3ED6E527B6EEA00D8265BC7D2AAF4CEC4A36CF8D1B","ok","38174720"
"rapidjson-1.9.5","2b410117c0e9e67da52afea5845610d05ad3f825","Avocado-gltf","Avocado","gltf","export","83","1083","1","4982.3","8110895","8109906","5","C72227178574600C360CE50E5B5965D8A785D0BC17589F19D16D2E1502BC4836","ok","38174720"
"rapidjson-1.9.5","2b410117c0e9e67da52afea5845610d05ad3f825","Avocado-gltf","Avocado","gltf","roundtrip","83","1083","1","23326.8","8110895","8109906","5","C72227178574600C360CE50E5B5965D8A785D0BC17589F19D16D2E1502BC4836","ok","38174720"
"rapidjson-1.9.5","2b410117c0e9e67da52afea5845610d05ad3f825","Avocado-gltf","Avocado","gltf","load","83","1083","1","17724.7","8110895","0","0","","ok","38174720"
"rapidjson-1.9.5","2b410117c0e9e67da52afea5845610d05ad3f825","Box-gltf","Box","gltf","load","83","1083","1","3548.5","3546","0","0","","ok","38174720"
"rapidjson-1.9.5","2b410117c0e9e67da52afea5845610d05ad3f825","Avocado-glb","Avocado","glb","load","84","1084","2","20283.2","8110040","0","0","","ok","42065920"
"rapidjson-1.9.5","2b410117c0e9e67da52afea5845610d05ad3f825","Avocado-gltf","Avocado","gltf","export","84","1084","2","5187.2","8110895","8109906","5","C72227178574600C360CE50E5B5965D8A785D0BC17589F19D16D2E1502BC4836","ok","42065920"
"rapidjson-1.9.5","2b410117c0e9e67da52afea5845610d05ad3f825","Box-gltf","Box","gltf","roundtrip","84","1084","2","4514.6","3546","1618","2","9BA5254B1E66D656D6CD07CC10D829597E5151E98F7DBCAA59A6C5807532388D","ok","42065920"
"rapidjson-1.9.5","2b410117c0e9e67da52afea5845610d05ad3f825","Avocado-glb","Avocado","glb","roundtrip","84","1084","2","137648.1","8110040","8110104","1","DC2AB7E28D10AB39C1BB0E8F8408461872DAE99A1241E71DD91CA53901724CA0","ok","42065920"
"rapidjson-1.9.5","2b410117c0e9e67da52afea5845610d05ad3f825","Box-glb","Box","glb","export","84","1084","2","506.4","1664","1632","1","80503A0DF23E35679EEF3E3ED6E527B6EEA00D8265BC7D2AAF4CEC4A36CF8D1B","ok","42065920"
"rapidjson-1.9.5","2b410117c0e9e67da52afea5845610d05ad3f825","Box-glb","Box","glb","load","84","1084","2","2667.7","1664","0","0","","ok","42065920"
"rapidjson-1.9.5","2b410117c0e9e67da52afea5845610d05ad3f825","Box-glb","Box","glb","roundtrip","84","1084","2","3135.4","1664","1632","1","80503A0DF23E35679EEF3E3ED6E527B6EEA00D8265BC7D2AAF4CEC4A36CF8D1B","ok","42065920"
"rapidjson-1.9.5","2b410117c0e9e67da52afea5845610d05ad3f825","Avocado-gltf","Avocado","gltf","load","84","1084","2","16585.6","8110895","0","0","","ok","42065920"
"rapidjson-1.9.5","2b410117c0e9e67da52afea5845610d05ad3f825","Avocado-gltf","Avocado","gltf","roundtrip","84","1084","2","20296.9","8110895","8109906","5","C72227178574600C360CE50E5B5965D8A785D0BC17589F19D16D2E1502BC4836","ok","42065920"
"rapidjson-1.9.5","2b410117c0e9e67da52afea5845610d05ad3f825","Box-gltf","Box","gltf","export","84","1084","2","703.4","3546","1618","2","9BA5254B1E66D656D6CD07CC10D829597E5151E98F7DBCAA59A6C5807532388D","ok","42065920"
"rapidjson-1.9.5","2b410117c0e9e67da52afea5845610d05ad3f825","Box-gltf","Box","gltf","load","84","1084","2","2784","3546","0","0","","ok","42065920"
"rapidjson-1.9.5","2b410117c0e9e67da52afea5845610d05ad3f825","Avocado-glb","Avocado","glb","export","84","1084","2","54011.1","8110040","8110104","1","DC2AB7E28D10AB39C1BB0E8F8408461872DAE99A1241E71DD91CA53901724CA0","ok","42065920"
"rapidjson-1.9.5","2b410117c0e9e67da52afea5845610d05ad3f825","Box-glb","Box","glb","load","85","1085","1","3436.8","1664","0","0","","ok","42090496"
"rapidjson-1.9.5","2b410117c0e9e67da52afea5845610d05ad3f825","Box-gltf","Box","gltf","load","85","1085","1","3084.1","3546","0","0","","ok","42090496"
"rapidjson-1.9.5","2b410117c0e9e67da52afea5845610d05ad3f825","Box-gltf","Box","gltf","export","85","1085","1","650.7","3546","1618","2","9BA5254B1E66D656D6CD07CC10D829597E5151E98F7DBCAA59A6C5807532388D","ok","42090496"
"rapidjson-1.9.5","2b410117c0e9e67da52afea5845610d05ad3f825","Avocado-glb","Avocado","glb","export","85","1085","1","46144.1","8110040","8110104","1","DC2AB7E28D10AB39C1BB0E8F8408461872DAE99A1241E71DD91CA53901724CA0","ok","42090496"
"rapidjson-1.9.5","2b410117c0e9e67da52afea5845610d05ad3f825","Avocado-gltf","Avocado","gltf","roundtrip","85","1085","1","20972","8110895","8109906","5","C72227178574600C360CE50E5B5965D8A785D0BC17589F19D16D2E1502BC4836","ok","42090496"
"rapidjson-1.9.5","2b410117c0e9e67da52afea5845610d05ad3f825","Avocado-gltf","Avocado","gltf","export","85","1085","1","6812.7","8110895","8109906","5","C72227178574600C360CE50E5B5965D8A785D0BC17589F19D16D2E1502BC4836","ok","42090496"
"rapidjson-1.9.5","2b410117c0e9e67da52afea5845610d05ad3f825","Avocado-glb","Avocado","glb","load","85","1085","1","29442.5","8110040","0","0","","ok","42090496"
"rapidjson-1.9.5","2b410117c0e9e67da52afea5845610d05ad3f825","Avocado-gltf","Avocado","gltf","load","85","1085","1","67088.2","8110895","0","0","","ok","42090496"
"rapidjson-1.9.5","2b410117c0e9e67da52afea5845610d05ad3f825","Avocado-glb","Avocado","glb","roundtrip","85","1085","1","65539.4","8110040","8110104","1","DC2AB7E28D10AB39C1BB0E8F8408461872DAE99A1241E71DD91CA53901724CA0","ok","42090496"
"rapidjson-1.9.5","2b410117c0e9e67da52afea5845610d05ad3f825","Box-gltf","Box","gltf","roundtrip","85","1085","1","4729.2","3546","1618","2","9BA5254B1E66D656D6CD07CC10D829597E5151E98F7DBCAA59A6C5807532388D","ok","42090496"
"rapidjson-1.9.5","2b410117c0e9e67da52afea5845610d05ad3f825","Box-glb","Box","glb","export","85","1085","1","490.7","1664","1632","1","80503A0DF23E35679EEF3E3ED6E527B6EEA00D8265BC7D2AAF4CEC4A36CF8D1B","ok","42090496"
"rapidjson-1.9.5","2b410117c0e9e67da52afea5845610d05ad3f825","Box-glb","Box","glb","roundtrip","85","1085","1","3203.9","1664","1632","1","80503A0DF23E35679EEF3E3ED6E527B6EEA00D8265BC7D2AAF4CEC4A36CF8D1B","ok","42090496"
"rapidjson-1.9.5","2b410117c0e9e67da52afea5845610d05ad3f825","Avocado-gltf","Avocado","gltf","roundtrip","86","1086","2","21570.9","8110895","8109906","5","C72227178574600C360CE50E5B5965D8A785D0BC17589F19D16D2E1502BC4836","ok","42078208"
"rapidjson-1.9.5","2b410117c0e9e67da52afea5845610d05ad3f825","Box-gltf","Box","gltf","export","86","1086","2","865.9","3546","1618","2","9BA5254B1E66D656D6CD07CC10D829597E5151E98F7DBCAA59A6C5807532388D","ok","42078208"
"rapidjson-1.9.5","2b410117c0e9e67da52afea5845610d05ad3f825","Avocado-glb","Avocado","glb","export","86","1086","2","62596.1","8110040","8110104","1","DC2AB7E28D10AB39C1BB0E8F8408461872DAE99A1241E71DD91CA53901724CA0","ok","42078208"
"rapidjson-1.9.5","2b410117c0e9e67da52afea5845610d05ad3f825","Avocado-glb","Avocado","glb","roundtrip","86","1086","2","67316.7","8110040","8110104","1","DC2AB7E28D10AB39C1BB0E8F8408461872DAE99A1241E71DD91CA53901724CA0","ok","42078208"
"rapidjson-1.9.5","2b410117c0e9e67da52afea5845610d05ad3f825","Box-glb","Box","glb","load","86","1086","2","2882.4","1664","0","0","","ok","42078208"
"rapidjson-1.9.5","2b410117c0e9e67da52afea5845610d05ad3f825","Avocado-gltf","Avocado","gltf","load","86","1086","2","15882.8","8110895","0","0","","ok","42078208"
"rapidjson-1.9.5","2b410117c0e9e67da52afea5845610d05ad3f825","Box-gltf","Box","gltf","load","86","1086","2","2923.3","3546","0","0","","ok","42078208"
"rapidjson-1.9.5","2b410117c0e9e67da52afea5845610d05ad3f825","Box-gltf","Box","gltf","roundtrip","86","1086","2","3505.4","3546","1618","2","9BA5254B1E66D656D6CD07CC10D829597E5151E98F7DBCAA59A6C5807532388D","ok","42078208"
"rapidjson-1.9.5","2b410117c0e9e67da52afea5845610d05ad3f825","Avocado-gltf","Avocado","gltf","export","86","1086","2","4456.8","8110895","8109906","5","C72227178574600C360CE50E5B5965D8A785D0BC17589F19D16D2E1502BC4836","ok","42078208"
"rapidjson-1.9.5","2b410117c0e9e67da52afea5845610d05ad3f825","Avocado-glb","Avocado","glb","load","86","1086","2","20428","8110040","0","0","","ok","42078208"
"rapidjson-1.9.5","2b410117c0e9e67da52afea5845610d05ad3f825","Box-glb","Box","glb","export","86","1086","2","605.4","1664","1632","1","80503A0DF23E35679EEF3E3ED6E527B6EEA00D8265BC7D2AAF4CEC4A36CF8D1B","ok","42078208"
"rapidjson-1.9.5","2b410117c0e9e67da52afea5845610d05ad3f825","Box-glb","Box","glb","roundtrip","86","1086","2","3847.5","1664","1632","1","80503A0DF23E35679EEF3E3ED6E527B6EEA00D8265BC7D2AAF4CEC4A36CF8D1B","ok","42078208"
"rapidjson-1.9.5","2b410117c0e9e67da52afea5845610d05ad3f825","Box-gltf","Box","gltf","load","87","1087","1","3697.9","3546","0","0","","ok","42041344"
"rapidjson-1.9.5","2b410117c0e9e67da52afea5845610d05ad3f825","Avocado-glb","Avocado","glb","export","87","1087","1","51316.1","8110040","8110104","1","DC2AB7E28D10AB39C1BB0E8F8408461872DAE99A1241E71DD91CA53901724CA0","ok","42041344"
"rapidjson-1.9.5","2b410117c0e9e67da52afea5845610d05ad3f825","Avocado-gltf","Avocado","gltf","export","87","1087","1","5522.6","8110895","8109906","5","C72227178574600C360CE50E5B5965D8A785D0BC17589F19D16D2E1502BC4836","ok","42041344"
"rapidjson-1.9.5","2b410117c0e9e67da52afea5845610d05ad3f825","Box-gltf","Box","gltf","export","87","1087","1","941.4","3546","1618","2","9BA5254B1E66D656D6CD07CC10D829597E5151E98F7DBCAA59A6C5807532388D","ok","42041344"
"rapidjson-1.9.5","2b410117c0e9e67da52afea5845610d05ad3f825","Box-glb","Box","glb","load","87","1087","1","3511.3","1664","0","0","","ok","42041344"
"rapidjson-1.9.5","2b410117c0e9e67da52afea5845610d05ad3f825","Avocado-glb","Avocado","glb","load","87","1087","1","76305.3","8110040","0","0","","ok","42041344"
"rapidjson-1.9.5","2b410117c0e9e67da52afea5845610d05ad3f825","Box-glb","Box","glb","roundtrip","87","1087","1","4776.6","1664","1632","1","80503A0DF23E35679EEF3E3ED6E527B6EEA00D8265BC7D2AAF4CEC4A36CF8D1B","ok","42041344"
"rapidjson-1.9.5","2b410117c0e9e67da52afea5845610d05ad3f825","Avocado-gltf","Avocado","gltf","load","87","1087","1","17769.1","8110895","0","0","","ok","42041344"
"rapidjson-1.9.5","2b410117c0e9e67da52afea5845610d05ad3f825","Avocado-glb","Avocado","glb","roundtrip","87","1087","1","121245.4","8110040","8110104","1","DC2AB7E28D10AB39C1BB0E8F8408461872DAE99A1241E71DD91CA53901724CA0","ok","42041344"
"rapidjson-1.9.5","2b410117c0e9e67da52afea5845610d05ad3f825","Avocado-gltf","Avocado","gltf","roundtrip","87","1087","1","20558.1","8110895","8109906","5","C72227178574600C360CE50E5B5965D8A785D0BC17589F19D16D2E1502BC4836","ok","42041344"
"rapidjson-1.9.5","2b410117c0e9e67da52afea5845610d05ad3f825","Box-gltf","Box","gltf","roundtrip","87","1087","1","3823.4","3546","1618","2","9BA5254B1E66D656D6CD07CC10D829597E5151E98F7DBCAA59A6C5807532388D","ok","42041344"
"rapidjson-1.9.5","2b410117c0e9e67da52afea5845610d05ad3f825","Box-glb","Box","glb","export","87","1087","1","448.7","1664","1632","1","80503A0DF23E35679EEF3E3ED6E527B6EEA00D8265BC7D2AAF4CEC4A36CF8D1B","ok","42041344"
"rapidjson-1.9.5","2b410117c0e9e67da52afea5845610d05ad3f825","Avocado-glb","Avocado","glb","roundtrip","88","1088","2","68355.5","8110040","8110104","1","DC2AB7E28D10AB39C1BB0E8F8408461872DAE99A1241E71DD91CA53901724CA0","ok","38100992"
"rapidjson-1.9.5","2b410117c0e9e67da52afea5845610d05ad3f825","Box-gltf","Box","gltf","roundtrip","88","1088","2","3722.6","3546","1618","2","9BA5254B1E66D656D6CD07CC10D829597E5151E98F7DBCAA59A6C5807532388D","ok","38100992"
"rapidjson-1.9.5","2b410117c0e9e67da52afea5845610d05ad3f825","Avocado-glb","Avocado","glb","export","88","1088","2","49154.5","8110040","8110104","1","DC2AB7E28D10AB39C1BB0E8F8408461872DAE99A1241E71DD91CA53901724CA0","ok","38100992"
"rapidjson-1.9.5","2b410117c0e9e67da52afea5845610d05ad3f825","Box-gltf","Box","gltf","export","88","1088","2","744.8","3546","1618","2","9BA5254B1E66D656D6CD07CC10D829597E5151E98F7DBCAA59A6C5807532388D","ok","38100992"
"rapidjson-1.9.5","2b410117c0e9e67da52afea5845610d05ad3f825","Box-glb","Box","glb","export","88","1088","2","471.8","1664","1632","1","80503A0DF23E35679EEF3E3ED6E527B6EEA00D8265BC7D2AAF4CEC4A36CF8D1B","ok","38100992"
"rapidjson-1.9.5","2b410117c0e9e67da52afea5845610d05ad3f825","Box-glb","Box","glb","load","88","1088","2","2730.3","1664","0","0","","ok","38100992"
"rapidjson-1.9.5","2b410117c0e9e67da52afea5845610d05ad3f825","Avocado-gltf","Avocado","gltf","load","88","1088","2","16209.1","8110895","0","0","","ok","38100992"
"rapidjson-1.9.5","2b410117c0e9e67da52afea5845610d05ad3f825","Box-glb","Box","glb","roundtrip","88","1088","2","4980.4","1664","1632","1","80503A0DF23E35679EEF3E3ED6E527B6EEA00D8265BC7D2AAF4CEC4A36CF8D1B","ok","38100992"
"rapidjson-1.9.5","2b410117c0e9e67da52afea5845610d05ad3f825","Avocado-gltf","Avocado","gltf","export","88","1088","2","6387.2","8110895","8109906","5","C72227178574600C360CE50E5B5965D8A785D0BC17589F19D16D2E1502BC4836","ok","38100992"
"rapidjson-1.9.5","2b410117c0e9e67da52afea5845610d05ad3f825","Avocado-glb","Avocado","glb","load","88","1088","2","72225.3","8110040","0","0","","ok","38100992"
"rapidjson-1.9.5","2b410117c0e9e67da52afea5845610d05ad3f825","Avocado-gltf","Avocado","gltf","roundtrip","88","1088","2","24533.4","8110895","8109906","5","C72227178574600C360CE50E5B5965D8A785D0BC17589F19D16D2E1502BC4836","ok","38100992"
"rapidjson-1.9.5","2b410117c0e9e67da52afea5845610d05ad3f825","Box-gltf","Box","gltf","load","88","1088","2","3146.3","3546","0","0","","ok","38100992"
"rapidjson-1.9.5","2b410117c0e9e67da52afea5845610d05ad3f825","Box-gltf","Box","gltf","load","89","1089","1","3678.7","3546","0","0","","ok","42045440"
"rapidjson-1.9.5","2b410117c0e9e67da52afea5845610d05ad3f825","Avocado-gltf","Avocado","gltf","roundtrip","89","1089","1","20596.4","8110895","8109906","5","C72227178574600C360CE50E5B5965D8A785D0BC17589F19D16D2E1502BC4836","ok","42045440"
"rapidjson-1.9.5","2b410117c0e9e67da52afea5845610d05ad3f825","Avocado-glb","Avocado","glb","roundtrip","89","1089","1","127713.4","8110040","8110104","1","DC2AB7E28D10AB39C1BB0E8F8408461872DAE99A1241E71DD91CA53901724CA0","ok","42045440"
"rapidjson-1.9.5","2b410117c0e9e67da52afea5845610d05ad3f825","Box-gltf","Box","gltf","roundtrip","89","1089","1","3868.2","3546","1618","2","9BA5254B1E66D656D6CD07CC10D829597E5151E98F7DBCAA59A6C5807532388D","ok","42045440"
"rapidjson-1.9.5","2b410117c0e9e67da52afea5845610d05ad3f825","Avocado-glb","Avocado","glb","load","89","1089","1","19546.1","8110040","0","0","","ok","42045440"
"rapidjson-1.9.5","2b410117c0e9e67da52afea5845610d05ad3f825","Box-glb","Box","glb","roundtrip","89","1089","1","3266.7","1664","1632","1","80503A0DF23E35679EEF3E3ED6E527B6EEA00D8265BC7D2AAF4CEC4A36CF8D1B","ok","42045440"
"rapidjson-1.9.5","2b410117c0e9e67da52afea5845610d05ad3f825","Box-glb","Box","glb","export","89","1089","1","533.3","1664","1632","1","80503A0DF23E35679EEF3E3ED6E527B6EEA00D8265BC7D2AAF4CEC4A36CF8D1B","ok","42045440"
"rapidjson-1.9.5","2b410117c0e9e67da52afea5845610d05ad3f825","Avocado-glb","Avocado","glb","export","89","1089","1","46148.4","8110040","8110104","1","DC2AB7E28D10AB39C1BB0E8F8408461872DAE99A1241E71DD91CA53901724CA0","ok","42045440"
"rapidjson-1.9.5","2b410117c0e9e67da52afea5845610d05ad3f825","Box-gltf","Box","gltf","export","89","1089","1","731.6","3546","1618","2","9BA5254B1E66D656D6CD07CC10D829597E5151E98F7DBCAA59A6C5807532388D","ok","42045440"
"rapidjson-1.9.5","2b410117c0e9e67da52afea5845610d05ad3f825","Box-glb","Box","glb","load","89","1089","1","2647.9","1664","0","0","","ok","42045440"
"rapidjson-1.9.5","2b410117c0e9e67da52afea5845610d05ad3f825","Avocado-gltf","Avocado","gltf","load","89","1089","1","14976.8","8110895","0","0","","ok","42045440"
"rapidjson-1.9.5","2b410117c0e9e67da52afea5845610d05ad3f825","Avocado-gltf","Avocado","gltf","export","89","1089","1","4637.6","8110895","8109906","5","C72227178574600C360CE50E5B5965D8A785D0BC17589F19D16D2E1502BC4836","ok","42045440"
"rapidjson-1.9.5","2b410117c0e9e67da52afea5845610d05ad3f825","Box-gltf","Box","gltf","export","90","1090","2","779.7","3546","1618","2","9BA5254B1E66D656D6CD07CC10D829597E5151E98F7DBCAA59A6C5807532388D","ok","42045440"
"rapidjson-1.9.5","2b410117c0e9e67da52afea5845610d05ad3f825","Avocado-gltf","Avocado","gltf","roundtrip","90","1090","2","20958.2","8110895","8109906","5","C72227178574600C360CE50E5B5965D8A785D0BC17589F19D16D2E1502BC4836","ok","42045440"
"rapidjson-1.9.5","2b410117c0e9e67da52afea5845610d05ad3f825","Avocado-gltf","Avocado","gltf","export","90","1090","2","6219.6","8110895","8109906","5","C72227178574600C360CE50E5B5965D8A785D0BC17589F19D16D2E1502BC4836","ok","42045440"
"rapidjson-1.9.5","2b410117c0e9e67da52afea5845610d05ad3f825","Box-gltf","Box","gltf","load","90","1090","2","4215.2","3546","0","0","","ok","42045440"
"rapidjson-1.9.5","2b410117c0e9e67da52afea5845610d05ad3f825","Avocado-glb","Avocado","glb","export","90","1090","2","106914.1","8110040","8110104","1","DC2AB7E28D10AB39C1BB0E8F8408461872DAE99A1241E71DD91CA53901724CA0","ok","42045440"
"rapidjson-1.9.5","2b410117c0e9e67da52afea5845610d05ad3f825","Avocado-gltf","Avocado","gltf","load","90","1090","2","15147.8","8110895","0","0","","ok","42045440"
"rapidjson-1.9.5","2b410117c0e9e67da52afea5845610d05ad3f825","Box-glb","Box","glb","export","90","1090","2","442.6","1664","1632","1","80503A0DF23E35679EEF3E3ED6E527B6EEA00D8265BC7D2AAF4CEC4A36CF8D1B","ok","42045440"
"rapidjson-1.9.5","2b410117c0e9e67da52afea5845610d05ad3f825","Box-glb","Box","glb","load","90","1090","2","2771.9","1664","0","0","","ok","42045440"
"rapidjson-1.9.5","2b410117c0e9e67da52afea5845610d05ad3f825","Box-gltf","Box","gltf","roundtrip","90","1090","2","3638.5","3546","1618","2","9BA5254B1E66D656D6CD07CC10D829597E5151E98F7DBCAA59A6C5807532388D","ok","42045440"
"rapidjson-1.9.5","2b410117c0e9e67da52afea5845610d05ad3f825","Avocado-glb","Avocado","glb","load","90","1090","2","19609.5","8110040","0","0","","ok","42045440"
"rapidjson-1.9.5","2b410117c0e9e67da52afea5845610d05ad3f825","Box-glb","Box","glb","roundtrip","90","1090","2","3251.4","1664","1632","1","80503A0DF23E35679EEF3E3ED6E527B6EEA00D8265BC7D2AAF4CEC4A36CF8D1B","ok","42045440"
"rapidjson-1.9.5","2b410117c0e9e67da52afea5845610d05ad3f825","Avocado-glb","Avocado","glb","roundtrip","90","1090","2","64926.2","8110040","8110104","1","DC2AB7E28D10AB39C1BB0E8F8408461872DAE99A1241E71DD91CA53901724CA0","ok","42045440"
"rapidjson-1.9.5","2b410117c0e9e67da52afea5845610d05ad3f825","Box-gltf","Box","gltf","load","91","1091","1","3711.7","3546","0","0","","ok","42143744"
"rapidjson-1.9.5","2b410117c0e9e67da52afea5845610d05ad3f825","Avocado-gltf","Avocado","gltf","export","91","1091","1","6277.5","8110895","8109906","5","C72227178574600C360CE50E5B5965D8A785D0BC17589F19D16D2E1502BC4836","ok","42143744"
"rapidjson-1.9.5","2b410117c0e9e67da52afea5845610d05ad3f825","Avocado-glb","Avocado","glb","export","91","1091","1","111096.7","8110040","8110104","1","DC2AB7E28D10AB39C1BB0E8F8408461872DAE99A1241E71DD91CA53901724CA0","ok","42143744"
"rapidjson-1.9.5","2b410117c0e9e67da52afea5845610d05ad3f825","Box-gltf","Box","gltf","export","91","1091","1","745.6","3546","1618","2","9BA5254B1E66D656D6CD07CC10D829597E5151E98F7DBCAA59A6C5807532388D","ok","42143744"
"rapidjson-1.9.5","2b410117c0e9e67da52afea5845610d05ad3f825","Box-glb","Box","glb","load","91","1091","1","2806","1664","0","0","","ok","42143744"
"rapidjson-1.9.5","2b410117c0e9e67da52afea5845610d05ad3f825","Box-gltf","Box","gltf","roundtrip","91","1091","1","3740.1","3546","1618","2","9BA5254B1E66D656D6CD07CC10D829597E5151E98F7DBCAA59A6C5807532388D","ok","42143744"
"rapidjson-1.9.5","2b410117c0e9e67da52afea5845610d05ad3f825","Avocado-gltf","Avocado","gltf","load","91","1091","1","15069.3","8110895","0","0","","ok","42143744"
"rapidjson-1.9.5","2b410117c0e9e67da52afea5845610d05ad3f825","Avocado-glb","Avocado","glb","roundtrip","91","1091","1","66497.9","8110040","8110104","1","DC2AB7E28D10AB39C1BB0E8F8408461872DAE99A1241E71DD91CA53901724CA0","ok","42143744"
"rapidjson-1.9.5","2b410117c0e9e67da52afea5845610d05ad3f825","Avocado-glb","Avocado","glb","load","91","1091","1","19716.5","8110040","0","0","","ok","42143744"
"rapidjson-1.9.5","2b410117c0e9e67da52afea5845610d05ad3f825","Box-glb","Box","glb","export","91","1091","1","527.3","1664","1632","1","80503A0DF23E35679EEF3E3ED6E527B6EEA00D8265BC7D2AAF4CEC4A36CF8D1B","ok","42143744"
"rapidjson-1.9.5","2b410117c0e9e67da52afea5845610d05ad3f825","Box-glb","Box","glb","roundtrip","91","1091","1","3264.9","1664","1632","1","80503A0DF23E35679EEF3E3ED6E527B6EEA00D8265BC7D2AAF4CEC4A36CF8D1B","ok","42143744"
"rapidjson-1.9.5","2b410117c0e9e67da52afea5845610d05ad3f825","Avocado-gltf","Avocado","gltf","roundtrip","91","1091","1","19467.7","8110895","8109906","5","C72227178574600C360CE50E5B5965D8A785D0BC17589F19D16D2E1502BC4836","ok","42143744"
"rapidjson-1.9.5","2b410117c0e9e67da52afea5845610d05ad3f825","Avocado-gltf","Avocado","gltf","roundtrip","92","1092","2","21888.1","8110895","8109906","5","C72227178574600C360CE50E5B5965D8A785D0BC17589F19D16D2E1502BC4836","ok","42053632"
"rapidjson-1.9.5","2b410117c0e9e67da52afea5845610d05ad3f825","Avocado-glb","Avocado","glb","roundtrip","92","1092","2","136378.4","8110040","8110104","1","DC2AB7E28D10AB39C1BB0E8F8408461872DAE99A1241E71DD91CA53901724CA0","ok","42053632"
"rapidjson-1.9.5","2b410117c0e9e67da52afea5845610d05ad3f825","Box-glb","Box","glb","export","92","1092","2","495","1664","1632","1","80503A0DF23E35679EEF3E3ED6E527B6EEA00D8265BC7D2AAF4CEC4A36CF8D1B","ok","42053632"
"rapidjson-1.9.5","2b410117c0e9e67da52afea5845610d05ad3f825","Avocado-gltf","Avocado","gltf","load","92","1092","2","14976.3","8110895","0","0","","ok","42053632"
"rapidjson-1.9.5","2b410117c0e9e67da52afea5845610d05ad3f825","Avocado-glb","Avocado","glb","load","92","1092","2","19249.3","8110040","0","0","","ok","42053632"
"rapidjson-1.9.5","2b410117c0e9e67da52afea5845610d05ad3f825","Box-gltf","Box","gltf","load","92","1092","2","3116","3546","0","0","","ok","42053632"
"rapidjson-1.9.5","2b410117c0e9e67da52afea5845610d05ad3f825","Box-glb","Box","glb","roundtrip","92","1092","2","3129.5","1664","1632","1","80503A0DF23E35679EEF3E3ED6E527B6EEA00D8265BC7D2AAF4CEC4A36CF8D1B","ok","42053632"
"rapidjson-1.9.5","2b410117c0e9e67da52afea5845610d05ad3f825","Avocado-gltf","Avocado","gltf","export","92","1092","2","4727.6","8110895","8109906","5","C72227178574600C360CE50E5B5965D8A785D0BC17589F19D16D2E1502BC4836","ok","42053632"
"rapidjson-1.9.5","2b410117c0e9e67da52afea5845610d05ad3f825","Avocado-glb","Avocado","glb","export","92","1092","2","45217.6","8110040","8110104","1","DC2AB7E28D10AB39C1BB0E8F8408461872DAE99A1241E71DD91CA53901724CA0","ok","42053632"
"rapidjson-1.9.5","2b410117c0e9e67da52afea5845610d05ad3f825","Box-gltf","Box","gltf","roundtrip","92","1092","2","3548.2","3546","1618","2","9BA5254B1E66D656D6CD07CC10D829597E5151E98F7DBCAA59A6C5807532388D","ok","42053632"
"rapidjson-1.9.5","2b410117c0e9e67da52afea5845610d05ad3f825","Box-gltf","Box","gltf","export","92","1092","2","787.3","3546","1618","2","9BA5254B1E66D656D6CD07CC10D829597E5151E98F7DBCAA59A6C5807532388D","ok","42053632"
"rapidjson-1.9.5","2b410117c0e9e67da52afea5845610d05ad3f825","Box-glb","Box","glb","load","92","1092","2","2582.8","1664","0","0","","ok","42053632"
"rapidjson-1.9.5","2b410117c0e9e67da52afea5845610d05ad3f825","Avocado-gltf","Avocado","gltf","roundtrip","93","1093","1","21141","8110895","8109906","5","C72227178574600C360CE50E5B5965D8A785D0BC17589F19D16D2E1502BC4836","ok","42086400"
"rapidjson-1.9.5","2b410117c0e9e67da52afea5845610d05ad3f825","Box-glb","Box","glb","roundtrip","93","1093","1","3934.1","1664","1632","1","80503A0DF23E35679EEF3E3ED6E527B6EEA00D8265BC7D2AAF4CEC4A36CF8D1B","ok","42086400"
"rapidjson-1.9.5","2b410117c0e9e67da52afea5845610d05ad3f825","Box-gltf","Box","gltf","export","93","1093","1","1112.9","3546","1618","2","9BA5254B1E66D656D6CD07CC10D829597E5151E98F7DBCAA59A6C5807532388D","ok","42086400"
"rapidjson-1.9.5","2b410117c0e9e67da52afea5845610d05ad3f825","Box-glb","Box","glb","export","93","1093","1","775.5","1664","1632","1","80503A0DF23E35679EEF3E3ED6E527B6EEA00D8265BC7D2AAF4CEC4A36CF8D1B","ok","42086400"
"rapidjson-1.9.5","2b410117c0e9e67da52afea5845610d05ad3f825","Avocado-gltf","Avocado","gltf","load","93","1093","1","68369.1","8110895","0","0","","ok","42086400"
"rapidjson-1.9.5","2b410117c0e9e67da52afea5845610d05ad3f825","Avocado-gltf","Avocado","gltf","export","93","1093","1","6775.6","8110895","8109906","5","C72227178574600C360CE50E5B5965D8A785D0BC17589F19D16D2E1502BC4836","ok","42086400"
"rapidjson-1.9.5","2b410117c0e9e67da52afea5845610d05ad3f825","Avocado-glb","Avocado","glb","load","93","1093","1","21925.4","8110040","0","0","","ok","42086400"
"rapidjson-1.9.5","2b410117c0e9e67da52afea5845610d05ad3f825","Avocado-glb","Avocado","glb","roundtrip","93","1093","1","67224","8110040","8110104","1","DC2AB7E28D10AB39C1BB0E8F8408461872DAE99A1241E71DD91CA53901724CA0","ok","42086400"
"rapidjson-1.9.5","2b410117c0e9e67da52afea5845610d05ad3f825","Box-gltf","Box","gltf","roundtrip","93","1093","1","3764.4","3546","1618","2","9BA5254B1E66D656D6CD07CC10D829597E5151E98F7DBCAA59A6C5807532388D","ok","42086400"
"rapidjson-1.9.5","2b410117c0e9e67da52afea5845610d05ad3f825","Avocado-glb","Avocado","glb","export","93","1093","1","46542.3","8110040","8110104","1","DC2AB7E28D10AB39C1BB0E8F8408461872DAE99A1241E71DD91CA53901724CA0","ok","42086400"
"rapidjson-1.9.5","2b410117c0e9e67da52afea5845610d05ad3f825","Box-glb","Box","glb","load","93","1093","1","2732.4","1664","0","0","","ok","42086400"
"rapidjson-1.9.5","2b410117c0e9e67da52afea5845610d05ad3f825","Box-gltf","Box","gltf","load","93","1093","1","2846.7","3546","0","0","","ok","42086400"
"rapidjson-1.9.5","2b410117c0e9e67da52afea5845610d05ad3f825","Avocado-gltf","Avocado","gltf","roundtrip","94","1094","2","22206.7","8110895","8109906","5","C72227178574600C360CE50E5B5965D8A785D0BC17589F19D16D2E1502BC4836","ok","42070016"
"rapidjson-1.9.5","2b410117c0e9e67da52afea5845610d05ad3f825","Box-gltf","Box","gltf","load","94","1094","2","3803.8","3546","0","0","","ok","42070016"
"rapidjson-1.9.5","2b410117c0e9e67da52afea5845610d05ad3f825","Avocado-glb","Avocado","glb","load","94","1094","2","74928.7","8110040","0","0","","ok","42070016"
"rapidjson-1.9.5","2b410117c0e9e67da52afea5845610d05ad3f825","Avocado-gltf","Avocado","gltf","export","94","1094","2","5896.1","8110895","8109906","5","C72227178574600C360CE50E5B5965D8A785D0BC17589F19D16D2E1502BC4836","ok","42070016"
"rapidjson-1.9.5","2b410117c0e9e67da52afea5845610d05ad3f825","Avocado-glb","Avocado","glb","roundtrip","94","1094","2","122518","8110040","8110104","1","DC2AB7E28D10AB39C1BB0E8F8408461872DAE99A1241E71DD91CA53901724CA0","ok","42070016"
"rapidjson-1.9.5","2b410117c0e9e67da52afea5845610d05ad3f825","Avocado-gltf","Avocado","gltf","load","94","1094","2","15574.4","8110895","0","0","","ok","42070016"
"rapidjson-1.9.5","2b410117c0e9e67da52afea5845610d05ad3f825","Avocado-glb","Avocado","glb","export","94","1094","2","46235.9","8110040","8110104","1","DC2AB7E28D10AB39C1BB0E8F8408461872DAE99A1241E71DD91CA53901724CA0","ok","42070016"
"rapidjson-1.9.5","2b410117c0e9e67da52afea5845610d05ad3f825","Box-glb","Box","glb","roundtrip","94","1094","2","3380.9","1664","1632","1","80503A0DF23E35679EEF3E3ED6E527B6EEA00D8265BC7D2AAF4CEC4A36CF8D1B","ok","42070016"
"rapidjson-1.9.5","2b410117c0e9e67da52afea5845610d05ad3f825","Box-glb","Box","glb","export","94","1094","2","501.4","1664","1632","1","80503A0DF23E35679EEF3E3ED6E527B6EEA00D8265BC7D2AAF4CEC4A36CF8D1B","ok","42070016"
"rapidjson-1.9.5","2b410117c0e9e67da52afea5845610d05ad3f825","Box-glb","Box","glb","load","94","1094","2","2592.3","1664","0","0","","ok","42070016"
"rapidjson-1.9.5","2b410117c0e9e67da52afea5845610d05ad3f825","Box-gltf","Box","gltf","roundtrip","94","1094","2","4646.9","3546","1618","2","9BA5254B1E66D656D6CD07CC10D829597E5151E98F7DBCAA59A6C5807532388D","ok","42070016"
"rapidjson-1.9.5","2b410117c0e9e67da52afea5845610d05ad3f825","Box-gltf","Box","gltf","export","94","1094","2","725.1","3546","1618","2","9BA5254B1E66D656D6CD07CC10D829597E5151E98F7DBCAA59A6C5807532388D","ok","42070016"
"rapidjson-1.9.5","2b410117c0e9e67da52afea5845610d05ad3f825","Box-gltf","Box","gltf","load","95","1095","1","3607.7","3546","0","0","","ok","42082304"
"rapidjson-1.9.5","2b410117c0e9e67da52afea5845610d05ad3f825","Avocado-glb","Avocado","glb","export","95","1095","1","51154.4","8110040","8110104","1","DC2AB7E28D10AB39C1BB0E8F8408461872DAE99A1241E71DD91CA53901724CA0","ok","42082304"
"rapidjson-1.9.5","2b410117c0e9e67da52afea5845610d05ad3f825","Box-glb","Box","glb","roundtrip","95","1095","1","3571","1664","1632","1","80503A0DF23E35679EEF3E3ED6E527B6EEA00D8265BC7D2AAF4CEC4A36CF8D1B","ok","42082304"
"rapidjson-1.9.5","2b410117c0e9e67da52afea5845610d05ad3f825","Avocado-gltf","Avocado","gltf","roundtrip","95","1095","1","21857.1","8110895","8109906","5","C72227178574600C360CE50E5B5965D8A785D0BC17589F19D16D2E1502BC4836","ok","42082304"
"rapidjson-1.9.5","2b410117c0e9e67da52afea5845610d05ad3f825","Box-gltf","Box","gltf","roundtrip","95","1095","1","5081.9","3546","1618","2","9BA5254B1E66D656D6CD07CC10D829597E5151E98F7DBCAA59A6C5807532388D","ok","42082304"
"rapidjson-1.9.5","2b410117c0e9e67da52afea5845610d05ad3f825","Box-gltf","Box","gltf","export","95","1095","1","927.2","3546","1618","2","9BA5254B1E66D656D6CD07CC10D829597E5151E98F7DBCAA59A6C5807532388D","ok","42082304"
"rapidjson-1.9.5","2b410117c0e9e67da52afea5845610d05ad3f825","Box-glb","Box","glb","load","95","1095","1","3357.6","1664","0","0","","ok","42082304"
"rapidjson-1.9.5","2b410117c0e9e67da52afea5845610d05ad3f825","Avocado-glb","Avocado","glb","roundtrip","95","1095","1","182493.6","8110040","8110104","1","DC2AB7E28D10AB39C1BB0E8F8408461872DAE99A1241E71DD91CA53901724CA0","ok","42082304"
"rapidjson-1.9.5","2b410117c0e9e67da52afea5845610d05ad3f825","Avocado-gltf","Avocado","gltf","load","95","1095","1","15916","8110895","0","0","","ok","42082304"
"rapidjson-1.9.5","2b410117c0e9e67da52afea5845610d05ad3f825","Box-glb","Box","glb","export","95","1095","1","512","1664","1632","1","80503A0DF23E35679EEF3E3ED6E527B6EEA00D8265BC7D2AAF4CEC4A36CF8D1B","ok","42082304"
"rapidjson-1.9.5","2b410117c0e9e67da52afea5845610d05ad3f825","Avocado-gltf","Avocado","gltf","export","95","1095","1","4944","8110895","8109906","5","C72227178574600C360CE50E5B5965D8A785D0BC17589F19D16D2E1502BC4836","ok","42082304"
"rapidjson-1.9.5","2b410117c0e9e67da52afea5845610d05ad3f825","Avocado-glb","Avocado","glb","load","95","1095","1","19991.5","8110040","0","0","","ok","42082304"
"rapidjson-1.9.5","2b410117c0e9e67da52afea5845610d05ad3f825","Avocado-glb","Avocado","glb","roundtrip","96","1096","2","68175.5","8110040","8110104","1","DC2AB7E28D10AB39C1BB0E8F8408461872DAE99A1241E71DD91CA53901724CA0","ok","42094592"
"rapidjson-1.9.5","2b410117c0e9e67da52afea5845610d05ad3f825","Box-gltf","Box","gltf","roundtrip","96","1096","2","5207","3546","1618","2","9BA5254B1E66D656D6CD07CC10D829597E5151E98F7DBCAA59A6C5807532388D","ok","42094592"
"rapidjson-1.9.5","2b410117c0e9e67da52afea5845610d05ad3f825","Avocado-gltf","Avocado","gltf","load","96","1096","2","15869.9","8110895","0","0","","ok","42094592"
"rapidjson-1.9.5","2b410117c0e9e67da52afea5845610d05ad3f825","Box-glb","Box","glb","roundtrip","96","1096","2","3560.5","1664","1632","1","80503A0DF23E35679EEF3E3ED6E527B6EEA00D8265BC7D2AAF4CEC4A36CF8D1B","ok","42094592"
"rapidjson-1.9.5","2b410117c0e9e67da52afea5845610d05ad3f825","Avocado-glb","Avocado","glb","export","96","1096","2","106406.5","8110040","8110104","1","DC2AB7E28D10AB39C1BB0E8F8408461872DAE99A1241E71DD91CA53901724CA0","ok","42094592"
"rapidjson-1.9.5","2b410117c0e9e67da52afea5845610d05ad3f825","Avocado-gltf","Avocado","gltf","roundtrip","96","1096","2","71531.6","8110895","8109906","5","C72227178574600C360CE50E5B5965D8A785D0BC17589F19D16D2E1502BC4836","ok","42094592"
"rapidjson-1.9.5","2b410117c0e9e67da52afea5845610d05ad3f825","Box-glb","Box","glb","load","96","1096","2","2786.8","1664","0","0","","ok","42094592"
"rapidjson-1.9.5","2b410117c0e9e67da52afea5845610d05ad3f825","Box-gltf","Box","gltf","export","96","1096","2","688.7","3546","1618","2","9BA5254B1E66D656D6CD07CC10D829597E5151E98F7DBCAA59A6C5807532388D","ok","42094592"
"rapidjson-1.9.5","2b410117c0e9e67da52afea5845610d05ad3f825","Box-glb","Box","glb","export","96","1096","2","503","1664","1632","1","80503A0DF23E35679EEF3E3ED6E527B6EEA00D8265BC7D2AAF4CEC4A36CF8D1B","ok","42094592"
"rapidjson-1.9.5","2b410117c0e9e67da52afea5845610d05ad3f825","Avocado-glb","Avocado","glb","load","96","1096","2","19377.2","8110040","0","0","","ok","42094592"
"rapidjson-1.9.5","2b410117c0e9e67da52afea5845610d05ad3f825","Box-gltf","Box","gltf","load","96","1096","2","2915","3546","0","0","","ok","42094592"
"rapidjson-1.9.5","2b410117c0e9e67da52afea5845610d05ad3f825","Avocado-gltf","Avocado","gltf","export","96","1096","2","4587.9","8110895","8109906","5","C72227178574600C360CE50E5B5965D8A785D0BC17589F19D16D2E1502BC4836","ok","42094592"
"rapidjson-1.9.5","2b410117c0e9e67da52afea5845610d05ad3f825","Box-gltf","Box","gltf","load","97","1097","1","3604.8","3546","0","0","","ok","42119168"
"rapidjson-1.9.5","2b410117c0e9e67da52afea5845610d05ad3f825","Avocado-gltf","Avocado","gltf","export","97","1097","1","4618.4","8110895","8109906","5","C72227178574600C360CE50E5B5965D8A785D0BC17589F19D16D2E1502BC4836","ok","42119168"
"rapidjson-1.9.5","2b410117c0e9e67da52afea5845610d05ad3f825","Box-glb","Box","glb","load","97","1097","1","3495.9","1664","0","0","","ok","42119168"
"rapidjson-1.9.5","2b410117c0e9e67da52afea5845610d05ad3f825","Box-glb","Box","glb","export","97","1097","1","708.5","1664","1632","1","80503A0DF23E35679EEF3E3ED6E527B6EEA00D8265BC7D2AAF4CEC4A36CF8D1B","ok","42119168"
"rapidjson-1.9.5","2b410117c0e9e67da52afea5845610d05ad3f825","Avocado-gltf","Avocado","gltf","load","97","1097","1","19825.9","8110895","0","0","","ok","42119168"
"rapidjson-1.9.5","2b410117c0e9e67da52afea5845610d05ad3f825","Box-gltf","Box","gltf","export","97","1097","1","865.7","3546","1618","2","9BA5254B1E66D656D6CD07CC10D829597E5151E98F7DBCAA59A6C5807532388D","ok","42119168"
"rapidjson-1.9.5","2b410117c0e9e67da52afea5845610d05ad3f825","Avocado-glb","Avocado","glb","roundtrip","97","1097","1","134388","8110040","8110104","1","DC2AB7E28D10AB39C1BB0E8F8408461872DAE99A1241E71DD91CA53901724CA0","ok","42119168"
"rapidjson-1.9.5","2b410117c0e9e67da52afea5845610d05ad3f825","Box-glb","Box","glb","roundtrip","97","1097","1","4098.5","1664","1632","1","80503A0DF23E35679EEF3E3ED6E527B6EEA00D8265BC7D2AAF4CEC4A36CF8D1B","ok","42119168"
"rapidjson-1.9.5","2b410117c0e9e67da52afea5845610d05ad3f825","Avocado-gltf","Avocado","gltf","roundtrip","97","1097","1","21094.2","8110895","8109906","5","C72227178574600C360CE50E5B5965D8A785D0BC17589F19D16D2E1502BC4836","ok","42119168"
"rapidjson-1.9.5","2b410117c0e9e67da52afea5845610d05ad3f825","Avocado-glb","Avocado","glb","export","97","1097","1","47448.7","8110040","8110104","1","DC2AB7E28D10AB39C1BB0E8F8408461872DAE99A1241E71DD91CA53901724CA0","ok","42119168"
"rapidjson-1.9.5","2b410117c0e9e67da52afea5845610d05ad3f825","Avocado-glb","Avocado","glb","load","97","1097","1","19711.8","8110040","0","0","","ok","42119168"
"rapidjson-1.9.5","2b410117c0e9e67da52afea5845610d05ad3f825","Box-gltf","Box","gltf","roundtrip","97","1097","1","3724.6","3546","1618","2","9BA5254B1E66D656D6CD07CC10D829597E5151E98F7DBCAA59A6C5807532388D","ok","42119168"
"rapidjson-1.9.5","2b410117c0e9e67da52afea5845610d05ad3f825","Box-glb","Box","glb","roundtrip","98","1098","2","3872.2","1664","1632","1","80503A0DF23E35679EEF3E3ED6E527B6EEA00D8265BC7D2AAF4CEC4A36CF8D1B","ok","42074112"
"rapidjson-1.9.5","2b410117c0e9e67da52afea5845610d05ad3f825","Box-gltf","Box","gltf","roundtrip","98","1098","2","3889.1","3546","1618","2","9BA5254B1E66D656D6CD07CC10D829597E5151E98F7DBCAA59A6C5807532388D","ok","42074112"
"rapidjson-1.9.5","2b410117c0e9e67da52afea5845610d05ad3f825","Avocado-glb","Avocado","glb","export","98","1098","2","46933","8110040","8110104","1","DC2AB7E28D10AB39C1BB0E8F8408461872DAE99A1241E71DD91CA53901724CA0","ok","42074112"
"rapidjson-1.9.5","2b410117c0e9e67da52afea5845610d05ad3f825","Avocado-gltf","Avocado","gltf","load","98","1098","2","20246","8110895","0","0","","ok","42074112"
"rapidjson-1.9.5","2b410117c0e9e67da52afea5845610d05ad3f825","Box-glb","Box","glb","export","98","1098","2","596.3","1664","1632","1","80503A0DF23E35679EEF3E3ED6E527B6EEA00D8265BC7D2AAF4CEC4A36CF8D1B","ok","42074112"
"rapidjson-1.9.5","2b410117c0e9e67da52afea5845610d05ad3f825","Box-gltf","Box","gltf","export","98","1098","2","1036.7","3546","1618","2","9BA5254B1E66D656D6CD07CC10D829597E5151E98F7DBCAA59A6C5807532388D","ok","42074112"
"rapidjson-1.9.5","2b410117c0e9e67da52afea5845610d05ad3f825","Avocado-gltf","Avocado","gltf","roundtrip","98","1098","2","28399.4","8110895","8109906","5","C72227178574600C360CE50E5B5965D8A785D0BC17589F19D16D2E1502BC4836","ok","42074112"
"rapidjson-1.9.5","2b410117c0e9e67da52afea5845610d05ad3f825","Avocado-glb","Avocado","glb","load","98","1098","2","25371.7","8110040","0","0","","ok","42074112"
"rapidjson-1.9.5","2b410117c0e9e67da52afea5845610d05ad3f825","Box-glb","Box","glb","load","98","1098","2","3594.6","1664","0","0","","ok","42074112"
"rapidjson-1.9.5","2b410117c0e9e67da52afea5845610d05ad3f825","Box-gltf","Box","gltf","load","98","1098","2","5548.8","3546","0","0","","ok","42074112"
"rapidjson-1.9.5","2b410117c0e9e67da52afea5845610d05ad3f825","Avocado-gltf","Avocado","gltf","export","98","1098","2","54660.5","8110895","8109906","5","C72227178574600C360CE50E5B5965D8A785D0BC17589F19D16D2E1502BC4836","ok","42074112"
"rapidjson-1.9.5","2b410117c0e9e67da52afea5845610d05ad3f825","Avocado-glb","Avocado","glb","roundtrip","98","1098","2","66278.6","8110040","8110104","1","DC2AB7E28D10AB39C1BB0E8F8408461872DAE99A1241E71DD91CA53901724CA0","ok","42074112"
"rapidjson-1.9.5","2b410117c0e9e67da52afea5845610d05ad3f825","Avocado-gltf","Avocado","gltf","export","99","1099","1","5290.6","8110895","8109906","5","C72227178574600C360CE50E5B5965D8A785D0BC17589F19D16D2E1502BC4836","ok","42106880"
"rapidjson-1.9.5","2b410117c0e9e67da52afea5845610d05ad3f825","Box-glb","Box","glb","load","99","1099","1","3927.1","1664","0","0","","ok","42106880"
"rapidjson-1.9.5","2b410117c0e9e67da52afea5845610d05ad3f825","Avocado-gltf","Avocado","gltf","load","99","1099","1","18429.4","8110895","0","0","","ok","42106880"
"rapidjson-1.9.5","2b410117c0e9e67da52afea5845610d05ad3f825","Box-gltf","Box","gltf","roundtrip","99","1099","1","4822.1","3546","1618","2","9BA5254B1E66D656D6CD07CC10D829597E5151E98F7DBCAA59A6C5807532388D","ok","42106880"
"rapidjson-1.9.5","2b410117c0e9e67da52afea5845610d05ad3f825","Box-gltf","Box","gltf","load","99","1099","1","2976.3","3546","0","0","","ok","42106880"
"rapidjson-1.9.5","2b410117c0e9e67da52afea5845610d05ad3f825","Avocado-glb","Avocado","glb","load","99","1099","1","26419.9","8110040","0","0","","ok","42106880"
"rapidjson-1.9.5","2b410117c0e9e67da52afea5845610d05ad3f825","Box-glb","Box","glb","export","99","1099","1","666.8","1664","1632","1","80503A0DF23E35679EEF3E3ED6E527B6EEA00D8265BC7D2AAF4CEC4A36CF8D1B","ok","42106880"
"rapidjson-1.9.5","2b410117c0e9e67da52afea5845610d05ad3f825","Avocado-glb","Avocado","glb","roundtrip","99","1099","1","140347.3","8110040","8110104","1","DC2AB7E28D10AB39C1BB0E8F8408461872DAE99A1241E71DD91CA53901724CA0","ok","42106880"
"rapidjson-1.9.5","2b410117c0e9e67da52afea5845610d05ad3f825","Box-glb","Box","glb","roundtrip","99","1099","1","3367.6","1664","1632","1","80503A0DF23E35679EEF3E3ED6E527B6EEA00D8265BC7D2AAF4CEC4A36CF8D1B","ok","42106880"
"rapidjson-1.9.5","2b410117c0e9e67da52afea5845610d05ad3f825","Box-gltf","Box","gltf","export","99","1099","1","826.2","3546","1618","2","9BA5254B1E66D656D6CD07CC10D829597E5151E98F7DBCAA59A6C5807532388D","ok","42106880"
"rapidjson-1.9.5","2b410117c0e9e67da52afea5845610d05ad3f825","Avocado-gltf","Avocado","gltf","roundtrip","99","1099","1","20293.8","8110895","8109906","5","C72227178574600C360CE50E5B5965D8A785D0BC17589F19D16D2E1502BC4836","ok","42106880"
"rapidjson-1.9.5","2b410117c0e9e67da52afea5845610d05ad3f825","Avocado-glb","Avocado","glb","export","99","1099","1","47098.6","8110040","8110104","1","DC2AB7E28D10AB39C1BB0E8F8408461872DAE99A1241E71DD91CA53901724CA0","ok","42106880"
"rapidjson-1.9.5","2b410117c0e9e67da52afea5845610d05ad3f825","Avocado-glb","Avocado","glb","load","100","1100","2","20412.7","8110040","0","0","","ok","42078208"
"rapidjson-1.9.5","2b410117c0e9e67da52afea5845610d05ad3f825","Box-gltf","Box","gltf","roundtrip","100","1100","2","4496.1","3546","1618","2","9BA5254B1E66D656D6CD07CC10D829597E5151E98F7DBCAA59A6C5807532388D","ok","42078208"
"rapidjson-1.9.5","2b410117c0e9e67da52afea5845610d05ad3f825","Avocado-gltf","Avocado","gltf","roundtrip","100","1100","2","25273","8110895","8109906","5","C72227178574600C360CE50E5B5965D8A785D0BC17589F19D16D2E1502BC4836","ok","42078208"
"rapidjson-1.9.5","2b410117c0e9e67da52afea5845610d05ad3f825","Box-glb","Box","glb","load","100","1100","2","3439.9","1664","0","0","","ok","42078208"
"rapidjson-1.9.5","2b410117c0e9e67da52afea5845610d05ad3f825","Avocado-glb","Avocado","glb","roundtrip","100","1100","2","129384.3","8110040","8110104","1","DC2AB7E28D10AB39C1BB0E8F8408461872DAE99A1241E71DD91CA53901724CA0","ok","42078208"
"rapidjson-1.9.5","2b410117c0e9e67da52afea5845610d05ad3f825","Avocado-glb","Avocado","glb","export","100","1100","2","45932.7","8110040","8110104","1","DC2AB7E28D10AB39C1BB0E8F8408461872DAE99A1241E71DD91CA53901724CA0","ok","42078208"
"rapidjson-1.9.5","2b410117c0e9e67da52afea5845610d05ad3f825","Avocado-gltf","Avocado","gltf","export","100","1100","2","6109.6","8110895","8109906","5","C72227178574600C360CE50E5B5965D8A785D0BC17589F19D16D2E1502BC4836","ok","42078208"
"rapidjson-1.9.5","2b410117c0e9e67da52afea5845610d05ad3f825","Box-glb","Box","glb","export","100","1100","2","498.8","1664","1632","1","80503A0DF23E35679EEF3E3ED6E527B6EEA00D8265BC7D2AAF4CEC4A36CF8D1B","ok","42078208"
"rapidjson-1.9.5","2b410117c0e9e67da52afea5845610d05ad3f825","Box-gltf","Box","gltf","load","100","1100","2","3234.9","3546","0","0","","ok","42078208"
"rapidjson-1.9.5","2b410117c0e9e67da52afea5845610d05ad3f825","Box-gltf","Box","gltf","export","100","1100","2","7427.7","3546","1618","2","9BA5254B1E66D656D6CD07CC10D829597E5151E98F7DBCAA59A6C5807532388D","ok","42078208"
"rapidjson-1.9.5","2b410117c0e9e67da52afea5845610d05ad3f825","Box-glb","Box","glb","roundtrip","100","1100","2","3403.9","1664","1632","1","80503A0DF23E35679EEF3E3ED6E527B6EEA00D8265BC7D2AAF4CEC4A36CF8D1B","ok","42078208"
"rapidjson-1.9.5","2b410117c0e9e67da52afea5845610d05ad3f825","Avocado-gltf","Avocado","gltf","load","100","1100","2","16867","8110895","0","0","","ok","42078208"
