"implementation","source_commit","case_id","asset","format","operation","sample","order_seed","branch_order_position","elapsed_us","input_bytes","output_bytes","output_file_count","output_set_sha256","semantic_status","process_peak_working_set_bytes"
"nlohmann-2.0.0","e213c56f29a06d286edb48c6db9a7f05cd573bb2","Avocado-glb","Avocado","glb","load","1","1001","2","22589.1","8110040","0","0","","ok","42459136"
"nlohmann-2.0.0","e213c56f29a06d286edb48c6db9a7f05cd573bb2","Box-glb","Box","glb","load","1","1001","2","4872.9","1664","0","0","","ok","42459136"
"nlohmann-2.0.0","e213c56f29a06d286edb48c6db9a7f05cd573bb2","Box-gltf","Box","gltf","load","1","1001","2","5207.6","3546","0","0","","ok","42459136"
"nlohmann-2.0.0","e213c56f29a06d286edb48c6db9a7f05cd573bb2","Box-gltf","Box","gltf","export","1","1001","2","940","3546","1618","2","3C980C11AF22743E70D6A34755F3856A488C494AF170A9B64090B03052649936","ok","42459136"
"nlohmann-2.0.0","e213c56f29a06d286edb48c6db9a7f05cd573bb2","Avocado-glb","Avocado","glb","export","1","1001","2","47646.7","8110040","8110104","1","C813BA5B22D1EAAA78AECE97500EB82FD483EF1AFC4C3B5494F0C45F40C6B307","ok","42459136"
"nlohmann-2.0.0","e213c56f29a06d286edb48c6db9a7f05cd573bb2","Avocado-gltf","Avocado","gltf","roundtrip","1","1001","2","22472.5","8110895","8109904","5","577BE81BE38882B7629C0391DDA4BFB51ACEB236413AB39AE26F9467ED82C14A","ok","42459136"
"nlohmann-2.0.0","e213c56f29a06d286edb48c6db9a7f05cd573bb2","Box-glb","Box","glb","export","1","1001","2","657.1","1664","1632","1","92E24B450EDF96029BFD157879B2E8D534DF9399E42C1E65980324EF585CF4C1","ok","42459136"
"nlohmann-2.0.0","e213c56f29a06d286edb48c6db9a7f05cd573bb2","Box-gltf","Box","gltf","roundtrip","1","1001","2","7054.5","3546","1618","2","3C980C11AF22743E70D6A34755F3856A488C494AF170A9B64090B03052649936","ok","42459136"
"nlohmann-2.0.0","e213c56f29a06d286edb48c6db9a7f05cd573bb2","Avocado-gltf","Avocado","gltf","load","1","1001","2","70547.4","8110895","0","0","","ok","42459136"
"nlohmann-2.0.0","e213c56f29a06d286edb48c6db9a7f05cd573bb2","Box-glb","Box","glb","roundtrip","1","1001","2","9938.6","1664","1632","1","92E24B450EDF96029BFD157879B2E8D534DF9399E42C1E65980324EF585CF4C1","ok","42459136"
"nlohmann-2.0.0","e213c56f29a06d286edb48c6db9a7f05cd573bb2","Avocado-gltf","Avocado","gltf","export","1","1001","2","5745","8110895","8109904","5","577BE81BE38882B7629C0391DDA4BFB51ACEB236413AB39AE26F9467ED82C14A","ok","42459136"
"nlohmann-2.0.0","e213c56f29a06d286edb48c6db9a7f05cd573bb2","Avocado-glb","Avocado","glb","roundtrip","1","1001","2","68056.9","8110040","8110104","1","C813BA5B22D1EAAA78AECE97500EB82FD483EF1AFC4C3B5494F0C45F40C6B307","ok","42459136"
"nlohmann-2.0.0","e213c56f29a06d286edb48c6db9a7f05cd573bb2","Avocado-glb","Avocado","glb","load","2","1002","1","22708.6","8110040","0","0","","ok","38498304"
"nlohmann-2.0.0","e213c56f29a06d286edb48c6db9a7f05cd573bb2","Avocado-glb","Avocado","glb","roundtrip","2","1002","1","74714","8110040","8110104","1","C813BA5B22D1EAAA78AECE97500EB82FD483EF1AFC4C3B5494F0C45F40C6B307","ok","38498304"
"nlohmann-2.0.0","e213c56f29a06d286edb48c6db9a7f05cd573bb2","Box-gltf","Box","gltf","export","2","1002","1","872.2","3546","1618","2","3C980C11AF22743E70D6A34755F3856A488C494AF170A9B64090B03052649936","ok","38498304"
"nlohmann-2.0.0","e213c56f29a06d286edb48c6db9a7f05cd573bb2","Box-glb","Box","glb","load","2","1002","1","6571.8","1664","0","0","","ok","38498304"
"nlohmann-2.0.0","e213c56f29a06d286edb48c6db9a7f05cd573bb2","Avocado-glb","Avocado","glb","export","2","1002","1","54225","8110040","8110104","1","C813BA5B22D1EAAA78AECE97500EB82FD483EF1AFC4C3B5494F0C45F40C6B307","ok","38498304"
"nlohmann-2.0.0","e213c56f29a06d286edb48c6db9a7f05cd573bb2","Box-gltf","Box","gltf","roundtrip","2","1002","1","6147.3","3546","1618","2","3C980C11AF22743E70D6A34755F3856A488C494AF170A9B64090B03052649936","ok","38498304"
"nlohmann-2.0.0","e213c56f29a06d286edb48c6db9a7f05cd573bb2","Avocado-gltf","Avocado","gltf","roundtrip","2","1002","1","26269.1","8110895","8109904","5","577BE81BE38882B7629C0391DDA4BFB51ACEB236413AB39AE26F9467ED82C14A","ok","38498304"
"nlohmann-2.0.0","e213c56f29a06d286edb48c6db9a7f05cd573bb2","Box-glb","Box","glb","roundtrip","2","1002","1","6476.1","1664","1632","1","92E24B450EDF96029BFD157879B2E8D534DF9399E42C1E65980324EF585CF4C1","ok","38498304"
"nlohmann-2.0.0","e213c56f29a06d286edb48c6db9a7f05cd573bb2","Box-gltf","Box","gltf","load","2","1002","1","5760.1","3546","0","0","","ok","38498304"
"nlohmann-2.0.0","e213c56f29a06d286edb48c6db9a7f05cd573bb2","Avocado-gltf","Avocado","gltf","load","2","1002","1","67741.1","8110895","0","0","","ok","38498304"
"nlohmann-2.0.0","e213c56f29a06d286edb48c6db9a7f05cd573bb2","Avocado-gltf","Avocado","gltf","export","2","1002","1","5459.9","8110895","8109904","5","577BE81BE38882B7629C0391DDA4BFB51ACEB236413AB39AE26F9467ED82C14A","ok","38498304"
"nlohmann-2.0.0","e213c56f29a06d286edb48c6db9a7f05cd573bb2","Box-glb","Box","glb","export","2","1002","1","50191.2","1664","1632","1","92E24B450EDF96029BFD157879B2E8D534DF9399E42C1E65980324EF585CF4C1","ok","38498304"
"nlohmann-2.0.0","e213c56f29a06d286edb48c6db9a7f05cd573bb2","Box-gltf","Box","gltf","load","3","1003","2","6059.9","3546","0","0","","ok","42426368"
"nlohmann-2.0.0","e213c56f29a06d286edb48c6db9a7f05cd573bb2","Box-glb","Box","glb","export","3","1003","2","579.5","1664","1632","1","92E24B450EDF96029BFD157879B2E8D534DF9399E42C1E65980324EF585CF4C1","ok","42426368"
"nlohmann-2.0.0","e213c56f29a06d286edb48c6db9a7f05cd573bb2","Avocado-glb","Avocado","glb","roundtrip","3","1003","2","72006.5","8110040","8110104","1","C813BA5B22D1EAAA78AECE97500EB82FD483EF1AFC4C3B5494F0C45F40C6B307","ok","42426368"
"nlohmann-2.0.0","e213c56f29a06d286edb48c6db9a7f05cd573bb2","Avocado-gltf","Avocado","gltf","load","3","1003","2","18835.3","8110895","0","0","","ok","42426368"
"nlohmann-2.0.0","e213c56f29a06d286edb48c6db9a7f05cd573bb2","Box-glb","Box","glb","roundtrip","3","1003","2","5622.9","1664","1632","1","92E24B450EDF96029BFD157879B2E8D534DF9399E42C1E65980324EF585CF4C1","ok","42426368"
"nlohmann-2.0.0","e213c56f29a06d286edb48c6db9a7f05cd573bb2","Box-glb","Box","glb","load","3","1003","2","5804.1","1664","0","0","","ok","42426368"
"nlohmann-2.0.0","e213c56f29a06d286edb48c6db9a7f05cd573bb2","Avocado-glb","Avocado","glb","export","3","1003","2","104928.2","8110040","8110104","1","C813BA5B22D1EAAA78AECE97500EB82FD483EF1AFC4C3B5494F0C45F40C6B307","ok","42426368"
"nlohmann-2.0.0","e213c56f29a06d286edb48c6db9a7f05cd573bb2","Box-gltf","Box","gltf","roundtrip","3","1003","2","6355.4","3546","1618","2","3C980C11AF22743E70D6A34755F3856A488C494AF170A9B64090B03052649936","ok","42426368"
"nlohmann-2.0.0","e213c56f29a06d286edb48c6db9a7f05cd573bb2","Avocado-gltf","Avocado","gltf","roundtrip","3","1003","2","25303.5","8110895","8109904","5","577BE81BE38882B7629C0391DDA4BFB51ACEB236413AB39AE26F9467ED82C14A","ok","42426368"
"nlohmann-2.0.0","e213c56f29a06d286edb48c6db9a7f05cd573bb2","Avocado-gltf","Avocado","gltf","export","3","1003","2","4606.6","8110895","8109904","5","577BE81BE38882B7629C0391DDA4BFB51ACEB236413AB39AE26F9467ED82C14A","ok","42426368"
"nlohmann-2.0.0","e213c56f29a06d286edb48c6db9a7f05cd573bb2","Box-gltf","Box","gltf","export","3","1003","2","1183.3","3546","1618","2","3C980C11AF22743E70D6A34755F3856A488C494AF170A9B64090B03052649936","ok","42426368"
"nlohmann-2.0.0","e213c56f29a06d286edb48c6db9a7f05cd573bb2","Avocado-glb","Avocado","glb","load","3","1003","2","21878.7","8110040","0","0","","ok","42426368"
"nlohmann-2.0.0","e213c56f29a06d286edb48c6db9a7f05cd573bb2","Avocado-gltf","Avocado","gltf","load","4","1004","1","17866","8110895","0","0","","ok","42467328"
"nlohmann-2.0.0","e213c56f29a06d286edb48c6db9a7f05cd573bb2","Box-glb","Box","glb","export","4","1004","1","789.3","1664","1632","1","92E24B450EDF96029BFD157879B2E8D534DF9399E42C1E65980324EF585CF4C1","ok","42467328"
"nlohmann-2.0.0","e213c56f29a06d286edb48c6db9a7f05cd573bb2","Box-gltf","Box","gltf","export","4","1004","1","1081.5","3546","1618","2","3C980C11AF22743E70D6A34755F3856A488C494AF170A9B64090B03052649936","ok","42467328"
"nlohmann-2.0.0","e213c56f29a06d286edb48c6db9a7f05cd573bb2","Box-glb","Box","glb","load","4","1004","1","6694.2","1664","0","0","","ok","42467328"
"nlohmann-2.0.0","e213c56f29a06d286edb48c6db9a7f05cd573bb2","Box-gltf","Box","gltf","load","4","1004","1","6013","3546","0","0","","ok","42467328"
"nlohmann-2.0.0","e213c56f29a06d286edb48c6db9a7f05cd573bb2","Box-glb","Box","glb","roundtrip","4","1004","1","6193.1","1664","1632","1","92E24B450EDF96029BFD157879B2E8D534DF9399E42C1E65980324EF585CF4C1","ok","42467328"
"nlohmann-2.0.0","e213c56f29a06d286edb48c6db9a7f05cd573bb2","Box-gltf","Box","gltf","roundtrip","4","1004","1","56920.4","3546","1618","2","3C980C11AF22743E70D6A34755F3856A488C494AF170A9B64090B03052649936","ok","42467328"
"nlohmann-2.0.0","e213c56f29a06d286edb48c6db9a7f05cd573bb2","Avocado-gltf","Avocado","gltf","roundtrip","4","1004","1","30533.4","8110895","8109904","5","577BE81BE38882B7629C0391DDA4BFB51ACEB236413AB39AE26F9467ED82C14A","ok","42467328"
"nlohmann-2.0.0","e213c56f29a06d286edb48c6db9a7f05cd573bb2","Avocado-glb","Avocado","glb","export","4","1004","1","46177.1","8110040","8110104","1","C813BA5B22D1EAAA78AECE97500EB82FD483EF1AFC4C3B5494F0C45F40C6B307","ok","42467328"
"nlohmann-2.0.0","e213c56f29a06d286edb48c6db9a7f05cd573bb2","Avocado-glb","Avocado","glb","roundtrip","4","1004","1","76579.4","8110040","8110104","1","C813BA5B22D1EAAA78AECE97500EB82FD483EF1AFC4C3B5494F0C45F40C6B307","ok","42467328"
"nlohmann-2.0.0","e213c56f29a06d286edb48c6db9a7f05cd573bb2","Avocado-gltf","Avocado","gltf","export","4","1004","1","4648","8110895","8109904","5","577BE81BE38882B7629C0391DDA4BFB51ACEB236413AB39AE26F9467ED82C14A","ok","42467328"
"nlohmann-2.0.0","e213c56f29a06d286edb48c6db9a7f05cd573bb2","Avocado-glb","Avocado","glb","load","4","1004","1","22161.6","8110040","0","0","","ok","42467328"
"nlohmann-2.0.0","e213c56f29a06d286edb48c6db9a7f05cd573bb2","Box-gltf","Box","gltf","roundtrip","5","1005","2","6577.8","3546","1618","2","3C980C11AF22743E70D6A34755F3856A488C494AF170A9B64090B03052649936","ok","42426368"
"nlohmann-2.0.0","e213c56f29a06d286edb48c6db9a7f05cd573bb2","Avocado-gltf","Avocado","gltf","roundtrip","5","1005","2","22207.7","8110895","8109904","5","577BE81BE38882B7629C0391DDA4BFB51ACEB236413AB39AE26F9467ED82C14A","ok","42426368"
"nlohmann-2.0.0","e213c56f29a06d286edb48c6db9a7f05cd573bb2","Avocado-gltf","Avocado","gltf","load","5","1005","2","20104.1","8110895","0","0","","ok","42426368"
"nlohmann-2.0.0","e213c56f29a06d286edb48c6db9a7f05cd573bb2","Avocado-glb","Avocado","glb","roundtrip","5","1005","2","131146","8110040","8110104","1","C813BA5B22D1EAAA78AECE97500EB82FD483EF1AFC4C3B5494F0C45F40C6B307","ok","42426368"
"nlohmann-2.0.0","e213c56f29a06d286edb48c6db9a7f05cd573bb2","Avocado-gltf","Avocado","gltf","export","5","1005","2","6287.4","8110895","8109904","5","577BE81BE38882B7629C0391DDA4BFB51ACEB236413AB39AE26F9467ED82C14A","ok","42426368"
"nlohmann-2.0.0","e213c56f29a06d286edb48c6db9a7f05cd573bb2","Box-gltf","Box","gltf","export","5","1005","2","680.3","3546","1618","2","3C980C11AF22743E70D6A34755F3856A488C494AF170A9B64090B03052649936","ok","42426368"
"nlohmann-2.0.0","e213c56f29a06d286edb48c6db9a7f05cd573bb2","Box-gltf","Box","gltf","load","5","1005","2","5824.9","3546","0","0","","ok","42426368"
"nlohmann-2.0.0","e213c56f29a06d286edb48c6db9a7f05cd573bb2","Box-glb","Box","glb","load","5","1005","2","4926","1664","0","0","","ok","42426368"
"nlohmann-2.0.0","e213c56f29a06d286edb48c6db9a7f05cd573bb2","Avocado-glb","Avocado","glb","load","5","1005","2","21728.1","8110040","0","0","","ok","42426368"
"nlohmann-2.0.0","e213c56f29a06d286edb48c6db9a7f05cd573bb2","Avocado-glb","Avocado","glb","export","5","1005","2","45073.6","8110040","8110104","1","C813BA5B22D1EAAA78AECE97500EB82FD483EF1AFC4C3B5494F0C45F40C6B307","ok","42426368"
"nlohmann-2.0.0","e213c56f29a06d286edb48c6db9a7f05cd573bb2","Box-glb","Box","glb","roundtrip","5","1005","2","5524.5","1664","1632","1","92E24B450EDF96029BFD157879B2E8D534DF9399E42C1E65980324EF585CF4C1","ok","42426368"
"nlohmann-2.0.0","e213c56f29a06d286edb48c6db9a7f05cd573bb2","Box-glb","Box","glb","export","5","1005","2","589.7","1664","1632","1","92E24B450EDF96029BFD157879B2E8D534DF9399E42C1E65980324EF585CF4C1","ok","42426368"
"nlohmann-2.0.0","e213c56f29a06d286edb48c6db9a7f05cd573bb2","Box-gltf","Box","gltf","export","6","1006","1","1134","3546","1618","2","3C980C11AF22743E70D6A34755F3856A488C494AF170A9B64090B03052649936","ok","42405888"
"nlohmann-2.0.0","e213c56f29a06d286edb48c6db9a7f05cd573bb2","Box-glb","Box","glb","export","6","1006","1","661.6","1664","1632","1","92E24B450EDF96029BFD157879B2E8D534DF9399E42C1E65980324EF585CF4C1","ok","42405888"
"nlohmann-2.0.0","e213c56f29a06d286edb48c6db9a7f05cd573bb2","Avocado-gltf","Avocado","gltf","export","6","1006","1","4659.2","8110895","8109904","5","577BE81BE38882B7629C0391DDA4BFB51ACEB236413AB39AE26F9467ED82C14A","ok","42405888"
"nlohmann-2.0.0","e213c56f29a06d286edb48c6db9a7f05cd573bb2","Box-glb","Box","glb","load","6","1006","1","5714.7","1664","0","0","","ok","42405888"
"nlohmann-2.0.0","e213c56f29a06d286edb48c6db9a7f05cd573bb2","Avocado-glb","Avocado","glb","roundtrip","6","1006","1","138601.8","8110040","8110104","1","C813BA5B22D1EAAA78AECE97500EB82FD483EF1AFC4C3B5494F0C45F40C6B307","ok","42405888"
"nlohmann-2.0.0","e213c56f29a06d286edb48c6db9a7f05cd573bb2","Box-glb","Box","glb","roundtrip","6","1006","1","5733.8","1664","1632","1","92E24B450EDF96029BFD157879B2E8D534DF9399E42C1E65980324EF585CF4C1","ok","42405888"
"nlohmann-2.0.0","e213c56f29a06d286edb48c6db9a7f05cd573bb2","Avocado-gltf","Avocado","gltf","load","6","1006","1","17325.5","8110895","0","0","","ok","42405888"
"nlohmann-2.0.0","e213c56f29a06d286edb48c6db9a7f05cd573bb2","Avocado-glb","Avocado","glb","load","6","1006","1","22296.6","8110040","0","0","","ok","42405888"
"nlohmann-2.0.0","e213c56f29a06d286edb48c6db9a7f05cd573bb2","Box-gltf","Box","gltf","roundtrip","6","1006","1","7825.2","3546","1618","2","3C980C11AF22743E70D6A34755F3856A488C494AF170A9B64090B03052649936","ok","42405888"
"nlohmann-2.0.0","e213c56f29a06d286edb48c6db9a7f05cd573bb2","Box-gltf","Box","gltf","load","6","1006","1","5033.8","3546","0","0","","ok","42405888"
"nlohmann-2.0.0","e213c56f29a06d286edb48c6db9a7f05cd573bb2","Avocado-gltf","Avocado","gltf","roundtrip","6","1006","1","21662.8","8110895","8109904","5","577BE81BE38882B7629C0391DDA4BFB51ACEB236413AB39AE26F9467ED82C14A","ok","42405888"
"nlohmann-2.0.0","e213c56f29a06d286edb48c6db9a7f05cd573bb2","Avocado-glb","Avocado","glb","export","6","1006","1","45972.4","8110040","8110104","1","C813BA5B22D1EAAA78AECE97500EB82FD483EF1AFC4C3B5494F0C45F40C6B307","ok","42405888"
"nlohmann-2.0.0","e213c56f29a06d286edb48c6db9a7f05cd573bb2","Avocado-glb","Avocado","glb","load","7","1007","2","22689.7","8110040","0","0","","ok","42438656"
"nlohmann-2.0.0","e213c56f29a06d286edb48c6db9a7f05cd573bb2","Avocado-gltf","Avocado","gltf","export","7","1007","2","4856.8","8110895","8109904","5","577BE81BE38882B7629C0391DDA4BFB51ACEB236413AB39AE26F9467ED82C14A","ok","42438656"
"nlohmann-2.0.0","e213c56f29a06d286edb48c6db9a7f05cd573bb2","Box-gltf","Box","gltf","load","7","1007","2","6279.7","3546","0","0","","ok","42438656"
"nlohmann-2.0.0","e213c56f29a06d286edb48c6db9a7f05cd573bb2","Box-glb","Box","glb","roundtrip","7","1007","2","6104","1664","1632","1","92E24B450EDF96029BFD157879B2E8D534DF9399E42C1E65980324EF585CF4C1","ok","42438656"
"nlohmann-2.0.0","e213c56f29a06d286edb48c6db9a7f05cd573bb2","Box-gltf","Box","gltf","export","7","1007","2","962.8","3546","1618","2","3C980C11AF22743E70D6A34755F3856A488C494AF170A9B64090B03052649936","ok","42438656"
"nlohmann-2.0.0","e213c56f29a06d286edb48c6db9a7f05cd573bb2","Avocado-gltf","Avocado","gltf","load","7","1007","2","19260.6","8110895","0","0","","ok","42438656"
"nlohmann-2.0.0","e213c56f29a06d286edb48c6db9a7f05cd573bb2","Avocado-gltf","Avocado","gltf","roundtrip","7","1007","2","27322.2","8110895","8109904","5","577BE81BE38882B7629C0391DDA4BFB51ACEB236413AB39AE26F9467ED82C14A","ok","42438656"
"nlohmann-2.0.0","e213c56f29a06d286edb48c6db9a7f05cd573bb2","Box-gltf","Box","gltf","roundtrip","7","1007","2","6439.6","3546","1618","2","3C980C11AF22743E70D6A34755F3856A488C494AF170A9B64090B03052649936","ok","42438656"
"nlohmann-2.0.0","e213c56f29a06d286edb48c6db9a7f05cd573bb2","Box-glb","Box","glb","load","7","1007","2","4711.2","1664","0","0","","ok","42438656"
"nlohmann-2.0.0","e213c56f29a06d286edb48c6db9a7f05cd573bb2","Avocado-glb","Avocado","glb","export","7","1007","2","45817.1","8110040","8110104","1","C813BA5B22D1EAAA78AECE97500EB82FD483EF1AFC4C3B5494F0C45F40C6B307","ok","42438656"
"nlohmann-2.0.0","e213c56f29a06d286edb48c6db9a7f05cd573bb2","Avocado-glb","Avocado","glb","roundtrip","7","1007","2","70118.2","8110040","8110104","1","C813BA5B22D1EAAA78AECE97500EB82FD483EF1AFC4C3B5494F0C45F40C6B307","ok","42438656"
"nlohmann-2.0.0","e213c56f29a06d286edb48c6db9a7f05cd573bb2","Box-glb","Box","glb","export","7","1007","2","596.2","1664","1632","1","92E24B450EDF96029BFD157879B2E8D534DF9399E42C1E65980324EF585CF4C1","ok","42438656"
"nlohmann-2.0.0","e213c56f29a06d286edb48c6db9a7f05cd573bb2","Avocado-glb","Avocado","glb","load","8","1008","1","22623","8110040","0","0","","ok","42442752"
"nlohmann-2.0.0","e213c56f29a06d286edb48c6db9a7f05cd573bb2","Box-glb","Box","glb","roundtrip","8","1008","1","5653.9","1664","1632","1","92E24B450EDF96029BFD157879B2E8D534DF9399E42C1E65980324EF585CF4C1","ok","42442752"
"nlohmann-2.0.0","e213c56f29a06d286edb48c6db9a7f05cd573bb2","Box-gltf","Box","gltf","export","8","1008","1","953.3","3546","1618","2","3C980C11AF22743E70D6A34755F3856A488C494AF170A9B64090B03052649936","ok","42442752"
"nlohmann-2.0.0","e213c56f29a06d286edb48c6db9a7f05cd573bb2","Avocado-gltf","Avocado","gltf","roundtrip","8","1008","1","23771.3","8110895","8109904","5","577BE81BE38882B7629C0391DDA4BFB51ACEB236413AB39AE26F9467ED82C14A","ok","42442752"
"nlohmann-2.0.0","e213c56f29a06d286edb48c6db9a7f05cd573bb2","Box-glb","Box","glb","load","8","1008","1","5650.8","1664","0","0","","ok","42442752"
"nlohmann-2.0.0","e213c56f29a06d286edb48c6db9a7f05cd573bb2","Avocado-glb","Avocado","glb","export","8","1008","1","112910.9","8110040","8110104","1","C813BA5B22D1EAAA78AECE97500EB82FD483EF1AFC4C3B5494F0C45F40C6B307","ok","42442752"
"nlohmann-2.0.0","e213c56f29a06d286edb48c6db9a7f05cd573bb2","Box-gltf","Box","gltf","roundtrip","8","1008","1","5963.9","3546","1618","2","3C980C11AF22743E70D6A34755F3856A488C494AF170A9B64090B03052649936","ok","42442752"
"nlohmann-2.0.0","e213c56f29a06d286edb48c6db9a7f05cd573bb2","Avocado-gltf","Avocado","gltf","load","8","1008","1","17096.7","8110895","0","0","","ok","42442752"
"nlohmann-2.0.0","e213c56f29a06d286edb48c6db9a7f05cd573bb2","Avocado-glb","Avocado","glb","roundtrip","8","1008","1","68158","8110040","8110104","1","C813BA5B22D1EAAA78AECE97500EB82FD483EF1AFC4C3B5494F0C45F40C6B307","ok","42442752"
"nlohmann-2.0.0","e213c56f29a06d286edb48c6db9a7f05cd573bb2","Avocado-gltf","Avocado","gltf","export","8","1008","1","4524.7","8110895","8109904","5","577BE81BE38882B7629C0391DDA4BFB51ACEB236413AB39AE26F9467ED82C14A","ok","42442752"
"nlohmann-2.0.0","e213c56f29a06d286edb48c6db9a7f05cd573bb2","Box-glb","Box","glb","export","8","1008","1","680.1","1664","1632","1","92E24B450EDF96029BFD157879B2E8D534DF9399E42C1E65980324EF585CF4C1","ok","42442752"
"nlohmann-2.0.0","e213c56f29a06d286edb48c6db9a7f05cd573bb2","Box-gltf","Box","gltf","load","8","1008","1","6916.1","3546","0","0","","ok","42442752"
"nlohmann-2.0.0","e213c56f29a06d286edb48c6db9a7f05cd573bb2","Box-glb","Box","glb","load","9","1009","2","5577.8","1664","0","0","","ok","42438656"
"nlohmann-2.0.0","e213c56f29a06d286edb48c6db9a7f05cd573bb2","Box-glb","Box","glb","roundtrip","9","1009","2","5396.5","1664","1632","1","92E24B450EDF96029BFD157879B2E8D534DF9399E42C1E65980324EF585CF4C1","ok","42438656"
"nlohmann-2.0.0","e213c56f29a06d286edb48c6db9a7f05cd573bb2","Avocado-gltf","Avocado","gltf","export","9","1009","2","5736.7","8110895","8109904","5","577BE81BE38882B7629C0391DDA4BFB51ACEB236413AB39AE26F9467ED82C14A","ok","42438656"
"nlohmann-2.0.0","e213c56f29a06d286edb48c6db9a7f05cd573bb2","Avocado-glb","Avocado","glb","load","9","1009","2","30207","8110040","0","0","","ok","42438656"
"nlohmann-2.0.0","e213c56f29a06d286edb48c6db9a7f05cd573bb2","Box-gltf","Box","gltf","roundtrip","9","1009","2","6919.9","3546","1618","2","3C980C11AF22743E70D6A34755F3856A488C494AF170A9B64090B03052649936","ok","42438656"
"nlohmann-2.0.0","e213c56f29a06d286edb48c6db9a7f05cd573bb2","Avocado-gltf","Avocado","gltf","load","9","1009","2","23630.2","8110895","0","0","","ok","42438656"
"nlohmann-2.0.0","e213c56f29a06d286edb48c6db9a7f05cd573bb2","Avocado-glb","Avocado","glb","export","9","1009","2","105147.1","8110040","8110104","1","C813BA5B22D1EAAA78AECE97500EB82FD483EF1AFC4C3B5494F0C45F40C6B307","ok","42438656"
"nlohmann-2.0.0","e213c56f29a06d286edb48c6db9a7f05cd573bb2","Box-glb","Box","glb","export","9","1009","2","619.1","1664","1632","1","92E24B450EDF96029BFD157879B2E8D534DF9399E42C1E65980324EF585CF4C1","ok","42438656"
"nlohmann-2.0.0","e213c56f29a06d286edb48c6db9a7f05cd573bb2","Box-gltf","Box","gltf","load","9","1009","2","4837.2","3546","0","0","","ok","42438656"
"nlohmann-2.0.0","e213c56f29a06d286edb48c6db9a7f05cd573bb2","Avocado-gltf","Avocado","gltf","roundtrip","9","1009","2","22157.4","8110895","8109904","5","577BE81BE38882B7629C0391DDA4BFB51ACEB236413AB39AE26F9467ED82C14A","ok","42438656"
"nlohmann-2.0.0","e213c56f29a06d286edb48c6db9a7f05cd573bb2","Box-gltf","Box","gltf","export","9","1009","2","774.6","3546","1618","2","3C980C11AF22743E70D6A34755F3856A488C494AF170A9B64090B03052649936","ok","42438656"
"nlohmann-2.0.0","e213c56f29a06d286edb48c6db9a7f05cd573bb2","Avocado-glb","Avocado","glb","roundtrip","9","1009","2","67007.7","8110040","8110104","1","C813BA5B22D1EAAA78AECE97500EB82FD483EF1AFC4C3B5494F0C45F40C6B307","ok","42438656"
"nlohmann-2.0.0","e213c56f29a06d286edb48c6db9a7f05cd573bb2","Avocado-glb","Avocado","glb","load","10","1010","1","26020.9","8110040","0","0","","ok","42471424"
"nlohmann-2.0.0","e213c56f29a06d286edb48c6db9a7f05cd573bb2","Box-gltf","Box","gltf","roundtrip","10","1010","1","7291.4","3546","1618","2","3C980C11AF22743E70D6A34755F3856A488C494AF170A9B64090B03052649936","ok","42471424"
"nlohmann-2.0.0","e213c56f29a06d286edb48c6db9a7f05cd573bb2","Avocado-glb","Avocado","glb","roundtrip","10","1010","1","70042.4","8110040","8110104","1","C813BA5B22D1EAAA78AECE97500EB82FD483EF1AFC4C3B5494F0C45F40C6B307","ok","42471424"
"nlohmann-2.0.0","e213c56f29a06d286edb48c6db9a7f05cd573bb2","Avocado-gltf","Avocado","gltf","export","10","1010","1","4861.3","8110895","8109904","5","577BE81BE38882B7629C0391DDA4BFB51ACEB236413AB39AE26F9467ED82C14A","ok","42471424"
"nlohmann-2.0.0","e213c56f29a06d286edb48c6db9a7f05cd573bb2","Box-gltf","Box","gltf","load","10","1010","1","6474.3","3546","0","0","","ok","42471424"
"nlohmann-2.0.0","e213c56f29a06d286edb48c6db9a7f05cd573bb2","Box-glb","Box","glb","export","10","1010","1","724.9","1664","1632","1","92E24B450EDF96029BFD157879B2E8D534DF9399E42C1E65980324EF585CF4C1","ok","42471424"
"nlohmann-2.0.0","e213c56f29a06d286edb48c6db9a7f05cd573bb2","Avocado-gltf","Avocado","gltf","load","10","1010","1","71978.3","8110895","0","0","","ok","42471424"
"nlohmann-2.0.0","e213c56f29a06d286edb48c6db9a7f05cd573bb2","Box-glb","Box","glb","roundtrip","10","1010","1","5516.6","1664","1632","1","92E24B450EDF96029BFD157879B2E8D534DF9399E42C1E65980324EF585CF4C1","ok","42471424"
"nlohmann-2.0.0","e213c56f29a06d286edb48c6db9a7f05cd573bb2","Avocado-gltf","Avocado","gltf","roundtrip","10","1010","1","25376.9","8110895","8109904","5","577BE81BE38882B7629C0391DDA4BFB51ACEB236413AB39AE26F9467ED82C14A","ok","42471424"
"nlohmann-2.0.0","e213c56f29a06d286edb48c6db9a7f05cd573bb2","Box-gltf","Box","gltf","export","10","1010","1","893","3546","1618","2","3C980C11AF22743E70D6A34755F3856A488C494AF170A9B64090B03052649936","ok","42471424"
"nlohmann-2.0.0","e213c56f29a06d286edb48c6db9a7f05cd573bb2","Avocado-glb","Avocado","glb","export","10","1010","1","48196.3","8110040","8110104","1","C813BA5B22D1EAAA78AECE97500EB82FD483EF1AFC4C3B5494F0C45F40C6B307","ok","42471424"
"nlohmann-2.0.0","e213c56f29a06d286edb48c6db9a7f05cd573bb2","Box-glb","Box","glb","load","10","1010","1","4937.9","1664","0","0","","ok","42471424"
"nlohmann-2.0.0","e213c56f29a06d286edb48c6db9a7f05cd573bb2","Box-glb","Box","glb","load","11","1011","2","5638.4","1664","0","0","","ok","42487808"
"nlohmann-2.0.0","e213c56f29a06d286edb48c6db9a7f05cd573bb2","Box-gltf","Box","gltf","export","11","1011","2","1132","3546","1618","2","3C980C11AF22743E70D6A34755F3856A488C494AF170A9B64090B03052649936","ok","42487808"
"nlohmann-2.0.0","e213c56f29a06d286edb48c6db9a7f05cd573bb2","Avocado-gltf","Avocado","gltf","export","11","1011","2","5853.2","8110895","8109904","5","577BE81BE38882B7629C0391DDA4BFB51ACEB236413AB39AE26F9467ED82C14A","ok","42487808"
"nlohmann-2.0.0","e213c56f29a06d286edb48c6db9a7f05cd573bb2","Box-glb","Box","glb","export","11","1011","2","969.4","1664","1632","1","92E24B450EDF96029BFD157879B2E8D534DF9399E42C1E65980324EF585CF4C1","ok","42487808"
"nlohmann-2.0.0","e213c56f29a06d286edb48c6db9a7f05cd573bb2","Box-gltf","Box","gltf","load","11","1011","2","8049.9","3546","0","0","","ok","42487808"
"nlohmann-2.0.0","e213c56f29a06d286edb48c6db9a7f05cd573bb2","Avocado-gltf","Avocado","gltf","load","11","1011","2","86470.3","8110895","0","0","","ok","42487808"
"nlohmann-2.0.0","e213c56f29a06d286edb48c6db9a7f05cd573bb2","Avocado-gltf","Avocado","gltf","roundtrip","11","1011","2","32511.4","8110895","8109904","5","577BE81BE38882B7629C0391DDA4BFB51ACEB236413AB39AE26F9467ED82C14A","ok","42487808"
"nlohmann-2.0.0","e213c56f29a06d286edb48c6db9a7f05cd573bb2","Avocado-glb","Avocado","glb","roundtrip","11","1011","2","69115.4","8110040","8110104","1","C813BA5B22D1EAAA78AECE97500EB82FD483EF1AFC4C3B5494F0C45F40C6B307","ok","42487808"
"nlohmann-2.0.0","e213c56f29a06d286edb48c6db9a7f05cd573bb2","Box-glb","Box","glb","roundtrip","11","1011","2","5941.8","1664","1632","1","92E24B450EDF96029BFD157879B2E8D534DF9399E42C1E65980324EF585CF4C1","ok","42487808"
"nlohmann-2.0.0","e213c56f29a06d286edb48c6db9a7f05cd573bb2","Avocado-glb","Avocado","glb","export","11","1011","2","52866.2","8110040","8110104","1","C813BA5B22D1EAAA78AECE97500EB82FD483EF1AFC4C3B5494F0C45F40C6B307","ok","42487808"
"nlohmann-2.0.0","e213c56f29a06d286edb48c6db9a7f05cd573bb2","Avocado-glb","Avocado","glb","load","11","1011","2","31954.5","8110040","0","0","","ok","42487808"
"nlohmann-2.0.0","e213c56f29a06d286edb48c6db9a7f05cd573bb2","Box-gltf","Box","gltf","roundtrip","11","1011","2","9514.2","3546","1618","2","3C980C11AF22743E70D6A34755F3856A488C494AF170A9B64090B03052649936","ok","42487808"
"nlohmann-2.0.0","e213c56f29a06d286edb48c6db9a7f05cd573bb2","Avocado-glb","Avocado","glb","load","12","1012","1","30036.2","8110040","0","0","","ok","42442752"
"nlohmann-2.0.0","e213c56f29a06d286edb48c6db9a7f05cd573bb2","Box-gltf","Box","gltf","load","12","1012","1","6577.1","3546","0","0","","ok","42442752"
"nlohmann-2.0.0","e213c56f29a06d286edb48c6db9a7f05cd573bb2","Box-glb","Box","glb","export","12","1012","1","603.9","1664","1632","1","92E24B450EDF96029BFD157879B2E8D534DF9399E42C1E65980324EF585CF4C1","ok","42442752"
"nlohmann-2.0.0","e213c56f29a06d286edb48c6db9a7f05cd573bb2","Avocado-glb","Avocado","glb","export","12","1012","1","46438.3","8110040","8110104","1","C813BA5B22D1EAAA78AECE97500EB82FD483EF1AFC4C3B5494F0C45F40C6B307","ok","42442752"
"nlohmann-2.0.0","e213c56f29a06d286edb48c6db9a7f05cd573bb2","Avocado-gltf","Avocado","gltf","roundtrip","12","1012","1","24542","8110895","8109904","5","577BE81BE38882B7629C0391DDA4BFB51ACEB236413AB39AE26F9467ED82C14A","ok","42442752"
"nlohmann-2.0.0","e213c56f29a06d286edb48c6db9a7f05cd573bb2","Box-gltf","Box","gltf","roundtrip","12","1012","1","7390.5","3546","1618","2","3C980C11AF22743E70D6A34755F3856A488C494AF170A9B64090B03052649936","ok","42442752"
"nlohmann-2.0.0","e213c56f29a06d286edb48c6db9a7f05cd573bb2","Avocado-gltf","Avocado","gltf","export","12","1012","1","5637.4","8110895","8109904","5","577BE81BE38882B7629C0391DDA4BFB51ACEB236413AB39AE26F9467ED82C14A","ok","42442752"
"nlohmann-2.0.0","e213c56f29a06d286edb48c6db9a7f05cd573bb2","Avocado-gltf","Avocado","gltf","load","12","1012","1","23714","8110895","0","0","","ok","42442752"
"nlohmann-2.0.0","e213c56f29a06d286edb48c6db9a7f05cd573bb2","Box-glb","Box","glb","roundtrip","12","1012","1","56174.1","1664","1632","1","92E24B450EDF96029BFD157879B2E8D534DF9399E42C1E65980324EF585CF4C1","ok","42442752"
"nlohmann-2.0.0","e213c56f29a06d286edb48c6db9a7f05cd573bb2","Avocado-glb","Avocado","glb","roundtrip","12","1012","1","67651.6","8110040","8110104","1","C813BA5B22D1EAAA78AECE97500EB82FD483EF1AFC4C3B5494F0C45F40C6B307","ok","42442752"
"nlohmann-2.0.0","e213c56f29a06d286edb48c6db9a7f05cd573bb2","Box-glb","Box","glb","load","12","1012","1","4916.1","1664","0","0","","ok","42442752"
"nlohmann-2.0.0","e213c56f29a06d286edb48c6db9a7f05cd573bb2","Box-gltf","Box","gltf","export","12","1012","1","782.5","3546","1618","2","3C980C11AF22743E70D6A34755F3856A488C494AF170A9B64090B03052649936","ok","42442752"
"nlohmann-2.0.0","e213c56f29a06d286edb48c6db9a7f05cd573bb2","Avocado-gltf","Avocado","gltf","export","13","1013","2","4402.2","8110895","8109904","5","577BE81BE38882B7629C0391DDA4BFB51ACEB236413AB39AE26F9467ED82C14A","ok","42491904"
"nlohmann-2.0.0","e213c56f29a06d286edb48c6db9a7f05cd573bb2","Box-gltf","Box","gltf","load","13","1013","2","9796.4","3546","0","0","","ok","42491904"
"nlohmann-2.0.0","e213c56f29a06d286edb48c6db9a7f05cd573bb2","Box-glb","Box","glb","load","13","1013","2","9335.8","1664","0","0","","ok","42491904"
"nlohmann-2.0.0","e213c56f29a06d286edb48c6db9a7f05cd573bb2","Box-gltf","Box","gltf","roundtrip","13","1013","2","9778","3546","1618","2","3C980C11AF22743E70D6A34755F3856A488C494AF170A9B64090B03052649936","ok","42491904"
"nlohmann-2.0.0","e213c56f29a06d286edb48c6db9a7f05cd573bb2","Box-glb","Box","glb","export","13","1013","2","689.7","1664","1632","1","92E24B450EDF96029BFD157879B2E8D534DF9399E42C1E65980324EF585CF4C1","ok","42491904"
"nlohmann-2.0.0","e213c56f29a06d286edb48c6db9a7f05cd573bb2","Box-gltf","Box","gltf","export","13","1013","2","1167.2","3546","1618","2","3C980C11AF22743E70D6A34755F3856A488C494AF170A9B64090B03052649936","ok","42491904"
"nlohmann-2.0.0","e213c56f29a06d286edb48c6db9a7f05cd573bb2","Avocado-gltf","Avocado","gltf","roundtrip","13","1013","2","32507.1","8110895","8109904","5","577BE81BE38882B7629C0391DDA4BFB51ACEB236413AB39AE26F9467ED82C14A","ok","42491904"
"nlohmann-2.0.0","e213c56f29a06d286edb48c6db9a7f05cd573bb2","Avocado-glb","Avocado","glb","load","13","1013","2","21784.2","8110040","0","0","","ok","42491904"
"nlohmann-2.0.0","e213c56f29a06d286edb48c6db9a7f05cd573bb2","Box-glb","Box","glb","roundtrip","13","1013","2","5669.8","1664","1632","1","92E24B450EDF96029BFD157879B2E8D534DF9399E42C1E65980324EF585CF4C1","ok","42491904"
"nlohmann-2.0.0","e213c56f29a06d286edb48c6db9a7f05cd573bb2","Avocado-glb","Avocado","glb","export","13","1013","2","45439.1","8110040","8110104","1","C813BA5B22D1EAAA78AECE97500EB82FD483EF1AFC4C3B5494F0C45F40C6B307","ok","42491904"
"nlohmann-2.0.0","e213c56f29a06d286edb48c6db9a7f05cd573bb2","Avocado-gltf","Avocado","gltf","load","13","1013","2","19414.6","8110895","0","0","","ok","42491904"
"nlohmann-2.0.0","e213c56f29a06d286edb48c6db9a7f05cd573bb2","Avocado-glb","Avocado","glb","roundtrip","13","1013","2","70126.5","8110040","8110104","1","C813BA5B22D1EAAA78AECE97500EB82FD483EF1AFC4C3B5494F0C45F40C6B307","ok","42491904"
"nlohmann-2.0.0","e213c56f29a06d286edb48c6db9a7f05cd573bb2","Box-glb","Box","glb","export","14","1014","1","623.2","1664","1632","1","92E24B450EDF96029BFD157879B2E8D534DF9399E42C1E65980324EF585CF4C1","ok","42463232"
"nlohmann-2.0.0","e213c56f29a06d286edb48c6db9a7f05cd573bb2","Avocado-glb","Avocado","glb","load","14","1014","1","21938.1","8110040","0","0","","ok","42463232"
"nlohmann-2.0.0","e213c56f29a06d286edb48c6db9a7f05cd573bb2","Avocado-gltf","Avocado","gltf","roundtrip","14","1014","1","22661.5","8110895","8109904","5","577BE81BE38882B7629C0391DDA4BFB51ACEB236413AB39AE26F9467ED82C14A","ok","42463232"
"nlohmann-2.0.0","e213c56f29a06d286edb48c6db9a7f05cd573bb2","Box-glb","Box","glb","roundtrip","14","1014","1","6626","1664","1632","1","92E24B450EDF96029BFD157879B2E8D534DF9399E42C1E65980324EF585CF4C1","ok","42463232"
"nlohmann-2.0.0","e213c56f29a06d286edb48c6db9a7f05cd573bb2","Avocado-gltf","Avocado","gltf","load","14","1014","1","23517.5","8110895","0","0","","ok","42463232"
"nlohmann-2.0.0","e213c56f29a06d286edb48c6db9a7f05cd573bb2","Avocado-gltf","Avocado","gltf","export","14","1014","1","6202.8","8110895","8109904","5","577BE81BE38882B7629C0391DDA4BFB51ACEB236413AB39AE26F9467ED82C14A","ok","42463232"
"nlohmann-2.0.0","e213c56f29a06d286edb48c6db9a7f05cd573bb2","Box-gltf","Box","gltf","load","14","1014","1","7083","3546","0","0","","ok","42463232"
"nlohmann-2.0.0","e213c56f29a06d286edb48c6db9a7f05cd573bb2","Avocado-glb","Avocado","glb","export","14","1014","1","45350.9","8110040","8110104","1","C813BA5B22D1EAAA78AECE97500EB82FD483EF1AFC4C3B5494F0C45F40C6B307","ok","42463232"
"nlohmann-2.0.0","e213c56f29a06d286edb48c6db9a7f05cd573bb2","Box-glb","Box","glb","load","14","1014","1","4742.4","1664","0","0","","ok","42463232"
"nlohmann-2.0.0","e213c56f29a06d286edb48c6db9a7f05cd573bb2","Box-gltf","Box","gltf","roundtrip","14","1014","1","5741","3546","1618","2","3C980C11AF22743E70D6A34755F3856A488C494AF170A9B64090B03052649936","ok","42463232"
"nlohmann-2.0.0","e213c56f29a06d286edb48c6db9a7f05cd573bb2","Avocado-glb","Avocado","glb","roundtrip","14","1014","1","68566.5","8110040","8110104","1","C813BA5B22D1EAAA78AECE97500EB82FD483EF1AFC4C3B5494F0C45F40C6B307","ok","42463232"
"nlohmann-2.0.0","e213c56f29a06d286edb48c6db9a7f05cd573bb2","Box-gltf","Box","gltf","export","14","1014","1","895","3546","1618","2","3C980C11AF22743E70D6A34755F3856A488C494AF170A9B64090B03052649936","ok","42463232"
"nlohmann-2.0.0","e213c56f29a06d286edb48c6db9a7f05cd573bb2","Avocado-glb","Avocado","glb","export","15","1015","2","49022","8110040","8110104","1","C813BA5B22D1EAAA78AECE97500EB82FD483EF1AFC4C3B5494F0C45F40C6B307","ok","42491904"
"nlohmann-2.0.0","e213c56f29a06d286edb48c6db9a7f05cd573bb2","Box-glb","Box","glb","export","15","1015","2","684.2","1664","1632","1","92E24B450EDF96029BFD157879B2E8D534DF9399E42C1E65980324EF585CF4C1","ok","42491904"
"nlohmann-2.0.0","e213c56f29a06d286edb48c6db9a7f05cd573bb2","Box-gltf","Box","gltf","roundtrip","15","1015","2","5946.3","3546","1618","2","3C980C11AF22743E70D6A34755F3856A488C494AF170A9B64090B03052649936","ok","42491904"
"nlohmann-2.0.0","e213c56f29a06d286edb48c6db9a7f05cd573bb2","Avocado-gltf","Avocado","gltf","export","15","1015","2","5798.3","8110895","8109904","5","577BE81BE38882B7629C0391DDA4BFB51ACEB236413AB39AE26F9467ED82C14A","ok","42491904"
"nlohmann-2.0.0","e213c56f29a06d286edb48c6db9a7f05cd573bb2","Box-glb","Box","glb","roundtrip","15","1015","2","6856.5","1664","1632","1","92E24B450EDF96029BFD157879B2E8D534DF9399E42C1E65980324EF585CF4C1","ok","42491904"
"nlohmann-2.0.0","e213c56f29a06d286edb48c6db9a7f05cd573bb2","Avocado-glb","Avocado","glb","load","15","1015","2","82884.1","8110040","0","0","","ok","42491904"
"nlohmann-2.0.0","e213c56f29a06d286edb48c6db9a7f05cd573bb2","Box-gltf","Box","gltf","export","15","1015","2","1133.7","3546","1618","2","3C980C11AF22743E70D6A34755F3856A488C494AF170A9B64090B03052649936","ok","42491904"
"nlohmann-2.0.0","e213c56f29a06d286edb48c6db9a7f05cd573bb2","Avocado-gltf","Avocado","gltf","load","15","1015","2","23764.4","8110895","0","0","","ok","42491904"
"nlohmann-2.0.0","e213c56f29a06d286edb48c6db9a7f05cd573bb2","Avocado-gltf","Avocado","gltf","roundtrip","15","1015","2","74682.8","8110895","8109904","5","577BE81BE38882B7629C0391DDA4BFB51ACEB236413AB39AE26F9467ED82C14A","ok","42491904"
"nlohmann-2.0.0","e213c56f29a06d286edb48c6db9a7f05cd573bb2","Box-gltf","Box","gltf","load","15","1015","2","5122.9","3546","0","0","","ok","42491904"
"nlohmann-2.0.0","e213c56f29a06d286edb48c6db9a7f05cd573bb2","Box-glb","Box","glb","load","15","1015","2","4863.8","1664","0","0","","ok","42491904"
"nlohmann-2.0.0","e213c56f29a06d286edb48c6db9a7f05cd573bb2","Avocado-glb","Avocado","glb","roundtrip","15","1015","2","68198.6","8110040","8110104","1","C813BA5B22D1EAAA78AECE97500EB82FD483EF1AFC4C3B5494F0C45F40C6B307","ok","42491904"
"nlohmann-2.0.0","e213c56f29a06d286edb48c6db9a7f05cd573bb2","Avocado-gltf","Avocado","gltf","roundtrip","16","1016","1","23707.5","8110895","8109904","5","577BE81BE38882B7629C0391DDA4BFB51ACEB236413AB39AE26F9467ED82C14A","ok","42360832"
"nlohmann-2.0.0","e213c56f29a06d286edb48c6db9a7f05cd573bb2","Avocado-glb","Avocado","glb","export","16","1016","1","104504.8","8110040","8110104","1","C813BA5B22D1EAAA78AECE97500EB82FD483EF1AFC4C3B5494F0C45F40C6B307","ok","42360832"
"nlohmann-2.0.0","e213c56f29a06d286edb48c6db9a7f05cd573bb2","Box-gltf","Box","gltf","roundtrip","16","1016","1","6193.2","3546","1618","2","3C980C11AF22743E70D6A34755F3856A488C494AF170A9B64090B03052649936","ok","42360832"
"nlohmann-2.0.0","e213c56f29a06d286edb48c6db9a7f05cd573bb2","Box-glb","Box","glb","load","16","1016","1","6499.2","1664","0","0","","ok","42360832"
"nlohmann-2.0.0","e213c56f29a06d286edb48c6db9a7f05cd573bb2","Avocado-glb","Avocado","glb","load","16","1016","1","22260.2","8110040","0","0","","ok","42360832"
"nlohmann-2.0.0","e213c56f29a06d286edb48c6db9a7f05cd573bb2","Box-gltf","Box","gltf","load","16","1016","1","5344.4","3546","0","0","","ok","42360832"
"nlohmann-2.0.0","e213c56f29a06d286edb48c6db9a7f05cd573bb2","Avocado-glb","Avocado","glb","roundtrip","16","1016","1","71351.4","8110040","8110104","1","C813BA5B22D1EAAA78AECE97500EB82FD483EF1AFC4C3B5494F0C45F40C6B307","ok","42360832"
"nlohmann-2.0.0","e213c56f29a06d286edb48c6db9a7f05cd573bb2","Box-glb","Box","glb","export","16","1016","1","588.5","1664","1632","1","92E24B450EDF96029BFD157879B2E8D534DF9399E42C1E65980324EF585CF4C1","ok","42360832"
"nlohmann-2.0.0","e213c56f29a06d286edb48c6db9a7f05cd573bb2","Avocado-gltf","Avocado","gltf","load","16","1016","1","17569.5","8110895","0","0","","ok","42360832"
"nlohmann-2.0.0","e213c56f29a06d286edb48c6db9a7f05cd573bb2","Box-glb","Box","glb","roundtrip","16","1016","1","6289.4","1664","1632","1","92E24B450EDF96029BFD157879B2E8D534DF9399E42C1E65980324EF585CF4C1","ok","42360832"
"nlohmann-2.0.0","e213c56f29a06d286edb48c6db9a7f05cd573bb2","Avocado-gltf","Avocado","gltf","export","16","1016","1","4694.9","8110895","8109904","5","577BE81BE38882B7629C0391DDA4BFB51ACEB236413AB39AE26F9467ED82C14A","ok","42360832"
"nlohmann-2.0.0","e213c56f29a06d286edb48c6db9a7f05cd573bb2","Box-gltf","Box","gltf","export","16","1016","1","954.1","3546","1618","2","3C980C11AF22743E70D6A34755F3856A488C494AF170A9B64090B03052649936","ok","42360832"
"nlohmann-2.0.0","e213c56f29a06d286edb48c6db9a7f05cd573bb2","Avocado-glb","Avocado","glb","load","17","1017","2","23165","8110040","0","0","","ok","38518784"
"nlohmann-2.0.0","e213c56f29a06d286edb48c6db9a7f05cd573bb2","Box-gltf","Box","gltf","roundtrip","17","1017","2","6184.4","3546","1618","2","3C980C11AF22743E70D6A34755F3856A488C494AF170A9B64090B03052649936","ok","38518784"
"nlohmann-2.0.0","e213c56f29a06d286edb48c6db9a7f05cd573bb2","Box-glb","Box","glb","roundtrip","17","1017","2","5379.8","1664","1632","1","92E24B450EDF96029BFD157879B2E8D534DF9399E42C1E65980324EF585CF4C1","ok","38518784"
"nlohmann-2.0.0","e213c56f29a06d286edb48c6db9a7f05cd573bb2","Box-gltf","Box","gltf","export","17","1017","2","890.6","3546","1618","2","3C980C11AF22743E70D6A34755F3856A488C494AF170A9B64090B03052649936","ok","38518784"
"nlohmann-2.0.0","e213c56f29a06d286edb48c6db9a7f05cd573bb2","Avocado-glb","Avocado","glb","roundtrip","17","1017","2","69663.1","8110040","8110104","1","C813BA5B22D1EAAA78AECE97500EB82FD483EF1AFC4C3B5494F0C45F40C6B307","ok","38518784"
"nlohmann-2.0.0","e213c56f29a06d286edb48c6db9a7f05cd573bb2","Avocado-glb","Avocado","glb","export","17","1017","2","60104.8","8110040","8110104","1","C813BA5B22D1EAAA78AECE97500EB82FD483EF1AFC4C3B5494F0C45F40C6B307","ok","38518784"
"nlohmann-2.0.0","e213c56f29a06d286edb48c6db9a7f05cd573bb2","Avocado-gltf","Avocado","gltf","export","17","1017","2","6066.2","8110895","8109904","5","577BE81BE38882B7629C0391DDA4BFB51ACEB236413AB39AE26F9467ED82C14A","ok","38518784"
"nlohmann-2.0.0","e213c56f29a06d286edb48c6db9a7f05cd573bb2","Avocado-gltf","Avocado","gltf","load","17","1017","2","21191.2","8110895","0","0","","ok","38518784"
"nlohmann-2.0.0","e213c56f29a06d286edb48c6db9a7f05cd573bb2","Box-glb","Box","glb","export","17","1017","2","595.9","1664","1632","1","92E24B450EDF96029BFD157879B2E8D534DF9399E42C1E65980324EF585CF4C1","ok","38518784"
"nlohmann-2.0.0","e213c56f29a06d286edb48c6db9a7f05cd573bb2","Box-gltf","Box","gltf","load","17","1017","2","7204.5","3546","0","0","","ok","38518784"
"nlohmann-2.0.0","e213c56f29a06d286edb48c6db9a7f05cd573bb2","Box-glb","Box","glb","load","17","1017","2","5557.5","1664","0","0","","ok","38518784"
"nlohmann-2.0.0","e213c56f29a06d286edb48c6db9a7f05cd573bb2","Avocado-gltf","Avocado","gltf","roundtrip","17","1017","2","26739.9","8110895","8109904","5","577BE81BE38882B7629C0391DDA4BFB51ACEB236413AB39AE26F9467ED82C14A","ok","38518784"
"nlohmann-2.0.0","e213c56f29a06d286edb48c6db9a7f05cd573bb2","Avocado-gltf","Avocado","gltf","roundtrip","18","1018","1","23683.6","8110895","8109904","5","577BE81BE38882B7629C0391DDA4BFB51ACEB236413AB39AE26F9467ED82C14A","ok","42426368"
"nlohmann-2.0.0","e213c56f29a06d286edb48c6db9a7f05cd573bb2","Box-glb","Box","glb","roundtrip","18","1018","1","7786.9","1664","1632","1","92E24B450EDF96029BFD157879B2E8D534DF9399E42C1E65980324EF585CF4C1","ok","42426368"
"nlohmann-2.0.0","e213c56f29a06d286edb48c6db9a7f05cd573bb2","Box-gltf","Box","gltf","roundtrip","18","1018","1","7157.8","3546","1618","2","3C980C11AF22743E70D6A34755F3856A488C494AF170A9B64090B03052649936","ok","42426368"
"nlohmann-2.0.0","e213c56f29a06d286edb48c6db9a7f05cd573bb2","Box-glb","Box","glb","load","18","1018","1","55633.9","1664","0","0","","ok","42426368"
"nlohmann-2.0.0","e213c56f29a06d286edb48c6db9a7f05cd573bb2","Avocado-gltf","Avocado","gltf","load","18","1018","1","19251.8","8110895","0","0","","ok","42426368"
"nlohmann-2.0.0","e213c56f29a06d286edb48c6db9a7f05cd573bb2","Box-glb","Box","glb","export","18","1018","1","698.6","1664","1632","1","92E24B450EDF96029BFD157879B2E8D534DF9399E42C1E65980324EF585CF4C1","ok","42426368"
"nlohmann-2.0.0","e213c56f29a06d286edb48c6db9a7f05cd573bb2","Avocado-gltf","Avocado","gltf","export","18","1018","1","55581.1","8110895","8109904","5","577BE81BE38882B7629C0391DDA4BFB51ACEB236413AB39AE26F9467ED82C14A","ok","42426368"
"nlohmann-2.0.0","e213c56f29a06d286edb48c6db9a7f05cd573bb2","Avocado-glb","Avocado","glb","roundtrip","18","1018","1","71532.6","8110040","8110104","1","C813BA5B22D1EAAA78AECE97500EB82FD483EF1AFC4C3B5494F0C45F40C6B307","ok","42426368"
"nlohmann-2.0.0","e213c56f29a06d286edb48c6db9a7f05cd573bb2","Avocado-glb","Avocado","glb","export","18","1018","1","59877.9","8110040","8110104","1","C813BA5B22D1EAAA78AECE97500EB82FD483EF1AFC4C3B5494F0C45F40C6B307","ok","42426368"
"nlohmann-2.0.0","e213c56f29a06d286edb48c6db9a7f05cd573bb2","Box-gltf","Box","gltf","load","18","1018","1","5088.5","3546","0","0","","ok","42426368"
"nlohmann-2.0.0","e213c56f29a06d286edb48c6db9a7f05cd573bb2","Avocado-glb","Avocado","glb","load","18","1018","1","22159","8110040","0","0","","ok","42426368"
"nlohmann-2.0.0","e213c56f29a06d286edb48c6db9a7f05cd573bb2","Box-gltf","Box","gltf","export","18","1018","1","804.7","3546","1618","2","3C980C11AF22743E70D6A34755F3856A488C494AF170A9B64090B03052649936","ok","42426368"
"nlohmann-2.0.0","e213c56f29a06d286edb48c6db9a7f05cd573bb2","Box-glb","Box","glb","load","19","1019","2","5736","1664","0","0","","ok","38531072"
"nlohmann-2.0.0","e213c56f29a06d286edb48c6db9a7f05cd573bb2","Box-gltf","Box","gltf","export","19","1019","2","817","3546","1618","2","3C980C11AF22743E70D6A34755F3856A488C494AF170A9B64090B03052649936","ok","38531072"
"nlohmann-2.0.0","e213c56f29a06d286edb48c6db9a7f05cd573bb2","Box-gltf","Box","gltf","roundtrip","19","1019","2","5684.1","3546","1618","2","3C980C11AF22743E70D6A34755F3856A488C494AF170A9B64090B03052649936","ok","38531072"
"nlohmann-2.0.0","e213c56f29a06d286edb48c6db9a7f05cd573bb2","Avocado-glb","Avocado","glb","export","19","1019","2","47270.7","8110040","8110104","1","C813BA5B22D1EAAA78AECE97500EB82FD483EF1AFC4C3B5494F0C45F40C6B307","ok","38531072"
"nlohmann-2.0.0","e213c56f29a06d286edb48c6db9a7f05cd573bb2","Avocado-glb","Avocado","glb","roundtrip","19","1019","2","69147.5","8110040","8110104","1","C813BA5B22D1EAAA78AECE97500EB82FD483EF1AFC4C3B5494F0C45F40C6B307","ok","38531072"
"nlohmann-2.0.0","e213c56f29a06d286edb48c6db9a7f05cd573bb2","Avocado-gltf","Avocado","gltf","export","19","1019","2","4619.4","8110895","8109904","5","577BE81BE38882B7629C0391DDA4BFB51ACEB236413AB39AE26F9467ED82C14A","ok","38531072"
"nlohmann-2.0.0","e213c56f29a06d286edb48c6db9a7f05cd573bb2","Box-glb","Box","glb","export","19","1019","2","652.6","1664","1632","1","92E24B450EDF96029BFD157879B2E8D534DF9399E42C1E65980324EF585CF4C1","ok","38531072"
"nlohmann-2.0.0","e213c56f29a06d286edb48c6db9a7f05cd573bb2","Avocado-glb","Avocado","glb","load","19","1019","2","76387.1","8110040","0","0","","ok","38531072"
"nlohmann-2.0.0","e213c56f29a06d286edb48c6db9a7f05cd573bb2","Box-gltf","Box","gltf","load","19","1019","2","8431.4","3546","0","0","","ok","38531072"
"nlohmann-2.0.0","e213c56f29a06d286edb48c6db9a7f05cd573bb2","Avocado-gltf","Avocado","gltf","load","19","1019","2","25036.2","8110895","0","0","","ok","38531072"
"nlohmann-2.0.0","e213c56f29a06d286edb48c6db9a7f05cd573bb2","Avocado-gltf","Avocado","gltf","roundtrip","19","1019","2","28586.3","8110895","8109904","5","577BE81BE38882B7629C0391DDA4BFB51ACEB236413AB39AE26F9467ED82C14A","ok","38531072"
"nlohmann-2.0.0","e213c56f29a06d286edb48c6db9a7f05cd573bb2","Box-glb","Box","glb","roundtrip","19","1019","2","5454.4","1664","1632","1","92E24B450EDF96029BFD157879B2E8D534DF9399E42C1E65980324EF585CF4C1","ok","38531072"
"nlohmann-2.0.0","e213c56f29a06d286edb48c6db9a7f05cd573bb2","Avocado-gltf","Avocado","gltf","export","20","1020","1","4952.7","8110895","8109904","5","577BE81BE38882B7629C0391DDA4BFB51ACEB236413AB39AE26F9467ED82C14A","ok","42381312"
"nlohmann-2.0.0","e213c56f29a06d286edb48c6db9a7f05cd573bb2","Box-glb","Box","glb","load","20","1020","1","7195.8","1664","0","0","","ok","42381312"
"nlohmann-2.0.0","e213c56f29a06d286edb48c6db9a7f05cd573bb2","Avocado-glb","Avocado","glb","roundtrip","20","1020","1","133660.4","8110040","8110104","1","C813BA5B22D1EAAA78AECE97500EB82FD483EF1AFC4C3B5494F0C45F40C6B307","ok","42381312"
"nlohmann-2.0.0","e213c56f29a06d286edb48c6db9a7f05cd573bb2","Avocado-glb","Avocado","glb","export","20","1020","1","45425.2","8110040","8110104","1","C813BA5B22D1EAAA78AECE97500EB82FD483EF1AFC4C3B5494F0C45F40C6B307","ok","42381312"
"nlohmann-2.0.0","e213c56f29a06d286edb48c6db9a7f05cd573bb2","Avocado-glb","Avocado","glb","load","20","1020","1","21834.5","8110040","0","0","","ok","42381312"
"nlohmann-2.0.0","e213c56f29a06d286edb48c6db9a7f05cd573bb2","Box-glb","Box","glb","roundtrip","20","1020","1","5505.3","1664","1632","1","92E24B450EDF96029BFD157879B2E8D534DF9399E42C1E65980324EF585CF4C1","ok","42381312"
"nlohmann-2.0.0","e213c56f29a06d286edb48c6db9a7f05cd573bb2","Box-glb","Box","glb","export","20","1020","1","532.9","1664","1632","1","92E24B450EDF96029BFD157879B2E8D534DF9399E42C1E65980324EF585CF4C1","ok","42381312"
"nlohmann-2.0.0","e213c56f29a06d286edb48c6db9a7f05cd573bb2","Box-gltf","Box","gltf","load","20","1020","1","4813.7","3546","0","0","","ok","42381312"
"nlohmann-2.0.0","e213c56f29a06d286edb48c6db9a7f05cd573bb2","Box-gltf","Box","gltf","roundtrip","20","1020","1","5419.4","3546","1618","2","3C980C11AF22743E70D6A34755F3856A488C494AF170A9B64090B03052649936","ok","42381312"
"nlohmann-2.0.0","e213c56f29a06d286edb48c6db9a7f05cd573bb2","Box-gltf","Box","gltf","export","20","1020","1","785.3","3546","1618","2","3C980C11AF22743E70D6A34755F3856A488C494AF170A9B64090B03052649936","ok","42381312"
"nlohmann-2.0.0","e213c56f29a06d286edb48c6db9a7f05cd573bb2","Avocado-gltf","Avocado","gltf","roundtrip","20","1020","1","22220.4","8110895","8109904","5","577BE81BE38882B7629C0391DDA4BFB51ACEB236413AB39AE26F9467ED82C14A","ok","42381312"
"nlohmann-2.0.0","e213c56f29a06d286edb48c6db9a7f05cd573bb2","Avocado-gltf","Avocado","gltf","load","20","1020","1","17932.3","8110895","0","0","","ok","42381312"
"nlohmann-2.0.0","e213c56f29a06d286edb48c6db9a7f05cd573bb2","Box-gltf","Box","gltf","load","21","1021","2","6027.1","3546","0","0","","ok","42463232"
"nlohmann-2.0.0","e213c56f29a06d286edb48c6db9a7f05cd573bb2","Avocado-gltf","Avocado","gltf","roundtrip","21","1021","2","23047.6","8110895","8109904","5","577BE81BE38882B7629C0391DDA4BFB51ACEB236413AB39AE26F9467ED82C14A","ok","42463232"
"nlohmann-2.0.0","e213c56f29a06d286edb48c6db9a7f05cd573bb2","Box-gltf","Box","gltf","export","21","1021","2","990","3546","1618","2","3C980C11AF22743E70D6A34755F3856A488C494AF170A9B64090B03052649936","ok","42463232"
"nlohmann-2.0.0","e213c56f29a06d286edb48c6db9a7f05cd573bb2","Avocado-gltf","Avocado","gltf","load","21","1021","2","77036.7","8110895","0","0","","ok","42463232"
"nlohmann-2.0.0","e213c56f29a06d286edb48c6db9a7f05cd573bb2","Box-glb","Box","glb","load","21","1021","2","6191.7","1664","0","0","","ok","42463232"
"nlohmann-2.0.0","e213c56f29a06d286edb48c6db9a7f05cd573bb2","Avocado-glb","Avocado","glb","roundtrip","21","1021","2","126294.8","8110040","8110104","1","C813BA5B22D1EAAA78AECE97500EB82FD483EF1AFC4C3B5494F0C45F40C6B307","ok","42463232"
"nlohmann-2.0.0","e213c56f29a06d286edb48c6db9a7f05cd573bb2","Box-gltf","Box","gltf","roundtrip","21","1021","2","7701.1","3546","1618","2","3C980C11AF22743E70D6A34755F3856A488C494AF170A9B64090B03052649936","ok","42463232"
"nlohmann-2.0.0","e213c56f29a06d286edb48c6db9a7f05cd573bb2","Box-glb","Box","glb","roundtrip","21","1021","2","5531.2","1664","1632","1","92E24B450EDF96029BFD157879B2E8D534DF9399E42C1E65980324EF585CF4C1","ok","42463232"
"nlohmann-2.0.0","e213c56f29a06d286edb48c6db9a7f05cd573bb2","Avocado-glb","Avocado","glb","export","21","1021","2","47187.6","8110040","8110104","1","C813BA5B22D1EAAA78AECE97500EB82FD483EF1AFC4C3B5494F0C45F40C6B307","ok","42463232"
"nlohmann-2.0.0","e213c56f29a06d286edb48c6db9a7f05cd573bb2","Avocado-gltf","Avocado","gltf","export","21","1021","2","4661.4","8110895","8109904","5","577BE81BE38882B7629C0391DDA4BFB51ACEB236413AB39AE26F9467ED82C14A","ok","42463232"
"nlohmann-2.0.0","e213c56f29a06d286edb48c6db9a7f05cd573bb2","Box-glb","Box","glb","export","21","1021","2","549.2","1664","1632","1","92E24B450EDF96029BFD157879B2E8D534DF9399E42C1E65980324EF585CF4C1","ok","42463232"
"nlohmann-2.0.0","e213c56f29a06d286edb48c6db9a7f05cd573bb2","Avocado-glb","Avocado","glb","load","21","1021","2","22903.6","8110040","0","0","","ok","42463232"
"nlohmann-2.0.0","e213c56f29a06d286edb48c6db9a7f05cd573bb2","Box-gltf","Box","gltf","export","22","1022","1","1026.6","3546","1618","2","3C980C11AF22743E70D6A34755F3856A488C494AF170A9B64090B03052649936","ok","42426368"
"nlohmann-2.0.0","e213c56f29a06d286edb48c6db9a7f05cd573bb2","Avocado-gltf","Avocado","gltf","export","22","1022","1","4678.3","8110895","8109904","5","577BE81BE38882B7629C0391DDA4BFB51ACEB236413AB39AE26F9467ED82C14A","ok","42426368"
"nlohmann-2.0.0","e213c56f29a06d286edb48c6db9a7f05cd573bb2","Box-gltf","Box","gltf","roundtrip","22","1022","1","6940.6","3546","1618","2","3C980C11AF22743E70D6A34755F3856A488C494AF170A9B64090B03052649936","ok","42426368"
"nlohmann-2.0.0","e213c56f29a06d286edb48c6db9a7f05cd573bb2","Box-glb","Box","glb","export","22","1022","1","715.2","1664","1632","1","92E24B450EDF96029BFD157879B2E8D534DF9399E42C1E65980324EF585CF4C1","ok","42426368"
"nlohmann-2.0.0","e213c56f29a06d286edb48c6db9a7f05cd573bb2","Box-glb","Box","glb","roundtrip","22","1022","1","68283.5","1664","1632","1","92E24B450EDF96029BFD157879B2E8D534DF9399E42C1E65980324EF585CF4C1","ok","42426368"
"nlohmann-2.0.0","e213c56f29a06d286edb48c6db9a7f05cd573bb2","Avocado-glb","Avocado","glb","roundtrip","22","1022","1","133448.3","8110040","8110104","1","C813BA5B22D1EAAA78AECE97500EB82FD483EF1AFC4C3B5494F0C45F40C6B307","ok","42426368"
"nlohmann-2.0.0","e213c56f29a06d286edb48c6db9a7f05cd573bb2","Avocado-glb","Avocado","glb","export","22","1022","1","45597.6","8110040","8110104","1","C813BA5B22D1EAAA78AECE97500EB82FD483EF1AFC4C3B5494F0C45F40C6B307","ok","42426368"
"nlohmann-2.0.0","e213c56f29a06d286edb48c6db9a7f05cd573bb2","Avocado-gltf","Avocado","gltf","load","22","1022","1","18149.2","8110895","0","0","","ok","42426368"
"nlohmann-2.0.0","e213c56f29a06d286edb48c6db9a7f05cd573bb2","Avocado-glb","Avocado","glb","load","22","1022","1","21948.4","8110040","0","0","","ok","42426368"
"nlohmann-2.0.0","e213c56f29a06d286edb48c6db9a7f05cd573bb2","Box-glb","Box","glb","load","22","1022","1","5127.3","1664","0","0","","ok","42426368"
"nlohmann-2.0.0","e213c56f29a06d286edb48c6db9a7f05cd573bb2","Box-gltf","Box","gltf","load","22","1022","1","5094.3","3546","0","0","","ok","42426368"
"nlohmann-2.0.0","e213c56f29a06d286edb48c6db9a7f05cd573bb2","Avocado-gltf","Avocado","gltf","roundtrip","22","1022","1","21933.6","8110895","8109904","5","577BE81BE38882B7629C0391DDA4BFB51ACEB236413AB39AE26F9467ED82C14A","ok","42426368"
"nlohmann-2.0.0","e213c56f29a06d286edb48c6db9a7f05cd573bb2","Box-glb","Box","glb","export","23","1023","2","736.7","1664","1632","1","92E24B450EDF96029BFD157879B2E8D534DF9399E42C1E65980324EF585CF4C1","ok","42483712"
"nlohmann-2.0.0","e213c56f29a06d286edb48c6db9a7f05cd573bb2","Box-gltf","Box","gltf","export","23","1023","2","859.4","3546","1618","2","3C980C11AF22743E70D6A34755F3856A488C494AF170A9B64090B03052649936","ok","42483712"
"nlohmann-2.0.0","e213c56f29a06d286edb48c6db9a7f05cd573bb2","Avocado-glb","Avocado","glb","load","23","1023","2","22314.1","8110040","0","0","","ok","42483712"
"nlohmann-2.0.0","e213c56f29a06d286edb48c6db9a7f05cd573bb2","Box-glb","Box","glb","roundtrip","23","1023","2","5552.3","1664","1632","1","92E24B450EDF96029BFD157879B2E8D534DF9399E42C1E65980324EF585CF4C1","ok","42483712"
"nlohmann-2.0.0","e213c56f29a06d286edb48c6db9a7f05cd573bb2","Avocado-gltf","Avocado","gltf","roundtrip","23","1023","2","23085.6","8110895","8109904","5","577BE81BE38882B7629C0391DDA4BFB51ACEB236413AB39AE26F9467ED82C14A","ok","42483712"
"nlohmann-2.0.0","e213c56f29a06d286edb48c6db9a7f05cd573bb2","Avocado-glb","Avocado","glb","export","23","1023","2","102236.3","8110040","8110104","1","C813BA5B22D1EAAA78AECE97500EB82FD483EF1AFC4C3B5494F0C45F40C6B307","ok","42483712"
"nlohmann-2.0.0","e213c56f29a06d286edb48c6db9a7f05cd573bb2","Box-gltf","Box","gltf","load","23","1023","2","6296.9","3546","0","0","","ok","42483712"
"nlohmann-2.0.0","e213c56f29a06d286edb48c6db9a7f05cd573bb2","Avocado-gltf","Avocado","gltf","load","23","1023","2","17281.1","8110895","0","0","","ok","42483712"
"nlohmann-2.0.0","e213c56f29a06d286edb48c6db9a7f05cd573bb2","Box-gltf","Box","gltf","roundtrip","23","1023","2","5941.3","3546","1618","2","3C980C11AF22743E70D6A34755F3856A488C494AF170A9B64090B03052649936","ok","42483712"
"nlohmann-2.0.0","e213c56f29a06d286edb48c6db9a7f05cd573bb2","Avocado-gltf","Avocado","gltf","export","23","1023","2","5348","8110895","8109904","5","577BE81BE38882B7629C0391DDA4BFB51ACEB236413AB39AE26F9467ED82C14A","ok","42483712"
"nlohmann-2.0.0","e213c56f29a06d286edb48c6db9a7f05cd573bb2","Box-glb","Box","glb","load","23","1023","2","4875.9","1664","0","0","","ok","42483712"
"nlohmann-2.0.0","e213c56f29a06d286edb48c6db9a7f05cd573bb2","Avocado-glb","Avocado","glb","roundtrip","23","1023","2","70218.7","8110040","8110104","1","C813BA5B22D1EAAA78AECE97500EB82FD483EF1AFC4C3B5494F0C45F40C6B307","ok","42483712"
"nlohmann-2.0.0","e213c56f29a06d286edb48c6db9a7f05cd573bb2","Box-gltf","Box","gltf","load","24","1024","1","6533.6","3546","0","0","","ok","42405888"
"nlohmann-2.0.0","e213c56f29a06d286edb48c6db9a7f05cd573bb2","Avocado-gltf","Avocado","gltf","export","24","1024","1","5094.5","8110895","8109904","5","577BE81BE38882B7629C0391DDA4BFB51ACEB236413AB39AE26F9467ED82C14A","ok","42405888"
"nlohmann-2.0.0","e213c56f29a06d286edb48c6db9a7f05cd573bb2","Box-gltf","Box","gltf","roundtrip","24","1024","1","8263.3","3546","1618","2","3C980C11AF22743E70D6A34755F3856A488C494AF170A9B64090B03052649936","ok","42405888"
"nlohmann-2.0.0","e213c56f29a06d286edb48c6db9a7f05cd573bb2","Avocado-glb","Avocado","glb","roundtrip","24","1024","1","134855.2","8110040","8110104","1","C813BA5B22D1EAAA78AECE97500EB82FD483EF1AFC4C3B5494F0C45F40C6B307","ok","42405888"
"nlohmann-2.0.0","e213c56f29a06d286edb48c6db9a7f05cd573bb2","Box-glb","Box","glb","export","24","1024","1","622.3","1664","1632","1","92E24B450EDF96029BFD157879B2E8D534DF9399E42C1E65980324EF585CF4C1","ok","42405888"
"nlohmann-2.0.0","e213c56f29a06d286edb48c6db9a7f05cd573bb2","Avocado-glb","Avocado","glb","export","24","1024","1","52027.8","8110040","8110104","1","C813BA5B22D1EAAA78AECE97500EB82FD483EF1AFC4C3B5494F0C45F40C6B307","ok","42405888"
"nlohmann-2.0.0","e213c56f29a06d286edb48c6db9a7f05cd573bb2","Avocado-gltf","Avocado","gltf","load","24","1024","1","18619.2","8110895","0","0","","ok","42405888"
"nlohmann-2.0.0","e213c56f29a06d286edb48c6db9a7f05cd573bb2","Box-glb","Box","glb","load","24","1024","1","5178.1","1664","0","0","","ok","42405888"
"nlohmann-2.0.0","e213c56f29a06d286edb48c6db9a7f05cd573bb2","Box-glb","Box","glb","roundtrip","24","1024","1","6267.1","1664","1632","1","92E24B450EDF96029BFD157879B2E8D534DF9399E42C1E65980324EF585CF4C1","ok","42405888"
"nlohmann-2.0.0","e213c56f29a06d286edb48c6db9a7f05cd573bb2","Avocado-glb","Avocado","glb","load","24","1024","1","22145.2","8110040","0","0","","ok","42405888"
"nlohmann-2.0.0","e213c56f29a06d286edb48c6db9a7f05cd573bb2","Avocado-gltf","Avocado","gltf","roundtrip","24","1024","1","21816.4","8110895","8109904","5","577BE81BE38882B7629C0391DDA4BFB51ACEB236413AB39AE26F9467ED82C14A","ok","42405888"
"nlohmann-2.0.0","e213c56f29a06d286edb48c6db9a7f05cd573bb2","Box-gltf","Box","gltf","export","24","1024","1","1005.8","3546","1618","2","3C980C11AF22743E70D6A34755F3856A488C494AF170A9B64090B03052649936","ok","42405888"
"nlohmann-2.0.0","e213c56f29a06d286edb48c6db9a7f05cd573bb2","Box-gltf","Box","gltf","export","25","1025","2","883.2","3546","1618","2","3C980C11AF22743E70D6A34755F3856A488C494AF170A9B64090B03052649936","ok","42467328"
"nlohmann-2.0.0","e213c56f29a06d286edb48c6db9a7f05cd573bb2","Avocado-gltf","Avocado","gltf","load","25","1025","2","18502.3","8110895","0","0","","ok","42467328"
"nlohmann-2.0.0","e213c56f29a06d286edb48c6db9a7f05cd573bb2","Avocado-glb","Avocado","glb","export","25","1025","2","112923.1","8110040","8110104","1","C813BA5B22D1EAAA78AECE97500EB82FD483EF1AFC4C3B5494F0C45F40C6B307","ok","42467328"
"nlohmann-2.0.0","e213c56f29a06d286edb48c6db9a7f05cd573bb2","Box-gltf","Box","gltf","roundtrip","25","1025","2","61472.8","3546","1618","2","3C980C11AF22743E70D6A34755F3856A488C494AF170A9B64090B03052649936","ok","42467328"
"nlohmann-2.0.0","e213c56f29a06d286edb48c6db9a7f05cd573bb2","Avocado-glb","Avocado","glb","load","25","1025","2","22442.4","8110040","0","0","","ok","42467328"
"nlohmann-2.0.0","e213c56f29a06d286edb48c6db9a7f05cd573bb2","Avocado-gltf","Avocado","gltf","export","25","1025","2","5293.4","8110895","8109904","5","577BE81BE38882B7629C0391DDA4BFB51ACEB236413AB39AE26F9467ED82C14A","ok","42467328"
"nlohmann-2.0.0","e213c56f29a06d286edb48c6db9a7f05cd573bb2","Box-glb","Box","glb","load","25","1025","2","4787.6","1664","0","0","","ok","42467328"
"nlohmann-2.0.0","e213c56f29a06d286edb48c6db9a7f05cd573bb2","Box-glb","Box","glb","roundtrip","25","1025","2","5262.5","1664","1632","1","92E24B450EDF96029BFD157879B2E8D534DF9399E42C1E65980324EF585CF4C1","ok","42467328"
"nlohmann-2.0.0","e213c56f29a06d286edb48c6db9a7f05cd573bb2","Box-gltf","Box","gltf","load","25","1025","2","4924.6","3546","0","0","","ok","42467328"
"nlohmann-2.0.0","e213c56f29a06d286edb48c6db9a7f05cd573bb2","Avocado-glb","Avocado","glb","roundtrip","25","1025","2","67034.9","8110040","8110104","1","C813BA5B22D1EAAA78AECE97500EB82FD483EF1AFC4C3B5494F0C45F40C6B307","ok","42467328"
"nlohmann-2.0.0","e213c56f29a06d286edb48c6db9a7f05cd573bb2","Box-glb","Box","glb","export","25","1025","2","585.6","1664","1632","1","92E24B450EDF96029BFD157879B2E8D534DF9399E42C1E65980324EF585CF4C1","ok","42467328"
"nlohmann-2.0.0","e213c56f29a06d286edb48c6db9a7f05cd573bb2","Avocado-gltf","Avocado","gltf","roundtrip","25","1025","2","23058.6","8110895","8109904","5","577BE81BE38882B7629C0391DDA4BFB51ACEB236413AB39AE26F9467ED82C14A","ok","42467328"
"nlohmann-2.0.0","e213c56f29a06d286edb48c6db9a7f05cd573bb2","Box-gltf","Box","gltf","load","26","1026","1","7367.6","3546","0","0","","ok","42430464"
"nlohmann-2.0.0","e213c56f29a06d286edb48c6db9a7f05cd573bb2","Box-glb","Box","glb","roundtrip","26","1026","1","7100.9","1664","1632","1","92E24B450EDF96029BFD157879B2E8D534DF9399E42C1E65980324EF585CF4C1","ok","42430464"
"nlohmann-2.0.0","e213c56f29a06d286edb48c6db9a7f05cd573bb2","Avocado-gltf","Avocado","gltf","load","26","1026","1","17716","8110895","0","0","","ok","42430464"
"nlohmann-2.0.0","e213c56f29a06d286edb48c6db9a7f05cd573bb2","Box-gltf","Box","gltf","export","26","1026","1","1041.5","3546","1618","2","3C980C11AF22743E70D6A34755F3856A488C494AF170A9B64090B03052649936","ok","42430464"
"nlohmann-2.0.0","e213c56f29a06d286edb48c6db9a7f05cd573bb2","Avocado-gltf","Avocado","gltf","roundtrip","26","1026","1","25057.9","8110895","8109904","5","577BE81BE38882B7629C0391DDA4BFB51ACEB236413AB39AE26F9467ED82C14A","ok","42430464"
"nlohmann-2.0.0","e213c56f29a06d286edb48c6db9a7f05cd573bb2","Avocado-gltf","Avocado","gltf","export","26","1026","1","5643.2","8110895","8109904","5","577BE81BE38882B7629C0391DDA4BFB51ACEB236413AB39AE26F9467ED82C14A","ok","42430464"
"nlohmann-2.0.0","e213c56f29a06d286edb48c6db9a7f05cd573bb2","Avocado-glb","Avocado","glb","roundtrip","26","1026","1","142684.2","8110040","8110104","1","C813BA5B22D1EAAA78AECE97500EB82FD483EF1AFC4C3B5494F0C45F40C6B307","ok","42430464"
"nlohmann-2.0.0","e213c56f29a06d286edb48c6db9a7f05cd573bb2","Box-glb","Box","glb","export","26","1026","1","641.3","1664","1632","1","92E24B450EDF96029BFD157879B2E8D534DF9399E42C1E65980324EF585CF4C1","ok","42430464"
"nlohmann-2.0.0","e213c56f29a06d286edb48c6db9a7f05cd573bb2","Avocado-glb","Avocado","glb","export","26","1026","1","46316.7","8110040","8110104","1","C813BA5B22D1EAAA78AECE97500EB82FD483EF1AFC4C3B5494F0C45F40C6B307","ok","42430464"
"nlohmann-2.0.0","e213c56f29a06d286edb48c6db9a7f05cd573bb2","Box-gltf","Box","gltf","roundtrip","26","1026","1","6071","3546","1618","2","3C980C11AF22743E70D6A34755F3856A488C494AF170A9B64090B03052649936","ok","42430464"
"nlohmann-2.0.0","e213c56f29a06d286edb48c6db9a7f05cd573bb2","Avocado-glb","Avocado","glb","load","26","1026","1","22104.7","8110040","0","0","","ok","42430464"
"nlohmann-2.0.0","e213c56f29a06d286edb48c6db9a7f05cd573bb2","Box-glb","Box","glb","load","26","1026","1","5777.2","1664","0","0","","ok","42430464"
"nlohmann-2.0.0","e213c56f29a06d286edb48c6db9a7f05cd573bb2","Avocado-gltf","Avocado","gltf","load","27","1027","2","19557.5","8110895","0","0","","ok","42463232"
"nlohmann-2.0.0","e213c56f29a06d286edb48c6db9a7f05cd573bb2","Box-gltf","Box","gltf","load","27","1027","2","5352.3","3546","0","0","","ok","42463232"
"nlohmann-2.0.0","e213c56f29a06d286edb48c6db9a7f05cd573bb2","Avocado-gltf","Avocado","gltf","roundtrip","27","1027","2","27380.2","8110895","8109904","5","577BE81BE38882B7629C0391DDA4BFB51ACEB236413AB39AE26F9467ED82C14A","ok","42463232"
"nlohmann-2.0.0","e213c56f29a06d286edb48c6db9a7f05cd573bb2","Box-glb","Box","glb","load","27","1027","2","5940.1","1664","0","0","","ok","42463232"
"nlohmann-2.0.0","e213c56f29a06d286edb48c6db9a7f05cd573bb2","Box-gltf","Box","gltf","roundtrip","27","1027","2","73294.2","3546","1618","2","3C980C11AF22743E70D6A34755F3856A488C494AF170A9B64090B03052649936","ok","42463232"
"nlohmann-2.0.0","e213c56f29a06d286edb48c6db9a7f05cd573bb2","Avocado-glb","Avocado","glb","export","27","1027","2","102112","8110040","8110104","1","C813BA5B22D1EAAA78AECE97500EB82FD483EF1AFC4C3B5494F0C45F40C6B307","ok","42463232"
"nlohmann-2.0.0","e213c56f29a06d286edb48c6db9a7f05cd573bb2","Box-glb","Box","glb","export","27","1027","2","773.1","1664","1632","1","92E24B450EDF96029BFD157879B2E8D534DF9399E42C1E65980324EF585CF4C1","ok","42463232"
"nlohmann-2.0.0","e213c56f29a06d286edb48c6db9a7f05cd573bb2","Box-gltf","Box","gltf","export","27","1027","2","915.6","3546","1618","2","3C980C11AF22743E70D6A34755F3856A488C494AF170A9B64090B03052649936","ok","42463232"
"nlohmann-2.0.0","e213c56f29a06d286edb48c6db9a7f05cd573bb2","Avocado-glb","Avocado","glb","load","27","1027","2","22337.6","8110040","0","0","","ok","42463232"
"nlohmann-2.0.0","e213c56f29a06d286edb48c6db9a7f05cd573bb2","Avocado-glb","Avocado","glb","roundtrip","27","1027","2","70474.3","8110040","8110104","1","C813BA5B22D1EAAA78AECE97500EB82FD483EF1AFC4C3B5494F0C45F40C6B307","ok","42463232"
"nlohmann-2.0.0","e213c56f29a06d286edb48c6db9a7f05cd573bb2","Box-glb","Box","glb","roundtrip","27","1027","2","5531.1","1664","1632","1","92E24B450EDF96029BFD157879B2E8D534DF9399E42C1E65980324EF585CF4C1","ok","42463232"
"nlohmann-2.0.0","e213c56f29a06d286edb48c6db9a7f05cd573bb2","Avocado-gltf","Avocado","gltf","export","27","1027","2","5369.2","8110895","8109904","5","577BE81BE38882B7629C0391DDA4BFB51ACEB236413AB39AE26F9467ED82C14A","ok","42463232"
"nlohmann-2.0.0","e213c56f29a06d286edb48c6db9a7f05cd573bb2","Avocado-gltf","Avocado","gltf","load","28","1028","1","19631.1","8110895","0","0","","ok","42442752"
"nlohmann-2.0.0","e213c56f29a06d286edb48c6db9a7f05cd573bb2","Avocado-glb","Avocado","glb","load","28","1028","1","25713.7","8110040","0","0","","ok","42442752"
"nlohmann-2.0.0","e213c56f29a06d286edb48c6db9a7f05cd573bb2","Box-gltf","Box","gltf","export","28","1028","1","915","3546","1618","2","3C980C11AF22743E70D6A34755F3856A488C494AF170A9B64090B03052649936","ok","42442752"
"nlohmann-2.0.0","e213c56f29a06d286edb48c6db9a7f05cd573bb2","Box-glb","Box","glb","roundtrip","28","1028","1","6182.9","1664","1632","1","92E24B450EDF96029BFD157879B2E8D534DF9399E42C1E65980324EF585CF4C1","ok","42442752"
"nlohmann-2.0.0","e213c56f29a06d286edb48c6db9a7f05cd573bb2","Box-glb","Box","glb","export","28","1028","1","665.6","1664","1632","1","92E24B450EDF96029BFD157879B2E8D534DF9399E42C1E65980324EF585CF4C1","ok","42442752"
"nlohmann-2.0.0","e213c56f29a06d286edb48c6db9a7f05cd573bb2","Box-glb","Box","glb","load","28","1028","1","5430.5","1664","0","0","","ok","42442752"
"nlohmann-2.0.0","e213c56f29a06d286edb48c6db9a7f05cd573bb2","Avocado-gltf","Avocado","gltf","roundtrip","28","1028","1","26330.9","8110895","8109904","5","577BE81BE38882B7629C0391DDA4BFB51ACEB236413AB39AE26F9467ED82C14A","ok","42442752"
"nlohmann-2.0.0","e213c56f29a06d286edb48c6db9a7f05cd573bb2","Avocado-glb","Avocado","glb","export","28","1028","1","48160.8","8110040","8110104","1","C813BA5B22D1EAAA78AECE97500EB82FD483EF1AFC4C3B5494F0C45F40C6B307","ok","42442752"
"nlohmann-2.0.0","e213c56f29a06d286edb48c6db9a7f05cd573bb2","Avocado-gltf","Avocado","gltf","export","28","1028","1","4603.6","8110895","8109904","5","577BE81BE38882B7629C0391DDA4BFB51ACEB236413AB39AE26F9467ED82C14A","ok","42442752"
"nlohmann-2.0.0","e213c56f29a06d286edb48c6db9a7f05cd573bb2","Avocado-glb","Avocado","glb","roundtrip","28","1028","1","74494.2","8110040","8110104","1","C813BA5B22D1EAAA78AECE97500EB82FD483EF1AFC4C3B5494F0C45F40C6B307","ok","42442752"
"nlohmann-2.0.0","e213c56f29a06d286edb48c6db9a7f05cd573bb2","Box-gltf","Box","gltf","load","28","1028","1","5185","3546","0","0","","ok","42442752"
"nlohmann-2.0.0","e213c56f29a06d286edb48c6db9a7f05cd573bb2","Box-gltf","Box","gltf","roundtrip","28","1028","1","7880.2","3546","1618","2","3C980C11AF22743E70D6A34755F3856A488C494AF170A9B64090B03052649936","ok","42442752"
"nlohmann-2.0.0","e213c56f29a06d286edb48c6db9a7f05cd573bb2","Avocado-glb","Avocado","glb","export","29","1029","2","49817.5","8110040","8110104","1","C813BA5B22D1EAAA78AECE97500EB82FD483EF1AFC4C3B5494F0C45F40C6B307","ok","42491904"
"nlohmann-2.0.0","e213c56f29a06d286edb48c6db9a7f05cd573bb2","Box-gltf","Box","gltf","load","29","1029","2","5388.5","3546","0","0","","ok","42491904"
"nlohmann-2.0.0","e213c56f29a06d286edb48c6db9a7f05cd573bb2","Avocado-gltf","Avocado","gltf","export","29","1029","2","4898.9","8110895","8109904","5","577BE81BE38882B7629C0391DDA4BFB51ACEB236413AB39AE26F9467ED82C14A","ok","42491904"
"nlohmann-2.0.0","e213c56f29a06d286edb48c6db9a7f05cd573bb2","Box-glb","Box","glb","export","29","1029","2","684.4","1664","1632","1","92E24B450EDF96029BFD157879B2E8D534DF9399E42C1E65980324EF585CF4C1","ok","42491904"
"nlohmann-2.0.0","e213c56f29a06d286edb48c6db9a7f05cd573bb2","Box-glb","Box","glb","roundtrip","29","1029","2","6447.9","1664","1632","1","92E24B450EDF96029BFD157879B2E8D534DF9399E42C1E65980324EF585CF4C1","ok","42491904"
"nlohmann-2.0.0","e213c56f29a06d286edb48c6db9a7f05cd573bb2","Avocado-glb","Avocado","glb","roundtrip","29","1029","2","190015.6","8110040","8110104","1","C813BA5B22D1EAAA78AECE97500EB82FD483EF1AFC4C3B5494F0C45F40C6B307","ok","42491904"
"nlohmann-2.0.0","e213c56f29a06d286edb48c6db9a7f05cd573bb2","Box-gltf","Box","gltf","export","29","1029","2","804.8","3546","1618","2","3C980C11AF22743E70D6A34755F3856A488C494AF170A9B64090B03052649936","ok","42491904"
"nlohmann-2.0.0","e213c56f29a06d286edb48c6db9a7f05cd573bb2","Box-gltf","Box","gltf","roundtrip","29","1029","2","5980.1","3546","1618","2","3C980C11AF22743E70D6A34755F3856A488C494AF170A9B64090B03052649936","ok","42491904"
"nlohmann-2.0.0","e213c56f29a06d286edb48c6db9a7f05cd573bb2","Box-glb","Box","glb","load","29","1029","2","4678.7","1664","0","0","","ok","42491904"
"nlohmann-2.0.0","e213c56f29a06d286edb48c6db9a7f05cd573bb2","Avocado-gltf","Avocado","gltf","roundtrip","29","1029","2","22125.7","8110895","8109904","5","577BE81BE38882B7629C0391DDA4BFB51ACEB236413AB39AE26F9467ED82C14A","ok","42491904"
"nlohmann-2.0.0","e213c56f29a06d286edb48c6db9a7f05cd573bb2","Avocado-glb","Avocado","glb","load","29","1029","2","23675.9","8110040","0","0","","ok","42491904"
"nlohmann-2.0.0","e213c56f29a06d286edb48c6db9a7f05cd573bb2","Avocado-gltf","Avocado","gltf","load","29","1029","2","17809.6","8110895","0","0","","ok","42491904"
"nlohmann-2.0.0","e213c56f29a06d286edb48c6db9a7f05cd573bb2","Avocado-gltf","Avocado","gltf","export","30","1030","1","5393","8110895","8109904","5","577BE81BE38882B7629C0391DDA4BFB51ACEB236413AB39AE26F9467ED82C14A","ok","42409984"
"nlohmann-2.0.0","e213c56f29a06d286edb48c6db9a7f05cd573bb2","Avocado-glb","Avocado","glb","export","30","1030","1","112609.5","8110040","8110104","1","C813BA5B22D1EAAA78AECE97500EB82FD483EF1AFC4C3B5494F0C45F40C6B307","ok","42409984"
"nlohmann-2.0.0","e213c56f29a06d286edb48c6db9a7f05cd573bb2","Avocado-gltf","Avocado","gltf","roundtrip","30","1030","1","22474.9","8110895","8109904","5","577BE81BE38882B7629C0391DDA4BFB51ACEB236413AB39AE26F9467ED82C14A","ok","42409984"
"nlohmann-2.0.0","e213c56f29a06d286edb48c6db9a7f05cd573bb2","Box-glb","Box","glb","load","30","1030","1","5105.6","1664","0","0","","ok","42409984"
"nlohmann-2.0.0","e213c56f29a06d286edb48c6db9a7f05cd573bb2","Box-glb","Box","glb","export","30","1030","1","659.1","1664","1632","1","92E24B450EDF96029BFD157879B2E8D534DF9399E42C1E65980324EF585CF4C1","ok","42409984"
"nlohmann-2.0.0","e213c56f29a06d286edb48c6db9a7f05cd573bb2","Box-gltf","Box","gltf","export","30","1030","1","1101.3","3546","1618","2","3C980C11AF22743E70D6A34755F3856A488C494AF170A9B64090B03052649936","ok","42409984"
"nlohmann-2.0.0","e213c56f29a06d286edb48c6db9a7f05cd573bb2","Box-glb","Box","glb","roundtrip","30","1030","1","5890","1664","1632","1","92E24B450EDF96029BFD157879B2E8D534DF9399E42C1E65980324EF585CF4C1","ok","42409984"
"nlohmann-2.0.0","e213c56f29a06d286edb48c6db9a7f05cd573bb2","Avocado-glb","Avocado","glb","roundtrip","30","1030","1","68999.5","8110040","8110104","1","C813BA5B22D1EAAA78AECE97500EB82FD483EF1AFC4C3B5494F0C45F40C6B307","ok","42409984"
"nlohmann-2.0.0","e213c56f29a06d286edb48c6db9a7f05cd573bb2","Box-gltf","Box","gltf","load","30","1030","1","5298.5","3546","0","0","","ok","42409984"
"nlohmann-2.0.0","e213c56f29a06d286edb48c6db9a7f05cd573bb2","Box-gltf","Box","gltf","roundtrip","30","1030","1","6500.5","3546","1618","2","3C980C11AF22743E70D6A34755F3856A488C494AF170A9B64090B03052649936","ok","42409984"
"nlohmann-2.0.0","e213c56f29a06d286edb48c6db9a7f05cd573bb2","Avocado-gltf","Avocado","gltf","load","30","1030","1","17001.7","8110895","0","0","","ok","42409984"
"nlohmann-2.0.0","e213c56f29a06d286edb48c6db9a7f05cd573bb2","Avocado-glb","Avocado","glb","load","30","1030","1","21476.9","8110040","0","0","","ok","42409984"
"nlohmann-2.0.0","e213c56f29a06d286edb48c6db9a7f05cd573bb2","Box-gltf","Box","gltf","load","31","1031","2","7306","3546","0","0","","ok","42414080"
"nlohmann-2.0.0","e213c56f29a06d286edb48c6db9a7f05cd573bb2","Avocado-glb","Avocado","glb","load","31","1031","2","23915.5","8110040","0","0","","ok","42414080"
"nlohmann-2.0.0","e213c56f29a06d286edb48c6db9a7f05cd573bb2","Avocado-gltf","Avocado","gltf","export","31","1031","2","5264.1","8110895","8109904","5","577BE81BE38882B7629C0391DDA4BFB51ACEB236413AB39AE26F9467ED82C14A","ok","42414080"
"nlohmann-2.0.0","e213c56f29a06d286edb48c6db9a7f05cd573bb2","Box-glb","Box","glb","roundtrip","31","1031","2","6354.3","1664","1632","1","92E24B450EDF96029BFD157879B2E8D534DF9399E42C1E65980324EF585CF4C1","ok","42414080"
"nlohmann-2.0.0","e213c56f29a06d286edb48c6db9a7f05cd573bb2","Avocado-glb","Avocado","glb","roundtrip","31","1031","2","127604.2","8110040","8110104","1","C813BA5B22D1EAAA78AECE97500EB82FD483EF1AFC4C3B5494F0C45F40C6B307","ok","42414080"
"nlohmann-2.0.0","e213c56f29a06d286edb48c6db9a7f05cd573bb2","Avocado-gltf","Avocado","gltf","load","31","1031","2","17029.8","8110895","0","0","","ok","42414080"
"nlohmann-2.0.0","e213c56f29a06d286edb48c6db9a7f05cd573bb2","Box-glb","Box","glb","load","31","1031","2","4888.3","1664","0","0","","ok","42414080"
"nlohmann-2.0.0","e213c56f29a06d286edb48c6db9a7f05cd573bb2","Box-gltf","Box","gltf","roundtrip","31","1031","2","6794.3","3546","1618","2","3C980C11AF22743E70D6A34755F3856A488C494AF170A9B64090B03052649936","ok","42414080"
"nlohmann-2.0.0","e213c56f29a06d286edb48c6db9a7f05cd573bb2","Box-gltf","Box","gltf","export","31","1031","2","864","3546","1618","2","3C980C11AF22743E70D6A34755F3856A488C494AF170A9B64090B03052649936","ok","42414080"
"nlohmann-2.0.0","e213c56f29a06d286edb48c6db9a7f05cd573bb2","Avocado-glb","Avocado","glb","export","31","1031","2","47651.1","8110040","8110104","1","C813BA5B22D1EAAA78AECE97500EB82FD483EF1AFC4C3B5494F0C45F40C6B307","ok","42414080"
"nlohmann-2.0.0","e213c56f29a06d286edb48c6db9a7f05cd573bb2","Box-glb","Box","glb","export","31","1031","2","601.4","1664","1632","1","92E24B450EDF96029BFD157879B2E8D534DF9399E42C1E65980324EF585CF4C1","ok","42414080"
"nlohmann-2.0.0","e213c56f29a06d286edb48c6db9a7f05cd573bb2","Avocado-gltf","Avocado","gltf","roundtrip","31","1031","2","22963.1","8110895","8109904","5","577BE81BE38882B7629C0391DDA4BFB51ACEB236413AB39AE26F9467ED82C14A","ok","42414080"
"nlohmann-2.0.0","e213c56f29a06d286edb48c6db9a7f05cd573bb2","Box-glb","Box","glb","roundtrip","32","1032","1","6300.2","1664","1632","1","92E24B450EDF96029BFD157879B2E8D534DF9399E42C1E65980324EF585CF4C1","ok","42479616"
"nlohmann-2.0.0","e213c56f29a06d286edb48c6db9a7f05cd573bb2","Avocado-gltf","Avocado","gltf","export","32","1032","1","5094.2","8110895","8109904","5","577BE81BE38882B7629C0391DDA4BFB51ACEB236413AB39AE26F9467ED82C14A","ok","42479616"
"nlohmann-2.0.0","e213c56f29a06d286edb48c6db9a7f05cd573bb2","Box-gltf","Box","gltf","load","32","1032","1","6017.5","3546","0","0","","ok","42479616"
"nlohmann-2.0.0","e213c56f29a06d286edb48c6db9a7f05cd573bb2","Box-glb","Box","glb","load","32","1032","1","5651.5","1664","0","0","","ok","42479616"
"nlohmann-2.0.0","e213c56f29a06d286edb48c6db9a7f05cd573bb2","Avocado-glb","Avocado","glb","roundtrip","32","1032","1","136919.5","8110040","8110104","1","C813BA5B22D1EAAA78AECE97500EB82FD483EF1AFC4C3B5494F0C45F40C6B307","ok","42479616"
"nlohmann-2.0.0","e213c56f29a06d286edb48c6db9a7f05cd573bb2","Box-glb","Box","glb","export","32","1032","1","594.6","1664","1632","1","92E24B450EDF96029BFD157879B2E8D534DF9399E42C1E65980324EF585CF4C1","ok","42479616"
"nlohmann-2.0.0","e213c56f29a06d286edb48c6db9a7f05cd573bb2","Box-gltf","Box","gltf","roundtrip","32","1032","1","6521.2","3546","1618","2","3C980C11AF22743E70D6A34755F3856A488C494AF170A9B64090B03052649936","ok","42479616"
"nlohmann-2.0.0","e213c56f29a06d286edb48c6db9a7f05cd573bb2","Avocado-gltf","Avocado","gltf","load","32","1032","1","17243.8","8110895","0","0","","ok","42479616"
"nlohmann-2.0.0","e213c56f29a06d286edb48c6db9a7f05cd573bb2","Box-gltf","Box","gltf","export","32","1032","1","767.6","3546","1618","2","3C980C11AF22743E70D6A34755F3856A488C494AF170A9B64090B03052649936","ok","42479616"
"nlohmann-2.0.0","e213c56f29a06d286edb48c6db9a7f05cd573bb2","Avocado-glb","Avocado","glb","load","32","1032","1","21242.6","8110040","0","0","","ok","42479616"
"nlohmann-2.0.0","e213c56f29a06d286edb48c6db9a7f05cd573bb2","Avocado-glb","Avocado","glb","export","32","1032","1","45611.3","8110040","8110104","1","C813BA5B22D1EAAA78AECE97500EB82FD483EF1AFC4C3B5494F0C45F40C6B307","ok","42479616"
"nlohmann-2.0.0","e213c56f29a06d286edb48c6db9a7f05cd573bb2","Avocado-gltf","Avocado","gltf","roundtrip","32","1032","1","24407.5","8110895","8109904","5","577BE81BE38882B7629C0391DDA4BFB51ACEB236413AB39AE26F9467ED82C14A","ok","42479616"
"nlohmann-2.0.0","e213c56f29a06d286edb48c6db9a7f05cd573bb2","Box-gltf","Box","gltf","export","33","1033","2","831.5","3546","1618","2","3C980C11AF22743E70D6A34755F3856A488C494AF170A9B64090B03052649936","ok","42434560"
"nlohmann-2.0.0","e213c56f29a06d286edb48c6db9a7f05cd573bb2","Avocado-gltf","Avocado","gltf","export","33","1033","2","5317.3","8110895","8109904","5","577BE81BE38882B7629C0391DDA4BFB51ACEB236413AB39AE26F9467ED82C14A","ok","42434560"
"nlohmann-2.0.0","e213c56f29a06d286edb48c6db9a7f05cd573bb2","Avocado-glb","Avocado","glb","roundtrip","33","1033","2","141274.2","8110040","8110104","1","C813BA5B22D1EAAA78AECE97500EB82FD483EF1AFC4C3B5494F0C45F40C6B307","ok","42434560"
"nlohmann-2.0.0","e213c56f29a06d286edb48c6db9a7f05cd573bb2","Box-gltf","Box","gltf","load","33","1033","2","7923.5","3546","0","0","","ok","42434560"
"nlohmann-2.0.0","e213c56f29a06d286edb48c6db9a7f05cd573bb2","Avocado-gltf","Avocado","gltf","load","33","1033","2","18186.6","8110895","0","0","","ok","42434560"
"nlohmann-2.0.0","e213c56f29a06d286edb48c6db9a7f05cd573bb2","Box-glb","Box","glb","roundtrip","33","1033","2","5316.9","1664","1632","1","92E24B450EDF96029BFD157879B2E8D534DF9399E42C1E65980324EF585CF4C1","ok","42434560"
"nlohmann-2.0.0","e213c56f29a06d286edb48c6db9a7f05cd573bb2","Box-glb","Box","glb","load","33","1033","2","4720.8","1664","0","0","","ok","42434560"
"nlohmann-2.0.0","e213c56f29a06d286edb48c6db9a7f05cd573bb2","Avocado-glb","Avocado","glb","load","33","1033","2","21476.8","8110040","0","0","","ok","42434560"
"nlohmann-2.0.0","e213c56f29a06d286edb48c6db9a7f05cd573bb2","Avocado-gltf","Avocado","gltf","roundtrip","33","1033","2","21792","8110895","8109904","5","577BE81BE38882B7629C0391DDA4BFB51ACEB236413AB39AE26F9467ED82C14A","ok","42434560"
"nlohmann-2.0.0","e213c56f29a06d286edb48c6db9a7f05cd573bb2","Box-gltf","Box","gltf","roundtrip","33","1033","2","5850.7","3546","1618","2","3C980C11AF22743E70D6A34755F3856A488C494AF170A9B64090B03052649936","ok","42434560"
"nlohmann-2.0.0","e213c56f29a06d286edb48c6db9a7f05cd573bb2","Box-glb","Box","glb","export","33","1033","2","581.5","1664","1632","1","92E24B450EDF96029BFD157879B2E8D534DF9399E42C1E65980324EF585CF4C1","ok","42434560"
"nlohmann-2.0.0","e213c56f29a06d286edb48c6db9a7f05cd573bb2","Avocado-glb","Avocado","glb","export","33","1033","2","45620.3","8110040","8110104","1","C813BA5B22D1EAAA78AECE97500EB82FD483EF1AFC4C3B5494F0C45F40C6B307","ok","42434560"
"nlohmann-2.0.0","e213c56f29a06d286edb48c6db9a7f05cd573bb2","Box-gltf","Box","gltf","roundtrip","34","1034","1","6560.7","3546","1618","2","3C980C11AF22743E70D6A34755F3856A488C494AF170A9B64090B03052649936","ok","42434560"
"nlohmann-2.0.0","e213c56f29a06d286edb48c6db9a7f05cd573bb2","Avocado-gltf","Avocado","gltf","load","34","1034","1","18478","8110895","0","0","","ok","42434560"
"nlohmann-2.0.0","e213c56f29a06d286edb48c6db9a7f05cd573bb2","Avocado-gltf","Avocado","gltf","roundtrip","34","1034","1","26456.9","8110895","8109904","5","577BE81BE38882B7629C0391DDA4BFB51ACEB236413AB39AE26F9467ED82C14A","ok","42434560"
"nlohmann-2.0.0","e213c56f29a06d286edb48c6db9a7f05cd573bb2","Avocado-glb","Avocado","glb","load","34","1034","1","80528.5","8110040","0","0","","ok","42434560"
"nlohmann-2.0.0","e213c56f29a06d286edb48c6db9a7f05cd573bb2","Avocado-glb","Avocado","glb","roundtrip","34","1034","1","140324","8110040","8110104","1","C813BA5B22D1EAAA78AECE97500EB82FD483EF1AFC4C3B5494F0C45F40C6B307","ok","42434560"
"nlohmann-2.0.0","e213c56f29a06d286edb48c6db9a7f05cd573bb2","Box-gltf","Box","gltf","load","34","1034","1","5365.7","3546","0","0","","ok","42434560"
"nlohmann-2.0.0","e213c56f29a06d286edb48c6db9a7f05cd573bb2","Avocado-glb","Avocado","glb","export","34","1034","1","45857.7","8110040","8110104","1","C813BA5B22D1EAAA78AECE97500EB82FD483EF1AFC4C3B5494F0C45F40C6B307","ok","42434560"
"nlohmann-2.0.0","e213c56f29a06d286edb48c6db9a7f05cd573bb2","Box-glb","Box","glb","load","34","1034","1","4938.6","1664","0","0","","ok","42434560"
"nlohmann-2.0.0","e213c56f29a06d286edb48c6db9a7f05cd573bb2","Box-gltf","Box","gltf","export","34","1034","1","790.1","3546","1618","2","3C980C11AF22743E70D6A34755F3856A488C494AF170A9B64090B03052649936","ok","42434560"
"nlohmann-2.0.0","e213c56f29a06d286edb48c6db9a7f05cd573bb2","Box-glb","Box","glb","roundtrip","34","1034","1","5228.3","1664","1632","1","92E24B450EDF96029BFD157879B2E8D534DF9399E42C1E65980324EF585CF4C1","ok","42434560"
"nlohmann-2.0.0","e213c56f29a06d286edb48c6db9a7f05cd573bb2","Avocado-gltf","Avocado","gltf","export","34","1034","1","4568.6","8110895","8109904","5","577BE81BE38882B7629C0391DDA4BFB51ACEB236413AB39AE26F9467ED82C14A","ok","42434560"
"nlohmann-2.0.0","e213c56f29a06d286edb48c6db9a7f05cd573bb2","Box-glb","Box","glb","export","34","1034","1","585.8","1664","1632","1","92E24B450EDF96029BFD157879B2E8D534DF9399E42C1E65980324EF585CF4C1","ok","42434560"
"nlohmann-2.0.0","e213c56f29a06d286edb48c6db9a7f05cd573bb2","Avocado-glb","Avocado","glb","export","35","1035","2","46322.5","8110040","8110104","1","C813BA5B22D1EAAA78AECE97500EB82FD483EF1AFC4C3B5494F0C45F40C6B307","ok","42434560"
"nlohmann-2.0.0","e213c56f29a06d286edb48c6db9a7f05cd573bb2","Avocado-gltf","Avocado","gltf","load","35","1035","2","22451.2","8110895","0","0","","ok","42434560"
"nlohmann-2.0.0","e213c56f29a06d286edb48c6db9a7f05cd573bb2","Box-glb","Box","glb","export","35","1035","2","620.4","1664","1632","1","92E24B450EDF96029BFD157879B2E8D534DF9399E42C1E65980324EF585CF4C1","ok","42434560"
"nlohmann-2.0.0","e213c56f29a06d286edb48c6db9a7f05cd573bb2","Box-glb","Box","glb","roundtrip","35","1035","2","6343.7","1664","1632","1","92E24B450EDF96029BFD157879B2E8D534DF9399E42C1E65980324EF585CF4C1","ok","42434560"
"nlohmann-2.0.0","e213c56f29a06d286edb48c6db9a7f05cd573bb2","Avocado-gltf","Avocado","gltf","export","35","1035","2","5246.3","8110895","8109904","5","577BE81BE38882B7629C0391DDA4BFB51ACEB236413AB39AE26F9467ED82C14A","ok","42434560"
"nlohmann-2.0.0","e213c56f29a06d286edb48c6db9a7f05cd573bb2","Avocado-gltf","Avocado","gltf","roundtrip","35","1035","2","25450.4","8110895","8109904","5","577BE81BE38882B7629C0391DDA4BFB51ACEB236413AB39AE26F9467ED82C14A","ok","42434560"
"nlohmann-2.0.0","e213c56f29a06d286edb48c6db9a7f05cd573bb2","Box-gltf","Box","gltf","roundtrip","35","1035","2","5999","3546","1618","2","3C980C11AF22743E70D6A34755F3856A488C494AF170A9B64090B03052649936","ok","42434560"
"nlohmann-2.0.0","e213c56f29a06d286edb48c6db9a7f05cd573bb2","Box-gltf","Box","gltf","load","35","1035","2","5049.7","3546","0","0","","ok","42434560"
"nlohmann-2.0.0","e213c56f29a06d286edb48c6db9a7f05cd573bb2","Avocado-glb","Avocado","glb","roundtrip","35","1035","2","71068.3","8110040","8110104","1","C813BA5B22D1EAAA78AECE97500EB82FD483EF1AFC4C3B5494F0C45F40C6B307","ok","42434560"
"nlohmann-2.0.0","e213c56f29a06d286edb48c6db9a7f05cd573bb2","Box-glb","Box","glb","load","35","1035","2","6468.1","1664","0","0","","ok","42434560"
"nlohmann-2.0.0","e213c56f29a06d286edb48c6db9a7f05cd573bb2","Avocado-glb","Avocado","glb","load","35","1035","2","23826","8110040","0","0","","ok","42434560"
"nlohmann-2.0.0","e213c56f29a06d286edb48c6db9a7f05cd573bb2","Box-gltf","Box","gltf","export","35","1035","2","755.2","3546","1618","2","3C980C11AF22743E70D6A34755F3856A488C494AF170A9B64090B03052649936","ok","42434560"
"nlohmann-2.0.0","e213c56f29a06d286edb48c6db9a7f05cd573bb2","Avocado-gltf","Avocado","gltf","load","36","1036","1","18964.1","8110895","0","0","","ok","42414080"
"nlohmann-2.0.0","e213c56f29a06d286edb48c6db9a7f05cd573bb2","Box-gltf","Box","gltf","load","36","1036","1","5537.3","3546","0","0","","ok","42414080"
"nlohmann-2.0.0","e213c56f29a06d286edb48c6db9a7f05cd573bb2","Avocado-gltf","Avocado","gltf","roundtrip","36","1036","1","28670.9","8110895","8109904","5","577BE81BE38882B7629C0391DDA4BFB51ACEB236413AB39AE26F9467ED82C14A","ok","42414080"
"nlohmann-2.0.0","e213c56f29a06d286edb48c6db9a7f05cd573bb2","Avocado-glb","Avocado","glb","export","36","1036","1","108868.5","8110040","8110104","1","C813BA5B22D1EAAA78AECE97500EB82FD483EF1AFC4C3B5494F0C45F40C6B307","ok","42414080"
"nlohmann-2.0.0","e213c56f29a06d286edb48c6db9a7f05cd573bb2","Avocado-gltf","Avocado","gltf","export","36","1036","1","4434","8110895","8109904","5","577BE81BE38882B7629C0391DDA4BFB51ACEB236413AB39AE26F9467ED82C14A","ok","42414080"
"nlohmann-2.0.0","e213c56f29a06d286edb48c6db9a7f05cd573bb2","Box-gltf","Box","gltf","export","36","1036","1","840","3546","1618","2","3C980C11AF22743E70D6A34755F3856A488C494AF170A9B64090B03052649936","ok","42414080"
"nlohmann-2.0.0","e213c56f29a06d286edb48c6db9a7f05cd573bb2","Box-glb","Box","glb","export","36","1036","1","546","1664","1632","1","92E24B450EDF96029BFD157879B2E8D534DF9399E42C1E65980324EF585CF4C1","ok","42414080"
"nlohmann-2.0.0","e213c56f29a06d286edb48c6db9a7f05cd573bb2","Avocado-glb","Avocado","glb","roundtrip","36","1036","1","69568.4","8110040","8110104","1","C813BA5B22D1EAAA78AECE97500EB82FD483EF1AFC4C3B5494F0C45F40C6B307","ok","42414080"
"nlohmann-2.0.0","e213c56f29a06d286edb48c6db9a7f05cd573bb2","Box-glb","Box","glb","roundtrip","36","1036","1","5530.2","1664","1632","1","92E24B450EDF96029BFD157879B2E8D534DF9399E42C1E65980324EF585CF4C1","ok","42414080"
"nlohmann-2.0.0","e213c56f29a06d286edb48c6db9a7f05cd573bb2","Avocado-glb","Avocado","glb","load","36","1036","1","25170.4","8110040","0","0","","ok","42414080"
"nlohmann-2.0.0","e213c56f29a06d286edb48c6db9a7f05cd573bb2","Box-gltf","Box","gltf","roundtrip","36","1036","1","5855.5","3546","1618","2","3C980C11AF22743E70D6A34755F3856A488C494AF170A9B64090B03052649936","ok","42414080"
"nlohmann-2.0.0","e213c56f29a06d286edb48c6db9a7f05cd573bb2","Box-glb","Box","glb","load","36","1036","1","5179.5","1664","0","0","","ok","42414080"
"nlohmann-2.0.0","e213c56f29a06d286edb48c6db9a7f05cd573bb2","Avocado-gltf","Avocado","gltf","roundtrip","37","1037","2","23424.2","8110895","8109904","5","577BE81BE38882B7629C0391DDA4BFB51ACEB236413AB39AE26F9467ED82C14A","ok","42450944"
"nlohmann-2.0.0","e213c56f29a06d286edb48c6db9a7f05cd573bb2","Avocado-glb","Avocado","glb","roundtrip","37","1037","2","132720.5","8110040","8110104","1","C813BA5B22D1EAAA78AECE97500EB82FD483EF1AFC4C3B5494F0C45F40C6B307","ok","42450944"
"nlohmann-2.0.0","e213c56f29a06d286edb48c6db9a7f05cd573bb2","Box-gltf","Box","gltf","export","37","1037","2","1388.5","3546","1618","2","3C980C11AF22743E70D6A34755F3856A488C494AF170A9B64090B03052649936","ok","42450944"
"nlohmann-2.0.0","e213c56f29a06d286edb48c6db9a7f05cd573bb2","Avocado-gltf","Avocado","gltf","export","37","1037","2","5178.6","8110895","8109904","5","577BE81BE38882B7629C0391DDA4BFB51ACEB236413AB39AE26F9467ED82C14A","ok","42450944"
"nlohmann-2.0.0","e213c56f29a06d286edb48c6db9a7f05cd573bb2","Box-gltf","Box","gltf","roundtrip","37","1037","2","6285.6","3546","1618","2","3C980C11AF22743E70D6A34755F3856A488C494AF170A9B64090B03052649936","ok","42450944"
"nlohmann-2.0.0","e213c56f29a06d286edb48c6db9a7f05cd573bb2","Box-glb","Box","glb","export","37","1037","2","594.2","1664","1632","1","92E24B450EDF96029BFD157879B2E8D534DF9399E42C1E65980324EF585CF4C1","ok","42450944"
"nlohmann-2.0.0","e213c56f29a06d286edb48c6db9a7f05cd573bb2","Box-glb","Box","glb","load","37","1037","2","4843.1","1664","0","0","","ok","42450944"
"nlohmann-2.0.0","e213c56f29a06d286edb48c6db9a7f05cd573bb2","Avocado-glb","Avocado","glb","load","37","1037","2","21906.4","8110040","0","0","","ok","42450944"
"nlohmann-2.0.0","e213c56f29a06d286edb48c6db9a7f05cd573bb2","Avocado-gltf","Avocado","gltf","load","37","1037","2","17356.6","8110895","0","0","","ok","42450944"
"nlohmann-2.0.0","e213c56f29a06d286edb48c6db9a7f05cd573bb2","Box-gltf","Box","gltf","load","37","1037","2","5224.7","3546","0","0","","ok","42450944"
"nlohmann-2.0.0","e213c56f29a06d286edb48c6db9a7f05cd573bb2","Avocado-glb","Avocado","glb","export","37","1037","2","46857.4","8110040","8110104","1","C813BA5B22D1EAAA78AECE97500EB82FD483EF1AFC4C3B5494F0C45F40C6B307","ok","42450944"
"nlohmann-2.0.0","e213c56f29a06d286edb48c6db9a7f05cd573bb2","Box-glb","Box","glb","roundtrip","37","1037","2","6022.4","1664","1632","1","92E24B450EDF96029BFD157879B2E8D534DF9399E42C1E65980324EF585CF4C1","ok","42450944"
"nlohmann-2.0.0","e213c56f29a06d286edb48c6db9a7f05cd573bb2","Box-glb","Box","glb","load","38","1038","1","5585","1664","0","0","","ok","38518784"
"nlohmann-2.0.0","e213c56f29a06d286edb48c6db9a7f05cd573bb2","Avocado-glb","Avocado","glb","roundtrip","38","1038","1","69425.6","8110040","8110104","1","C813BA5B22D1EAAA78AECE97500EB82FD483EF1AFC4C3B5494F0C45F40C6B307","ok","38518784"
"nlohmann-2.0.0","e213c56f29a06d286edb48c6db9a7f05cd573bb2","Box-gltf","Box","gltf","roundtrip","38","1038","1","6181.3","3546","1618","2","3C980C11AF22743E70D6A34755F3856A488C494AF170A9B64090B03052649936","ok","38518784"
"nlohmann-2.0.0","e213c56f29a06d286edb48c6db9a7f05cd573bb2","Avocado-glb","Avocado","glb","export","38","1038","1","47880","8110040","8110104","1","C813BA5B22D1EAAA78AECE97500EB82FD483EF1AFC4C3B5494F0C45F40C6B307","ok","38518784"
"nlohmann-2.0.0","e213c56f29a06d286edb48c6db9a7f05cd573bb2","Avocado-gltf","Avocado","gltf","load","38","1038","1","18219.2","8110895","0","0","","ok","38518784"
"nlohmann-2.0.0","e213c56f29a06d286edb48c6db9a7f05cd573bb2","Box-gltf","Box","gltf","load","38","1038","1","5207","3546","0","0","","ok","38518784"
"nlohmann-2.0.0","e213c56f29a06d286edb48c6db9a7f05cd573bb2","Avocado-glb","Avocado","glb","load","38","1038","1","25756.9","8110040","0","0","","ok","38518784"
"nlohmann-2.0.0","e213c56f29a06d286edb48c6db9a7f05cd573bb2","Avocado-gltf","Avocado","gltf","export","38","1038","1","5417.2","8110895","8109904","5","577BE81BE38882B7629C0391DDA4BFB51ACEB236413AB39AE26F9467ED82C14A","ok","38518784"
"nlohmann-2.0.0","e213c56f29a06d286edb48c6db9a7f05cd573bb2","Avocado-gltf","Avocado","gltf","roundtrip","38","1038","1","30856.4","8110895","8109904","5","577BE81BE38882B7629C0391DDA4BFB51ACEB236413AB39AE26F9467ED82C14A","ok","38518784"
"nlohmann-2.0.0","e213c56f29a06d286edb48c6db9a7f05cd573bb2","Box-glb","Box","glb","roundtrip","38","1038","1","5397.6","1664","1632","1","92E24B450EDF96029BFD157879B2E8D534DF9399E42C1E65980324EF585CF4C1","ok","38518784"
"nlohmann-2.0.0","e213c56f29a06d286edb48c6db9a7f05cd573bb2","Box-gltf","Box","gltf","export","38","1038","1","716.5","3546","1618","2","3C980C11AF22743E70D6A34755F3856A488C494AF170A9B64090B03052649936","ok","38518784"
"nlohmann-2.0.0","e213c56f29a06d286edb48c6db9a7f05cd573bb2","Box-glb","Box","glb","export","38","1038","1","497.6","1664","1632","1","92E24B450EDF96029BFD157879B2E8D534DF9399E42C1E65980324EF585CF4C1","ok","38518784"
"nlohmann-2.0.0","e213c56f29a06d286edb48c6db9a7f05cd573bb2","Box-gltf","Box","gltf","load","39","1039","2","6019.8","3546","0","0","","ok","42450944"
"nlohmann-2.0.0","e213c56f29a06d286edb48c6db9a7f05cd573bb2","Avocado-gltf","Avocado","gltf","roundtrip","39","1039","2","23598.4","8110895","8109904","5","577BE81BE38882B7629C0391DDA4BFB51ACEB236413AB39AE26F9467ED82C14A","ok","42450944"
"nlohmann-2.0.0","e213c56f29a06d286edb48c6db9a7f05cd573bb2","Box-glb","Box","glb","load","39","1039","2","7672.2","1664","0","0","","ok","42450944"
"nlohmann-2.0.0","e213c56f29a06d286edb48c6db9a7f05cd573bb2","Box-glb","Box","glb","export","39","1039","2","674.2","1664","1632","1","92E24B450EDF96029BFD157879B2E8D534DF9399E42C1E65980324EF585CF4C1","ok","42450944"
"nlohmann-2.0.0","e213c56f29a06d286edb48c6db9a7f05cd573bb2","Box-glb","Box","glb","roundtrip","39","1039","2","6391","1664","1632","1","92E24B450EDF96029BFD157879B2E8D534DF9399E42C1E65980324EF585CF4C1","ok","42450944"
"nlohmann-2.0.0","e213c56f29a06d286edb48c6db9a7f05cd573bb2","Avocado-gltf","Avocado","gltf","load","39","1039","2","21590.3","8110895","0","0","","ok","42450944"
"nlohmann-2.0.0","e213c56f29a06d286edb48c6db9a7f05cd573bb2","Avocado-glb","Avocado","glb","roundtrip","39","1039","2","140833.3","8110040","8110104","1","C813BA5B22D1EAAA78AECE97500EB82FD483EF1AFC4C3B5494F0C45F40C6B307","ok","42450944"
"nlohmann-2.0.0","e213c56f29a06d286edb48c6db9a7f05cd573bb2","Avocado-glb","Avocado","glb","export","39","1039","2","45381.8","8110040","8110104","1","C813BA5B22D1EAAA78AECE97500EB82FD483EF1AFC4C3B5494F0C45F40C6B307","ok","42450944"
"nlohmann-2.0.0","e213c56f29a06d286edb48c6db9a7f05cd573bb2","Box-gltf","Box","gltf","roundtrip","39","1039","2","6088.5","3546","1618","2","3C980C11AF22743E70D6A34755F3856A488C494AF170A9B64090B03052649936","ok","42450944"
"nlohmann-2.0.0","e213c56f29a06d286edb48c6db9a7f05cd573bb2","Box-gltf","Box","gltf","export","39","1039","2","900","3546","1618","2","3C980C11AF22743E70D6A34755F3856A488C494AF170A9B64090B03052649936","ok","42450944"
"nlohmann-2.0.0","e213c56f29a06d286edb48c6db9a7f05cd573bb2","Avocado-gltf","Avocado","gltf","export","39","1039","2","4371.5","8110895","8109904","5","577BE81BE38882B7629C0391DDA4BFB51ACEB236413AB39AE26F9467ED82C14A","ok","42450944"
"nlohmann-2.0.0","e213c56f29a06d286edb48c6db9a7f05cd573bb2","Avocado-glb","Avocado","glb","load","39","1039","2","24545.7","8110040","0","0","","ok","42450944"
"nlohmann-2.0.0","e213c56f29a06d286edb48c6db9a7f05cd573bb2","Box-glb","Box","glb","roundtrip","40","1040","1","6763.6","1664","1632","1","92E24B450EDF96029BFD157879B2E8D534DF9399E42C1E65980324EF585CF4C1","ok","42409984"
"nlohmann-2.0.0","e213c56f29a06d286edb48c6db9a7f05cd573bb2","Avocado-gltf","Avocado","gltf","export","40","1040","1","6007","8110895","8109904","5","577BE81BE38882B7629C0391DDA4BFB51ACEB236413AB39AE26F9467ED82C14A","ok","42409984"
"nlohmann-2.0.0","e213c56f29a06d286edb48c6db9a7f05cd573bb2","Avocado-gltf","Avocado","gltf","roundtrip","40","1040","1","25735.2","8110895","8109904","5","577BE81BE38882B7629C0391DDA4BFB51ACEB236413AB39AE26F9467ED82C14A","ok","42409984"
"nlohmann-2.0.0","e213c56f29a06d286edb48c6db9a7f05cd573bb2","Avocado-glb","Avocado","glb","export","40","1040","1","104567","8110040","8110104","1","C813BA5B22D1EAAA78AECE97500EB82FD483EF1AFC4C3B5494F0C45F40C6B307","ok","42409984"
"nlohmann-2.0.0","e213c56f29a06d286edb48c6db9a7f05cd573bb2","Avocado-glb","Avocado","glb","load","40","1040","1","22221.9","8110040","0","0","","ok","42409984"
"nlohmann-2.0.0","e213c56f29a06d286edb48c6db9a7f05cd573bb2","Avocado-glb","Avocado","glb","roundtrip","40","1040","1","73157.5","8110040","8110104","1","C813BA5B22D1EAAA78AECE97500EB82FD483EF1AFC4C3B5494F0C45F40C6B307","ok","42409984"
"nlohmann-2.0.0","e213c56f29a06d286edb48c6db9a7f05cd573bb2","Box-glb","Box","glb","load","40","1040","1","5023.2","1664","0","0","","ok","42409984"
"nlohmann-2.0.0","e213c56f29a06d286edb48c6db9a7f05cd573bb2","Box-glb","Box","glb","export","40","1040","1","796","1664","1632","1","92E24B450EDF96029BFD157879B2E8D534DF9399E42C1E65980324EF585CF4C1","ok","42409984"
"nlohmann-2.0.0","e213c56f29a06d286edb48c6db9a7f05cd573bb2","Box-gltf","Box","gltf","load","40","1040","1","5233.1","3546","0","0","","ok","42409984"
"nlohmann-2.0.0","e213c56f29a06d286edb48c6db9a7f05cd573bb2","Box-gltf","Box","gltf","roundtrip","40","1040","1","5937.8","3546","1618","2","3C980C11AF22743E70D6A34755F3856A488C494AF170A9B64090B03052649936","ok","42409984"
"nlohmann-2.0.0","e213c56f29a06d286edb48c6db9a7f05cd573bb2","Avocado-gltf","Avocado","gltf","load","40","1040","1","21129.2","8110895","0","0","","ok","42409984"
"nlohmann-2.0.0","e213c56f29a06d286edb48c6db9a7f05cd573bb2","Box-gltf","Box","gltf","export","40","1040","1","1006.7","3546","1618","2","3C980C11AF22743E70D6A34755F3856A488C494AF170A9B64090B03052649936","ok","42409984"
"nlohmann-2.0.0","e213c56f29a06d286edb48c6db9a7f05cd573bb2","Box-glb","Box","glb","load","41","1041","2","5748.4","1664","0","0","","ok","42422272"
"nlohmann-2.0.0","e213c56f29a06d286edb48c6db9a7f05cd573bb2","Box-gltf","Box","gltf","export","41","1041","2","955.9","3546","1618","2","3C980C11AF22743E70D6A34755F3856A488C494AF170A9B64090B03052649936","ok","42422272"
"nlohmann-2.0.0","e213c56f29a06d286edb48c6db9a7f05cd573bb2","Box-glb","Box","glb","roundtrip","41","1041","2","5634.6","1664","1632","1","92E24B450EDF96029BFD157879B2E8D534DF9399E42C1E65980324EF585CF4C1","ok","42422272"
"nlohmann-2.0.0","e213c56f29a06d286edb48c6db9a7f05cd573bb2","Avocado-glb","Avocado","glb","export","41","1041","2","47848.5","8110040","8110104","1","C813BA5B22D1EAAA78AECE97500EB82FD483EF1AFC4C3B5494F0C45F40C6B307","ok","42422272"
"nlohmann-2.0.0","e213c56f29a06d286edb48c6db9a7f05cd573bb2","Avocado-gltf","Avocado","gltf","roundtrip","41","1041","2","21833.3","8110895","8109904","5","577BE81BE38882B7629C0391DDA4BFB51ACEB236413AB39AE26F9467ED82C14A","ok","42422272"
"nlohmann-2.0.0","e213c56f29a06d286edb48c6db9a7f05cd573bb2","Avocado-glb","Avocado","glb","roundtrip","41","1041","2","128423.4","8110040","8110104","1","C813BA5B22D1EAAA78AECE97500EB82FD483EF1AFC4C3B5494F0C45F40C6B307","ok","42422272"
"nlohmann-2.0.0","e213c56f29a06d286edb48c6db9a7f05cd573bb2","Box-gltf","Box","gltf","roundtrip","41","1041","2","6155.7","3546","1618","2","3C980C11AF22743E70D6A34755F3856A488C494AF170A9B64090B03052649936","ok","42422272"
"nlohmann-2.0.0","e213c56f29a06d286edb48c6db9a7f05cd573bb2","Avocado-glb","Avocado","glb","load","41","1041","2","21689.8","8110040","0","0","","ok","42422272"
"nlohmann-2.0.0","e213c56f29a06d286edb48c6db9a7f05cd573bb2","Avocado-gltf","Avocado","gltf","export","41","1041","2","4681.4","8110895","8109904","5","577BE81BE38882B7629C0391DDA4BFB51ACEB236413AB39AE26F9467ED82C14A","ok","42422272"
"nlohmann-2.0.0","e213c56f29a06d286edb48c6db9a7f05cd573bb2","Box-glb","Box","glb","export","41","1041","2","732.6","1664","1632","1","92E24B450EDF96029BFD157879B2E8D534DF9399E42C1E65980324EF585CF4C1","ok","42422272"
"nlohmann-2.0.0","e213c56f29a06d286edb48c6db9a7f05cd573bb2","Avocado-gltf","Avocado","gltf","load","41","1041","2","19650.3","8110895","0","0","","ok","42422272"
"nlohmann-2.0.0","e213c56f29a06d286edb48c6db9a7f05cd573bb2","Box-gltf","Box","gltf","load","41","1041","2","5191.3","3546","0","0","","ok","42422272"
"nlohmann-2.0.0","e213c56f29a06d286edb48c6db9a7f05cd573bb2","Box-glb","Box","glb","export","42","1042","1","557.7","1664","1632","1","92E24B450EDF96029BFD157879B2E8D534DF9399E42C1E65980324EF585CF4C1","ok","38510592"
"nlohmann-2.0.0","e213c56f29a06d286edb48c6db9a7f05cd573bb2","Avocado-glb","Avocado","glb","roundtrip","42","1042","1","82029.8","8110040","8110104","1","C813BA5B22D1EAAA78AECE97500EB82FD483EF1AFC4C3B5494F0C45F40C6B307","ok","38510592"
"nlohmann-2.0.0","e213c56f29a06d286edb48c6db9a7f05cd573bb2","Box-glb","Box","glb","roundtrip","42","1042","1","5498.5","1664","1632","1","92E24B450EDF96029BFD157879B2E8D534DF9399E42C1E65980324EF585CF4C1","ok","38510592"
"nlohmann-2.0.0","e213c56f29a06d286edb48c6db9a7f05cd573bb2","Avocado-glb","Avocado","glb","export","42","1042","1","50087.3","8110040","8110104","1","C813BA5B22D1EAAA78AECE97500EB82FD483EF1AFC4C3B5494F0C45F40C6B307","ok","38510592"
"nlohmann-2.0.0","e213c56f29a06d286edb48c6db9a7f05cd573bb2","Avocado-gltf","Avocado","gltf","roundtrip","42","1042","1","24356.4","8110895","8109904","5","577BE81BE38882B7629C0391DDA4BFB51ACEB236413AB39AE26F9467ED82C14A","ok","38510592"
"nlohmann-2.0.0","e213c56f29a06d286edb48c6db9a7f05cd573bb2","Avocado-gltf","Avocado","gltf","export","42","1042","1","5745","8110895","8109904","5","577BE81BE38882B7629C0391DDA4BFB51ACEB236413AB39AE26F9467ED82C14A","ok","38510592"
"nlohmann-2.0.0","e213c56f29a06d286edb48c6db9a7f05cd573bb2","Avocado-gltf","Avocado","gltf","load","42","1042","1","21864.8","8110895","0","0","","ok","38510592"
"nlohmann-2.0.0","e213c56f29a06d286edb48c6db9a7f05cd573bb2","Avocado-glb","Avocado","glb","load","42","1042","1","26853.7","8110040","0","0","","ok","38510592"
"nlohmann-2.0.0","e213c56f29a06d286edb48c6db9a7f05cd573bb2","Box-gltf","Box","gltf","export","42","1042","1","918.9","3546","1618","2","3C980C11AF22743E70D6A34755F3856A488C494AF170A9B64090B03052649936","ok","38510592"
"nlohmann-2.0.0","e213c56f29a06d286edb48c6db9a7f05cd573bb2","Box-glb","Box","glb","load","42","1042","1","4783.4","1664","0","0","","ok","38510592"
"nlohmann-2.0.0","e213c56f29a06d286edb48c6db9a7f05cd573bb2","Box-gltf","Box","gltf","roundtrip","42","1042","1","5759.7","3546","1618","2","3C980C11AF22743E70D6A34755F3856A488C494AF170A9B64090B03052649936","ok","38510592"
"nlohmann-2.0.0","e213c56f29a06d286edb48c6db9a7f05cd573bb2","Box-gltf","Box","gltf","load","42","1042","1","4974","3546","0","0","","ok","38510592"
"nlohmann-2.0.0","e213c56f29a06d286edb48c6db9a7f05cd573bb2","Avocado-glb","Avocado","glb","roundtrip","43","1043","2","72806","8110040","8110104","1","C813BA5B22D1EAAA78AECE97500EB82FD483EF1AFC4C3B5494F0C45F40C6B307","ok","42381312"
"nlohmann-2.0.0","e213c56f29a06d286edb48c6db9a7f05cd573bb2","Box-glb","Box","glb","load","43","1043","2","5026.1","1664","0","0","","ok","42381312"
"nlohmann-2.0.0","e213c56f29a06d286edb48c6db9a7f05cd573bb2","Avocado-gltf","Avocado","gltf","roundtrip","43","1043","2","22059.1","8110895","8109904","5","577BE81BE38882B7629C0391DDA4BFB51ACEB236413AB39AE26F9467ED82C14A","ok","42381312"
"nlohmann-2.0.0","e213c56f29a06d286edb48c6db9a7f05cd573bb2","Box-gltf","Box","gltf","export","43","1043","2","879.9","3546","1618","2","3C980C11AF22743E70D6A34755F3856A488C494AF170A9B64090B03052649936","ok","42381312"
"nlohmann-2.0.0","e213c56f29a06d286edb48c6db9a7f05cd573bb2","Box-gltf","Box","gltf","load","43","1043","2","5966.9","3546","0","0","","ok","42381312"
"nlohmann-2.0.0","e213c56f29a06d286edb48c6db9a7f05cd573bb2","Box-glb","Box","glb","roundtrip","43","1043","2","6269.9","1664","1632","1","92E24B450EDF96029BFD157879B2E8D534DF9399E42C1E65980324EF585CF4C1","ok","42381312"
"nlohmann-2.0.0","e213c56f29a06d286edb48c6db9a7f05cd573bb2","Box-glb","Box","glb","export","43","1043","2","624","1664","1632","1","92E24B450EDF96029BFD157879B2E8D534DF9399E42C1E65980324EF585CF4C1","ok","42381312"
"nlohmann-2.0.0","e213c56f29a06d286edb48c6db9a7f05cd573bb2","Box-gltf","Box","gltf","roundtrip","43","1043","2","8365.5","3546","1618","2","3C980C11AF22743E70D6A34755F3856A488C494AF170A9B64090B03052649936","ok","42381312"
"nlohmann-2.0.0","e213c56f29a06d286edb48c6db9a7f05cd573bb2","Avocado-glb","Avocado","glb","load","43","1043","2","29432.9","8110040","0","0","","ok","42381312"
"nlohmann-2.0.0","e213c56f29a06d286edb48c6db9a7f05cd573bb2","Avocado-gltf","Avocado","gltf","load","43","1043","2","66866.7","8110895","0","0","","ok","42381312"
"nlohmann-2.0.0","e213c56f29a06d286edb48c6db9a7f05cd573bb2","Avocado-glb","Avocado","glb","export","43","1043","2","46256.9","8110040","8110104","1","C813BA5B22D1EAAA78AECE97500EB82FD483EF1AFC4C3B5494F0C45F40C6B307","ok","42381312"
"nlohmann-2.0.0","e213c56f29a06d286edb48c6db9a7f05cd573bb2","Avocado-gltf","Avocado","gltf","export","43","1043","2","5240.6","8110895","8109904","5","577BE81BE38882B7629C0391DDA4BFB51ACEB236413AB39AE26F9467ED82C14A","ok","42381312"
"nlohmann-2.0.0","e213c56f29a06d286edb48c6db9a7f05cd573bb2","Box-glb","Box","glb","export","44","1044","1","685","1664","1632","1","92E24B450EDF96029BFD157879B2E8D534DF9399E42C1E65980324EF585CF4C1","ok","42414080"
"nlohmann-2.0.0","e213c56f29a06d286edb48c6db9a7f05cd573bb2","Avocado-gltf","Avocado","gltf","export","44","1044","1","4491.6","8110895","8109904","5","577BE81BE38882B7629C0391DDA4BFB51ACEB236413AB39AE26F9467ED82C14A","ok","42414080"
"nlohmann-2.0.0","e213c56f29a06d286edb48c6db9a7f05cd573bb2","Avocado-gltf","Avocado","gltf","roundtrip","44","1044","1","25798.9","8110895","8109904","5","577BE81BE38882B7629C0391DDA4BFB51ACEB236413AB39AE26F9467ED82C14A","ok","42414080"
"nlohmann-2.0.0","e213c56f29a06d286edb48c6db9a7f05cd573bb2","Avocado-glb","Avocado","glb","roundtrip","44","1044","1","126772","8110040","8110104","1","C813BA5B22D1EAAA78AECE97500EB82FD483EF1AFC4C3B5494F0C45F40C6B307","ok","42414080"
"nlohmann-2.0.0","e213c56f29a06d286edb48c6db9a7f05cd573bb2","Avocado-glb","Avocado","glb","export","44","1044","1","51557.6","8110040","8110104","1","C813BA5B22D1EAAA78AECE97500EB82FD483EF1AFC4C3B5494F0C45F40C6B307","ok","42414080"
"nlohmann-2.0.0","e213c56f29a06d286edb48c6db9a7f05cd573bb2","Box-gltf","Box","gltf","roundtrip","44","1044","1","5933.2","3546","1618","2","3C980C11AF22743E70D6A34755F3856A488C494AF170A9B64090B03052649936","ok","42414080"
"nlohmann-2.0.0","e213c56f29a06d286edb48c6db9a7f05cd573bb2","Box-gltf","Box","gltf","export","44","1044","1","852.7","3546","1618","2","3C980C11AF22743E70D6A34755F3856A488C494AF170A9B64090B03052649936","ok","42414080"
"nlohmann-2.0.0","e213c56f29a06d286edb48c6db9a7f05cd573bb2","Box-gltf","Box","gltf","load","44","1044","1","6050.7","3546","0","0","","ok","42414080"
"nlohmann-2.0.0","e213c56f29a06d286edb48c6db9a7f05cd573bb2","Box-glb","Box","glb","roundtrip","44","1044","1","5391.4","1664","1632","1","92E24B450EDF96029BFD157879B2E8D534DF9399E42C1E65980324EF585CF4C1","ok","42414080"
"nlohmann-2.0.0","e213c56f29a06d286edb48c6db9a7f05cd573bb2","Avocado-glb","Avocado","glb","load","44","1044","1","22044.2","8110040","0","0","","ok","42414080"
"nlohmann-2.0.0","e213c56f29a06d286edb48c6db9a7f05cd573bb2","Avocado-gltf","Avocado","gltf","load","44","1044","1","18155.7","8110895","0","0","","ok","42414080"
"nlohmann-2.0.0","e213c56f29a06d286edb48c6db9a7f05cd573bb2","Box-glb","Box","glb","load","44","1044","1","5076.4","1664","0","0","","ok","42414080"
"nlohmann-2.0.0","e213c56f29a06d286edb48c6db9a7f05cd573bb2","Avocado-glb","Avocado","glb","roundtrip","45","1045","2","79078.4","8110040","8110104","1","C813BA5B22D1EAAA78AECE97500EB82FD483EF1AFC4C3B5494F0C45F40C6B307","ok","42385408"
"nlohmann-2.0.0","e213c56f29a06d286edb48c6db9a7f05cd573bb2","Avocado-gltf","Avocado","gltf","load","45","1045","2","17858.9","8110895","0","0","","ok","42385408"
"nlohmann-2.0.0","e213c56f29a06d286edb48c6db9a7f05cd573bb2","Box-gltf","Box","gltf","roundtrip","45","1045","2","6047.1","3546","1618","2","3C980C11AF22743E70D6A34755F3856A488C494AF170A9B64090B03052649936","ok","42385408"
"nlohmann-2.0.0","e213c56f29a06d286edb48c6db9a7f05cd573bb2","Avocado-glb","Avocado","glb","export","45","1045","2","110966.5","8110040","8110104","1","C813BA5B22D1EAAA78AECE97500EB82FD483EF1AFC4C3B5494F0C45F40C6B307","ok","42385408"
"nlohmann-2.0.0","e213c56f29a06d286edb48c6db9a7f05cd573bb2","Box-glb","Box","glb","load","45","1045","2","4851.5","1664","0","0","","ok","42385408"
"nlohmann-2.0.0","e213c56f29a06d286edb48c6db9a7f05cd573bb2","Avocado-glb","Avocado","glb","load","45","1045","2","21587.9","8110040","0","0","","ok","42385408"
"nlohmann-2.0.0","e213c56f29a06d286edb48c6db9a7f05cd573bb2","Box-gltf","Box","gltf","export","45","1045","2","791.3","3546","1618","2","3C980C11AF22743E70D6A34755F3856A488C494AF170A9B64090B03052649936","ok","42385408"
"nlohmann-2.0.0","e213c56f29a06d286edb48c6db9a7f05cd573bb2","Avocado-gltf","Avocado","gltf","export","45","1045","2","4571.1","8110895","8109904","5","577BE81BE38882B7629C0391DDA4BFB51ACEB236413AB39AE26F9467ED82C14A","ok","42385408"
"nlohmann-2.0.0","e213c56f29a06d286edb48c6db9a7f05cd573bb2","Box-glb","Box","glb","export","45","1045","2","607.7","1664","1632","1","92E24B450EDF96029BFD157879B2E8D534DF9399E42C1E65980324EF585CF4C1","ok","42385408"
"nlohmann-2.0.0","e213c56f29a06d286edb48c6db9a7f05cd573bb2","Box-gltf","Box","gltf","load","45","1045","2","5191.9","3546","0","0","","ok","42385408"
"nlohmann-2.0.0","e213c56f29a06d286edb48c6db9a7f05cd573bb2","Box-glb","Box","glb","roundtrip","45","1045","2","5759.5","1664","1632","1","92E24B450EDF96029BFD157879B2E8D534DF9399E42C1E65980324EF585CF4C1","ok","42385408"
"nlohmann-2.0.0","e213c56f29a06d286edb48c6db9a7f05cd573bb2","Avocado-gltf","Avocado","gltf","roundtrip","45","1045","2","25103","8110895","8109904","5","577BE81BE38882B7629C0391DDA4BFB51ACEB236413AB39AE26F9467ED82C14A","ok","42385408"
"nlohmann-2.0.0","e213c56f29a06d286edb48c6db9a7f05cd573bb2","Box-gltf","Box","gltf","export","46","1046","1","881.5","3546","1618","2","3C980C11AF22743E70D6A34755F3856A488C494AF170A9B64090B03052649936","ok","42516480"
"nlohmann-2.0.0","e213c56f29a06d286edb48c6db9a7f05cd573bb2","Box-glb","Box","glb","load","46","1046","1","4902.2","1664","0","0","","ok","42516480"
"nlohmann-2.0.0","e213c56f29a06d286edb48c6db9a7f05cd573bb2","Box-gltf","Box","gltf","load","46","1046","1","5215.5","3546","0","0","","ok","42516480"
"nlohmann-2.0.0","e213c56f29a06d286edb48c6db9a7f05cd573bb2","Box-glb","Box","glb","export","46","1046","1","625.7","1664","1632","1","92E24B450EDF96029BFD157879B2E8D534DF9399E42C1E65980324EF585CF4C1","ok","42516480"
"nlohmann-2.0.0","e213c56f29a06d286edb48c6db9a7f05cd573bb2","Box-gltf","Box","gltf","roundtrip","46","1046","1","6032.6","3546","1618","2","3C980C11AF22743E70D6A34755F3856A488C494AF170A9B64090B03052649936","ok","42516480"
"nlohmann-2.0.0","e213c56f29a06d286edb48c6db9a7f05cd573bb2","Box-glb","Box","glb","roundtrip","46","1046","1","5379.9","1664","1632","1","92E24B450EDF96029BFD157879B2E8D534DF9399E42C1E65980324EF585CF4C1","ok","42516480"
"nlohmann-2.0.0","e213c56f29a06d286edb48c6db9a7f05cd573bb2","Avocado-gltf","Avocado","gltf","roundtrip","46","1046","1","22648.3","8110895","8109904","5","577BE81BE38882B7629C0391DDA4BFB51ACEB236413AB39AE26F9467ED82C14A","ok","42516480"
"nlohmann-2.0.0","e213c56f29a06d286edb48c6db9a7f05cd573bb2","Avocado-glb","Avocado","glb","load","46","1046","1","27084.2","8110040","0","0","","ok","42516480"
"nlohmann-2.0.0","e213c56f29a06d286edb48c6db9a7f05cd573bb2","Avocado-glb","Avocado","glb","export","46","1046","1","175995.3","8110040","8110104","1","C813BA5B22D1EAAA78AECE97500EB82FD483EF1AFC4C3B5494F0C45F40C6B307","ok","42516480"
"nlohmann-2.0.0","e213c56f29a06d286edb48c6db9a7f05cd573bb2","Avocado-gltf","Avocado","gltf","export","46","1046","1","4689.4","8110895","8109904","5","577BE81BE38882B7629C0391DDA4BFB51ACEB236413AB39AE26F9467ED82C14A","ok","42516480"
"nlohmann-2.0.0","e213c56f29a06d286edb48c6db9a7f05cd573bb2","Avocado-glb","Avocado","glb","roundtrip","46","1046","1","71882.3","8110040","8110104","1","C813BA5B22D1EAAA78AECE97500EB82FD483EF1AFC4C3B5494F0C45F40C6B307","ok","42516480"
"nlohmann-2.0.0","e213c56f29a06d286edb48c6db9a7f05cd573bb2","Avocado-gltf","Avocado","gltf","load","46","1046","1","17403.3","8110895","0","0","","ok","42516480"
"nlohmann-2.0.0","e213c56f29a06d286edb48c6db9a7f05cd573bb2","Avocado-gltf","Avocado","gltf","roundtrip","47","1047","2","24250.6","8110895","8109904","5","577BE81BE38882B7629C0391DDA4BFB51ACEB236413AB39AE26F9467ED82C14A","ok","42393600"
"nlohmann-2.0.0","e213c56f29a06d286edb48c6db9a7f05cd573bb2","Box-gltf","Box","gltf","roundtrip","47","1047","2","7235.6","3546","1618","2","3C980C11AF22743E70D6A34755F3856A488C494AF170A9B64090B03052649936","ok","42393600"
"nlohmann-2.0.0","e213c56f29a06d286edb48c6db9a7f05cd573bb2","Avocado-gltf","Avocado","gltf","load","47","1047","2","79839","8110895","0","0","","ok","42393600"
"nlohmann-2.0.0","e213c56f29a06d286edb48c6db9a7f05cd573bb2","Avocado-glb","Avocado","glb","load","47","1047","2","26506.1","8110040","0","0","","ok","42393600"
"nlohmann-2.0.0","e213c56f29a06d286edb48c6db9a7f05cd573bb2","Box-gltf","Box","gltf","load","47","1047","2","6300.3","3546","0","0","","ok","42393600"
"nlohmann-2.0.0","e213c56f29a06d286edb48c6db9a7f05cd573bb2","Avocado-gltf","Avocado","gltf","export","47","1047","2","6348.1","8110895","8109904","5","577BE81BE38882B7629C0391DDA4BFB51ACEB236413AB39AE26F9467ED82C14A","ok","42393600"
"nlohmann-2.0.0","e213c56f29a06d286edb48c6db9a7f05cd573bb2","Box-glb","Box","glb","load","47","1047","2","4855.7","1664","0","0","","ok","42393600"
"nlohmann-2.0.0","e213c56f29a06d286edb48c6db9a7f05cd573bb2","Avocado-glb","Avocado","glb","export","47","1047","2","47519.4","8110040","8110104","1","C813BA5B22D1EAAA78AECE97500EB82FD483EF1AFC4C3B5494F0C45F40C6B307","ok","42393600"
"nlohmann-2.0.0","e213c56f29a06d286edb48c6db9a7f05cd573bb2","Box-gltf","Box","gltf","export","47","1047","2","856","3546","1618","2","3C980C11AF22743E70D6A34755F3856A488C494AF170A9B64090B03052649936","ok","42393600"
"nlohmann-2.0.0","e213c56f29a06d286edb48c6db9a7f05cd573bb2","Box-glb","Box","glb","roundtrip","47","1047","2","6293.5","1664","1632","1","92E24B450EDF96029BFD157879B2E8D534DF9399E42C1E65980324EF585CF4C1","ok","42393600"
"nlohmann-2.0.0","e213c56f29a06d286edb48c6db9a7f05cd573bb2","Box-glb","Box","glb","export","47","1047","2","588.2","1664","1632","1","92E24B450EDF96029BFD157879B2E8D534DF9399E42C1E65980324EF585CF4C1","ok","42393600"
"nlohmann-2.0.0","e213c56f29a06d286edb48c6db9a7f05cd573bb2","Avocado-glb","Avocado","glb","roundtrip","47","1047","2","74965.7","8110040","8110104","1","C813BA5B22D1EAAA78AECE97500EB82FD483EF1AFC4C3B5494F0C45F40C6B307","ok","42393600"
"nlohmann-2.0.0","e213c56f29a06d286edb48c6db9a7f05cd573bb2","Box-glb","Box","glb","roundtrip","48","1048","1","6711","1664","1632","1","92E24B450EDF96029BFD157879B2E8D534DF9399E42C1E65980324EF585CF4C1","ok","42385408"
"nlohmann-2.0.0","e213c56f29a06d286edb48c6db9a7f05cd573bb2","Avocado-glb","Avocado","glb","roundtrip","48","1048","1","78437.8","8110040","8110104","1","C813BA5B22D1EAAA78AECE97500EB82FD483EF1AFC4C3B5494F0C45F40C6B307","ok","42385408"
"nlohmann-2.0.0","e213c56f29a06d286edb48c6db9a7f05cd573bb2","Avocado-gltf","Avocado","gltf","load","48","1048","1","26930.9","8110895","0","0","","ok","42385408"
"nlohmann-2.0.0","e213c56f29a06d286edb48c6db9a7f05cd573bb2","Box-gltf","Box","gltf","roundtrip","48","1048","1","10788.5","3546","1618","2","3C980C11AF22743E70D6A34755F3856A488C494AF170A9B64090B03052649936","ok","42385408"
"nlohmann-2.0.0","e213c56f29a06d286edb48c6db9a7f05cd573bb2","Box-glb","Box","glb","load","48","1048","1","9516.2","1664","0","0","","ok","42385408"
"nlohmann-2.0.0","e213c56f29a06d286edb48c6db9a7f05cd573bb2","Avocado-gltf","Avocado","gltf","roundtrip","48","1048","1","32732.7","8110895","8109904","5","577BE81BE38882B7629C0391DDA4BFB51ACEB236413AB39AE26F9467ED82C14A","ok","42385408"
"nlohmann-2.0.0","e213c56f29a06d286edb48c6db9a7f05cd573bb2","Box-gltf","Box","gltf","export","48","1048","1","852.5","3546","1618","2","3C980C11AF22743E70D6A34755F3856A488C494AF170A9B64090B03052649936","ok","42385408"
"nlohmann-2.0.0","e213c56f29a06d286edb48c6db9a7f05cd573bb2","Avocado-gltf","Avocado","gltf","export","48","1048","1","5844.4","8110895","8109904","5","577BE81BE38882B7629C0391DDA4BFB51ACEB236413AB39AE26F9467ED82C14A","ok","42385408"
"nlohmann-2.0.0","e213c56f29a06d286edb48c6db9a7f05cd573bb2","Box-gltf","Box","gltf","load","48","1048","1","5316.7","3546","0","0","","ok","42385408"
"nlohmann-2.0.0","e213c56f29a06d286edb48c6db9a7f05cd573bb2","Avocado-glb","Avocado","glb","export","48","1048","1","47186.1","8110040","8110104","1","C813BA5B22D1EAAA78AECE97500EB82FD483EF1AFC4C3B5494F0C45F40C6B307","ok","42385408"
"nlohmann-2.0.0","e213c56f29a06d286edb48c6db9a7f05cd573bb2","Box-glb","Box","glb","export","48","1048","1","657.5","1664","1632","1","92E24B450EDF96029BFD157879B2E8D534DF9399E42C1E65980324EF585CF4C1","ok","42385408"
"nlohmann-2.0.0","e213c56f29a06d286edb48c6db9a7f05cd573bb2","Avocado-glb","Avocado","glb","load","48","1048","1","22825.1","8110040","0","0","","ok","42385408"
"nlohmann-2.0.0","e213c56f29a06d286edb48c6db9a7f05cd573bb2","Avocado-glb","Avocado","glb","roundtrip","49","1049","2","78786.7","8110040","8110104","1","C813BA5B22D1EAAA78AECE97500EB82FD483EF1AFC4C3B5494F0C45F40C6B307","ok","42397696"
"nlohmann-2.0.0","e213c56f29a06d286edb48c6db9a7f05cd573bb2","Box-gltf","Box","gltf","roundtrip","49","1049","2","6189.1","3546","1618","2","3C980C11AF22743E70D6A34755F3856A488C494AF170A9B64090B03052649936","ok","42397696"
"nlohmann-2.0.0","e213c56f29a06d286edb48c6db9a7f05cd573bb2","Avocado-gltf","Avocado","gltf","export","49","1049","2","4786.2","8110895","8109904","5","577BE81BE38882B7629C0391DDA4BFB51ACEB236413AB39AE26F9467ED82C14A","ok","42397696"
"nlohmann-2.0.0","e213c56f29a06d286edb48c6db9a7f05cd573bb2","Box-glb","Box","glb","roundtrip","49","1049","2","10305.8","1664","1632","1","92E24B450EDF96029BFD157879B2E8D534DF9399E42C1E65980324EF585CF4C1","ok","42397696"
"nlohmann-2.0.0","e213c56f29a06d286edb48c6db9a7f05cd573bb2","Box-glb","Box","glb","export","49","1049","2","654.3","1664","1632","1","92E24B450EDF96029BFD157879B2E8D534DF9399E42C1E65980324EF585CF4C1","ok","42397696"
"nlohmann-2.0.0","e213c56f29a06d286edb48c6db9a7f05cd573bb2","Avocado-glb","Avocado","glb","export","49","1049","2","103915","8110040","8110104","1","C813BA5B22D1EAAA78AECE97500EB82FD483EF1AFC4C3B5494F0C45F40C6B307","ok","42397696"
"nlohmann-2.0.0","e213c56f29a06d286edb48c6db9a7f05cd573bb2","Avocado-glb","Avocado","glb","load","49","1049","2","22020.2","8110040","0","0","","ok","42397696"
"nlohmann-2.0.0","e213c56f29a06d286edb48c6db9a7f05cd573bb2","Avocado-gltf","Avocado","gltf","load","49","1049","2","17257","8110895","0","0","","ok","42397696"
"nlohmann-2.0.0","e213c56f29a06d286edb48c6db9a7f05cd573bb2","Box-gltf","Box","gltf","export","49","1049","2","723","3546","1618","2","3C980C11AF22743E70D6A34755F3856A488C494AF170A9B64090B03052649936","ok","42397696"
"nlohmann-2.0.0","e213c56f29a06d286edb48c6db9a7f05cd573bb2","Box-gltf","Box","gltf","load","49","1049","2","6083.5","3546","0","0","","ok","42397696"
"nlohmann-2.0.0","e213c56f29a06d286edb48c6db9a7f05cd573bb2","Avocado-gltf","Avocado","gltf","roundtrip","49","1049","2","21263","8110895","8109904","5","577BE81BE38882B7629C0391DDA4BFB51ACEB236413AB39AE26F9467ED82C14A","ok","42397696"
"nlohmann-2.0.0","e213c56f29a06d286edb48c6db9a7f05cd573bb2","Box-glb","Box","glb","load","49","1049","2","4909.6","1664","0","0","","ok","42397696"
"nlohmann-2.0.0","e213c56f29a06d286edb48c6db9a7f05cd573bb2","Avocado-gltf","Avocado","gltf","export","50","1050","1","4616.7","8110895","8109904","5","577BE81BE38882B7629C0391DDA4BFB51ACEB236413AB39AE26F9467ED82C14A","ok","42385408"
"nlohmann-2.0.0","e213c56f29a06d286edb48c6db9a7f05cd573bb2","Avocado-gltf","Avocado","gltf","roundtrip","50","1050","1","87488.9","8110895","8109904","5","577BE81BE38882B7629C0391DDA4BFB51ACEB236413AB39AE26F9467ED82C14A","ok","42385408"
"nlohmann-2.0.0","e213c56f29a06d286edb48c6db9a7f05cd573bb2","Box-gltf","Box","gltf","load","50","1050","1","10713.8","3546","0","0","","ok","42385408"
"nlohmann-2.0.0","e213c56f29a06d286edb48c6db9a7f05cd573bb2","Avocado-glb","Avocado","glb","roundtrip","50","1050","1","127945.2","8110040","8110104","1","C813BA5B22D1EAAA78AECE97500EB82FD483EF1AFC4C3B5494F0C45F40C6B307","ok","42385408"
"nlohmann-2.0.0","e213c56f29a06d286edb48c6db9a7f05cd573bb2","Box-glb","Box","glb","roundtrip","50","1050","1","5573.3","1664","1632","1","92E24B450EDF96029BFD157879B2E8D534DF9399E42C1E65980324EF585CF4C1","ok","42385408"
"nlohmann-2.0.0","e213c56f29a06d286edb48c6db9a7f05cd573bb2","Box-glb","Box","glb","export","50","1050","1","546.8","1664","1632","1","92E24B450EDF96029BFD157879B2E8D534DF9399E42C1E65980324EF585CF4C1","ok","42385408"
"nlohmann-2.0.0","e213c56f29a06d286edb48c6db9a7f05cd573bb2","Avocado-glb","Avocado","glb","export","50","1050","1","48108.2","8110040","8110104","1","C813BA5B22D1EAAA78AECE97500EB82FD483EF1AFC4C3B5494F0C45F40C6B307","ok","42385408"
"nlohmann-2.0.0","e213c56f29a06d286edb48c6db9a7f05cd573bb2","Box-gltf","Box","gltf","export","50","1050","1","855.5","3546","1618","2","3C980C11AF22743E70D6A34755F3856A488C494AF170A9B64090B03052649936","ok","42385408"
"nlohmann-2.0.0","e213c56f29a06d286edb48c6db9a7f05cd573bb2","Avocado-glb","Avocado","glb","load","50","1050","1","22026.3","8110040","0","0","","ok","42385408"
"nlohmann-2.0.0","e213c56f29a06d286edb48c6db9a7f05cd573bb2","Box-gltf","Box","gltf","roundtrip","50","1050","1","6416.2","3546","1618","2","3C980C11AF22743E70D6A34755F3856A488C494AF170A9B64090B03052649936","ok","42385408"
"nlohmann-2.0.0","e213c56f29a06d286edb48c6db9a7f05cd573bb2","Box-glb","Box","glb","load","50","1050","1","5328.1","1664","0","0","","ok","42385408"
"nlohmann-2.0.0","e213c56f29a06d286edb48c6db9a7f05cd573bb2","Avocado-gltf","Avocado","gltf","load","50","1050","1","16864.3","8110895","0","0","","ok","42385408"
"nlohmann-2.0.0","e213c56f29a06d286edb48c6db9a7f05cd573bb2","Avocado-glb","Avocado","glb","load","51","1051","2","24564","8110040","0","0","","ok","42393600"
"nlohmann-2.0.0","e213c56f29a06d286edb48c6db9a7f05cd573bb2","Avocado-glb","Avocado","glb","roundtrip","51","1051","2","74181.7","8110040","8110104","1","C813BA5B22D1EAAA78AECE97500EB82FD483EF1AFC4C3B5494F0C45F40C6B307","ok","42393600"
"nlohmann-2.0.0","e213c56f29a06d286edb48c6db9a7f05cd573bb2","Avocado-gltf","Avocado","gltf","export","51","1051","2","4338.3","8110895","8109904","5","577BE81BE38882B7629C0391DDA4BFB51ACEB236413AB39AE26F9467ED82C14A","ok","42393600"
"nlohmann-2.0.0","e213c56f29a06d286edb48c6db9a7f05cd573bb2","Box-glb","Box","glb","export","51","1051","2","590.6","1664","1632","1","92E24B450EDF96029BFD157879B2E8D534DF9399E42C1E65980324EF585CF4C1","ok","42393600"
"nlohmann-2.0.0","e213c56f29a06d286edb48c6db9a7f05cd573bb2","Avocado-glb","Avocado","glb","export","51","1051","2","113630.4","8110040","8110104","1","C813BA5B22D1EAAA78AECE97500EB82FD483EF1AFC4C3B5494F0C45F40C6B307","ok","42393600"
"nlohmann-2.0.0","e213c56f29a06d286edb48c6db9a7f05cd573bb2","Box-gltf","Box","gltf","load","51","1051","2","5133.6","3546","0","0","","ok","42393600"
"nlohmann-2.0.0","e213c56f29a06d286edb48c6db9a7f05cd573bb2","Avocado-gltf","Avocado","gltf","load","51","1051","2","17411.3","8110895","0","0","","ok","42393600"
"nlohmann-2.0.0","e213c56f29a06d286edb48c6db9a7f05cd573bb2","Box-gltf","Box","gltf","export","51","1051","2","710.7","3546","1618","2","3C980C11AF22743E70D6A34755F3856A488C494AF170A9B64090B03052649936","ok","42393600"
"nlohmann-2.0.0","e213c56f29a06d286edb48c6db9a7f05cd573bb2","Box-glb","Box","glb","load","51","1051","2","5219.6","1664","0","0","","ok","42393600"
"nlohmann-2.0.0","e213c56f29a06d286edb48c6db9a7f05cd573bb2","Box-glb","Box","glb","roundtrip","51","1051","2","5472.8","1664","1632","1","92E24B450EDF96029BFD157879B2E8D534DF9399E42C1E65980324EF585CF4C1","ok","42393600"
"nlohmann-2.0.0","e213c56f29a06d286edb48c6db9a7f05cd573bb2","Box-gltf","Box","gltf","roundtrip","51","1051","2","6098.7","3546","1618","2","3C980C11AF22743E70D6A34755F3856A488C494AF170A9B64090B03052649936","ok","42393600"
"nlohmann-2.0.0","e213c56f29a06d286edb48c6db9a7f05cd573bb2","Avocado-gltf","Avocado","gltf","roundtrip","51","1051","2","21866.8","8110895","8109904","5","577BE81BE38882B7629C0391DDA4BFB51ACEB236413AB39AE26F9467ED82C14A","ok","42393600"
"nlohmann-2.0.0","e213c56f29a06d286edb48c6db9a7f05cd573bb2","Box-gltf","Box","gltf","roundtrip","52","1052","1","6724.5","3546","1618","2","3C980C11AF22743E70D6A34755F3856A488C494AF170A9B64090B03052649936","ok","42442752"
"nlohmann-2.0.0","e213c56f29a06d286edb48c6db9a7f05cd573bb2","Box-gltf","Box","gltf","export","52","1052","1","844.6","3546","1618","2","3C980C11AF22743E70D6A34755F3856A488C494AF170A9B64090B03052649936","ok","42442752"
"nlohmann-2.0.0","e213c56f29a06d286edb48c6db9a7f05cd573bb2","Avocado-gltf","Avocado","gltf","load","52","1052","1","18303.6","8110895","0","0","","ok","42442752"
"nlohmann-2.0.0","e213c56f29a06d286edb48c6db9a7f05cd573bb2","Avocado-gltf","Avocado","gltf","roundtrip","52","1052","1","28846.4","8110895","8109904","5","577BE81BE38882B7629C0391DDA4BFB51ACEB236413AB39AE26F9467ED82C14A","ok","42442752"
"nlohmann-2.0.0","e213c56f29a06d286edb48c6db9a7f05cd573bb2","Box-gltf","Box","gltf","load","52","1052","1","62145","3546","0","0","","ok","42442752"
"nlohmann-2.0.0","e213c56f29a06d286edb48c6db9a7f05cd573bb2","Box-glb","Box","glb","roundtrip","52","1052","1","9636.7","1664","1632","1","92E24B450EDF96029BFD157879B2E8D534DF9399E42C1E65980324EF585CF4C1","ok","42442752"
"nlohmann-2.0.0","e213c56f29a06d286edb48c6db9a7f05cd573bb2","Box-glb","Box","glb","load","52","1052","1","5833","1664","0","0","","ok","42442752"
"nlohmann-2.0.0","e213c56f29a06d286edb48c6db9a7f05cd573bb2","Box-glb","Box","glb","export","52","1052","1","668.8","1664","1632","1","92E24B450EDF96029BFD157879B2E8D534DF9399E42C1E65980324EF585CF4C1","ok","42442752"
"nlohmann-2.0.0","e213c56f29a06d286edb48c6db9a7f05cd573bb2","Avocado-glb","Avocado","glb","roundtrip","52","1052","1","132476","8110040","8110104","1","C813BA5B22D1EAAA78AECE97500EB82FD483EF1AFC4C3B5494F0C45F40C6B307","ok","42442752"
"nlohmann-2.0.0","e213c56f29a06d286edb48c6db9a7f05cd573bb2","Avocado-gltf","Avocado","gltf","export","52","1052","1","5334.9","8110895","8109904","5","577BE81BE38882B7629C0391DDA4BFB51ACEB236413AB39AE26F9467ED82C14A","ok","42442752"
"nlohmann-2.0.0","e213c56f29a06d286edb48c6db9a7f05cd573bb2","Avocado-glb","Avocado","glb","load","52","1052","1","22426.3","8110040","0","0","","ok","42442752"
"nlohmann-2.0.0","e213c56f29a06d286edb48c6db9a7f05cd573bb2","Avocado-glb","Avocado","glb","export","52","1052","1","50579.2","8110040","8110104","1","C813BA5B22D1EAAA78AECE97500EB82FD483EF1AFC4C3B5494F0C45F40C6B307","ok","42442752"
"nlohmann-2.0.0","e213c56f29a06d286edb48c6db9a7f05cd573bb2","Box-glb","Box","glb","roundtrip","53","1053","2","6640.3","1664","1632","1","92E24B450EDF96029BFD157879B2E8D534DF9399E42C1E65980324EF585CF4C1","ok","42422272"
"nlohmann-2.0.0","e213c56f29a06d286edb48c6db9a7f05cd573bb2","Box-gltf","Box","gltf","roundtrip","53","1053","2","6353.4","3546","1618","2","3C980C11AF22743E70D6A34755F3856A488C494AF170A9B64090B03052649936","ok","42422272"
"nlohmann-2.0.0","e213c56f29a06d286edb48c6db9a7f05cd573bb2","Avocado-gltf","Avocado","gltf","roundtrip","53","1053","2","23656.1","8110895","8109904","5","577BE81BE38882B7629C0391DDA4BFB51ACEB236413AB39AE26F9467ED82C14A","ok","42422272"
"nlohmann-2.0.0","e213c56f29a06d286edb48c6db9a7f05cd573bb2","Avocado-glb","Avocado","glb","load","53","1053","2","80261.9","8110040","0","0","","ok","42422272"
"nlohmann-2.0.0","e213c56f29a06d286edb48c6db9a7f05cd573bb2","Avocado-glb","Avocado","glb","export","53","1053","2","111957.6","8110040","8110104","1","C813BA5B22D1EAAA78AECE97500EB82FD483EF1AFC4C3B5494F0C45F40C6B307","ok","42422272"
"nlohmann-2.0.0","e213c56f29a06d286edb48c6db9a7f05cd573bb2","Box-glb","Box","glb","load","53","1053","2","4912.2","1664","0","0","","ok","42422272"
"nlohmann-2.0.0","e213c56f29a06d286edb48c6db9a7f05cd573bb2","Avocado-gltf","Avocado","gltf","export","53","1053","2","5510.5","8110895","8109904","5","577BE81BE38882B7629C0391DDA4BFB51ACEB236413AB39AE26F9467ED82C14A","ok","42422272"
"nlohmann-2.0.0","e213c56f29a06d286edb48c6db9a7f05cd573bb2","Box-gltf","Box","gltf","export","53","1053","2","1023.3","3546","1618","2","3C980C11AF22743E70D6A34755F3856A488C494AF170A9B64090B03052649936","ok","42422272"
"nlohmann-2.0.0","e213c56f29a06d286edb48c6db9a7f05cd573bb2","Avocado-gltf","Avocado","gltf","load","53","1053","2","17751","8110895","0","0","","ok","42422272"
"nlohmann-2.0.0","e213c56f29a06d286edb48c6db9a7f05cd573bb2","Box-gltf","Box","gltf","load","53","1053","2","5041.1","3546","0","0","","ok","42422272"
"nlohmann-2.0.0","e213c56f29a06d286edb48c6db9a7f05cd573bb2","Box-glb","Box","glb","export","53","1053","2","547.3","1664","1632","1","92E24B450EDF96029BFD157879B2E8D534DF9399E42C1E65980324EF585CF4C1","ok","42422272"
"nlohmann-2.0.0","e213c56f29a06d286edb48c6db9a7f05cd573bb2","Avocado-glb","Avocado","glb","roundtrip","53","1053","2","69261.4","8110040","8110104","1","C813BA5B22D1EAAA78AECE97500EB82FD483EF1AFC4C3B5494F0C45F40C6B307","ok","42422272"
"nlohmann-2.0.0","e213c56f29a06d286edb48c6db9a7f05cd573bb2","Avocado-glb","Avocado","glb","roundtrip","54","1054","1","76041.8","8110040","8110104","1","C813BA5B22D1EAAA78AECE97500EB82FD483EF1AFC4C3B5494F0C45F40C6B307","ok","42364928"
"nlohmann-2.0.0","e213c56f29a06d286edb48c6db9a7f05cd573bb2","Box-gltf","Box","gltf","load","54","1054","1","5080.3","3546","0","0","","ok","42364928"
"nlohmann-2.0.0","e213c56f29a06d286edb48c6db9a7f05cd573bb2","Box-glb","Box","glb","export","54","1054","1","608.6","1664","1632","1","92E24B450EDF96029BFD157879B2E8D534DF9399E42C1E65980324EF585CF4C1","ok","42364928"
"nlohmann-2.0.0","e213c56f29a06d286edb48c6db9a7f05cd573bb2","Avocado-gltf","Avocado","gltf","load","54","1054","1","17853.6","8110895","0","0","","ok","42364928"
"nlohmann-2.0.0","e213c56f29a06d286edb48c6db9a7f05cd573bb2","Box-gltf","Box","gltf","export","54","1054","1","942.3","3546","1618","2","3C980C11AF22743E70D6A34755F3856A488C494AF170A9B64090B03052649936","ok","42364928"
"nlohmann-2.0.0","e213c56f29a06d286edb48c6db9a7f05cd573bb2","Avocado-glb","Avocado","glb","export","54","1054","1","104936","8110040","8110104","1","C813BA5B22D1EAAA78AECE97500EB82FD483EF1AFC4C3B5494F0C45F40C6B307","ok","42364928"
"nlohmann-2.0.0","e213c56f29a06d286edb48c6db9a7f05cd573bb2","Avocado-gltf","Avocado","gltf","roundtrip","54","1054","1","24559.8","8110895","8109904","5","577BE81BE38882B7629C0391DDA4BFB51ACEB236413AB39AE26F9467ED82C14A","ok","42364928"
"nlohmann-2.0.0","e213c56f29a06d286edb48c6db9a7f05cd573bb2","Avocado-glb","Avocado","glb","load","54","1054","1","24127.7","8110040","0","0","","ok","42364928"
"nlohmann-2.0.0","e213c56f29a06d286edb48c6db9a7f05cd573bb2","Avocado-gltf","Avocado","gltf","export","54","1054","1","4785.3","8110895","8109904","5","577BE81BE38882B7629C0391DDA4BFB51ACEB236413AB39AE26F9467ED82C14A","ok","42364928"
"nlohmann-2.0.0","e213c56f29a06d286edb48c6db9a7f05cd573bb2","Box-glb","Box","glb","load","54","1054","1","4809.8","1664","0","0","","ok","42364928"
"nlohmann-2.0.0","e213c56f29a06d286edb48c6db9a7f05cd573bb2","Box-gltf","Box","gltf","roundtrip","54","1054","1","5972.2","3546","1618","2","3C980C11AF22743E70D6A34755F3856A488C494AF170A9B64090B03052649936","ok","42364928"
"nlohmann-2.0.0","e213c56f29a06d286edb48c6db9a7f05cd573bb2","Box-glb","Box","glb","roundtrip","54","1054","1","5184.2","1664","1632","1","92E24B450EDF96029BFD157879B2E8D534DF9399E42C1E65980324EF585CF4C1","ok","42364928"
"nlohmann-2.0.0","e213c56f29a06d286edb48c6db9a7f05cd573bb2","Box-glb","Box","glb","roundtrip","55","1055","2","6298.7","1664","1632","1","92E24B450EDF96029BFD157879B2E8D534DF9399E42C1E65980324EF585CF4C1","ok","42389504"
"nlohmann-2.0.0","e213c56f29a06d286edb48c6db9a7f05cd573bb2","Avocado-gltf","Avocado","gltf","load","55","1055","2","20065.8","8110895","0","0","","ok","42389504"
"nlohmann-2.0.0","e213c56f29a06d286edb48c6db9a7f05cd573bb2","Avocado-glb","Avocado","glb","load","55","1055","2","25517.5","8110040","0","0","","ok","42389504"
"nlohmann-2.0.0","e213c56f29a06d286edb48c6db9a7f05cd573bb2","Avocado-glb","Avocado","glb","roundtrip","55","1055","2","127779.1","8110040","8110104","1","C813BA5B22D1EAAA78AECE97500EB82FD483EF1AFC4C3B5494F0C45F40C6B307","ok","42389504"
"nlohmann-2.0.0","e213c56f29a06d286edb48c6db9a7f05cd573bb2","Box-glb","Box","glb","export","55","1055","2","600.3","1664","1632","1","92E24B450EDF96029BFD157879B2E8D534DF9399E42C1E65980324EF585CF4C1","ok","42389504"
"nlohmann-2.0.0","e213c56f29a06d286edb48c6db9a7f05cd573bb2","Avocado-glb","Avocado","glb","export","55","1055","2","56823","8110040","8110104","1","C813BA5B22D1EAAA78AECE97500EB82FD483EF1AFC4C3B5494F0C45F40C6B307","ok","42389504"
"nlohmann-2.0.0","e213c56f29a06d286edb48c6db9a7f05cd573bb2","Avocado-gltf","Avocado","gltf","roundtrip","55","1055","2","22327.2","8110895","8109904","5","577BE81BE38882B7629C0391DDA4BFB51ACEB236413AB39AE26F9467ED82C14A","ok","42389504"
"nlohmann-2.0.0","e213c56f29a06d286edb48c6db9a7f05cd573bb2","Box-glb","Box","glb","load","55","1055","2","4947.5","1664","0","0","","ok","42389504"
"nlohmann-2.0.0","e213c56f29a06d286edb48c6db9a7f05cd573bb2","Box-gltf","Box","gltf","load","55","1055","2","5188.7","3546","0","0","","ok","42389504"
"nlohmann-2.0.0","e213c56f29a06d286edb48c6db9a7f05cd573bb2","Avocado-gltf","Avocado","gltf","export","55","1055","2","4534.2","8110895","8109904","5","577BE81BE38882B7629C0391DDA4BFB51ACEB236413AB39AE26F9467ED82C14A","ok","42389504"
"nlohmann-2.0.0","e213c56f29a06d286edb48c6db9a7f05cd573bb2","Box-gltf","Box","gltf","export","55","1055","2","823","3546","1618","2","3C980C11AF22743E70D6A34755F3856A488C494AF170A9B64090B03052649936","ok","42389504"
"nlohmann-2.0.0","e213c56f29a06d286edb48c6db9a7f05cd573bb2","Box-gltf","Box","gltf","roundtrip","55","1055","2","6830.6","3546","1618","2","3C980C11AF22743E70D6A34755F3856A488C494AF170A9B64090B03052649936","ok","42389504"
"nlohmann-2.0.0","e213c56f29a06d286edb48c6db9a7f05cd573bb2","Avocado-gltf","Avocado","gltf","roundtrip","56","1056","1","26387.4","8110895","8109904","5","577BE81BE38882B7629C0391DDA4BFB51ACEB236413AB39AE26F9467ED82C14A","ok","42409984"
"nlohmann-2.0.0","e213c56f29a06d286edb48c6db9a7f05cd573bb2","Box-gltf","Box","gltf","roundtrip","56","1056","1","6878.8","3546","1618","2","3C980C11AF22743E70D6A34755F3856A488C494AF170A9B64090B03052649936","ok","42409984"
"nlohmann-2.0.0","e213c56f29a06d286edb48c6db9a7f05cd573bb2","Box-glb","Box","glb","roundtrip","56","1056","1","6164.8","1664","1632","1","92E24B450EDF96029BFD157879B2E8D534DF9399E42C1E65980324EF585CF4C1","ok","42409984"
"nlohmann-2.0.0","e213c56f29a06d286edb48c6db9a7f05cd573bb2","Avocado-gltf","Avocado","gltf","export","56","1056","1","5884.8","8110895","8109904","5","577BE81BE38882B7629C0391DDA4BFB51ACEB236413AB39AE26F9467ED82C14A","ok","42409984"
"nlohmann-2.0.0","e213c56f29a06d286edb48c6db9a7f05cd573bb2","Box-gltf","Box","gltf","load","56","1056","1","6395.3","3546","0","0","","ok","42409984"
"nlohmann-2.0.0","e213c56f29a06d286edb48c6db9a7f05cd573bb2","Avocado-glb","Avocado","glb","roundtrip","56","1056","1","120687.4","8110040","8110104","1","C813BA5B22D1EAAA78AECE97500EB82FD483EF1AFC4C3B5494F0C45F40C6B307","ok","42409984"
"nlohmann-2.0.0","e213c56f29a06d286edb48c6db9a7f05cd573bb2","Avocado-gltf","Avocado","gltf","load","56","1056","1","19731.8","8110895","0","0","","ok","42409984"
"nlohmann-2.0.0","e213c56f29a06d286edb48c6db9a7f05cd573bb2","Box-glb","Box","glb","export","56","1056","1","650.8","1664","1632","1","92E24B450EDF96029BFD157879B2E8D534DF9399E42C1E65980324EF585CF4C1","ok","42409984"
"nlohmann-2.0.0","e213c56f29a06d286edb48c6db9a7f05cd573bb2","Avocado-glb","Avocado","glb","export","56","1056","1","45650.2","8110040","8110104","1","C813BA5B22D1EAAA78AECE97500EB82FD483EF1AFC4C3B5494F0C45F40C6B307","ok","42409984"
"nlohmann-2.0.0","e213c56f29a06d286edb48c6db9a7f05cd573bb2","Box-glb","Box","glb","load","56","1056","1","5527.2","1664","0","0","","ok","42409984"
"nlohmann-2.0.0","e213c56f29a06d286edb48c6db9a7f05cd573bb2","Avocado-glb","Avocado","glb","load","56","1056","1","22967.4","8110040","0","0","","ok","42409984"
"nlohmann-2.0.0","e213c56f29a06d286edb48c6db9a7f05cd573bb2","Box-gltf","Box","gltf","export","56","1056","1","812.9","3546","1618","2","3C980C11AF22743E70D6A34755F3856A488C494AF170A9B64090B03052649936","ok","42409984"
"nlohmann-2.0.0","e213c56f29a06d286edb48c6db9a7f05cd573bb2","Avocado-gltf","Avocado","gltf","load","57","1057","2","19036","8110895","0","0","","ok","42418176"
"nlohmann-2.0.0","e213c56f29a06d286edb48c6db9a7f05cd573bb2","Box-glb","Box","glb","load","57","1057","2","5162.5","1664","0","0","","ok","42418176"
"nlohmann-2.0.0","e213c56f29a06d286edb48c6db9a7f05cd573bb2","Box-gltf","Box","gltf","load","57","1057","2","5875.9","3546","0","0","","ok","42418176"
"nlohmann-2.0.0","e213c56f29a06d286edb48c6db9a7f05cd573bb2","Box-gltf","Box","gltf","roundtrip","57","1057","2","6549.6","3546","1618","2","3C980C11AF22743E70D6A34755F3856A488C494AF170A9B64090B03052649936","ok","42418176"
"nlohmann-2.0.0","e213c56f29a06d286edb48c6db9a7f05cd573bb2","Box-glb","Box","glb","roundtrip","57","1057","2","6205.8","1664","1632","1","92E24B450EDF96029BFD157879B2E8D534DF9399E42C1E65980324EF585CF4C1","ok","42418176"
"nlohmann-2.0.0","e213c56f29a06d286edb48c6db9a7f05cd573bb2","Avocado-gltf","Avocado","gltf","roundtrip","57","1057","2","75899.3","8110895","8109904","5","577BE81BE38882B7629C0391DDA4BFB51ACEB236413AB39AE26F9467ED82C14A","ok","42418176"
"nlohmann-2.0.0","e213c56f29a06d286edb48c6db9a7f05cd573bb2","Box-glb","Box","glb","export","57","1057","2","654.4","1664","1632","1","92E24B450EDF96029BFD157879B2E8D534DF9399E42C1E65980324EF585CF4C1","ok","42418176"
"nlohmann-2.0.0","e213c56f29a06d286edb48c6db9a7f05cd573bb2","Avocado-glb","Avocado","glb","export","57","1057","2","46630.7","8110040","8110104","1","C813BA5B22D1EAAA78AECE97500EB82FD483EF1AFC4C3B5494F0C45F40C6B307","ok","42418176"
"nlohmann-2.0.0","e213c56f29a06d286edb48c6db9a7f05cd573bb2","Avocado-glb","Avocado","glb","roundtrip","57","1057","2","68270.3","8110040","8110104","1","C813BA5B22D1EAAA78AECE97500EB82FD483EF1AFC4C3B5494F0C45F40C6B307","ok","42418176"
"nlohmann-2.0.0","e213c56f29a06d286edb48c6db9a7f05cd573bb2","Box-gltf","Box","gltf","export","57","1057","2","912.3","3546","1618","2","3C980C11AF22743E70D6A34755F3856A488C494AF170A9B64090B03052649936","ok","42418176"
"nlohmann-2.0.0","e213c56f29a06d286edb48c6db9a7f05cd573bb2","Avocado-gltf","Avocado","gltf","export","57","1057","2","4853.1","8110895","8109904","5","577BE81BE38882B7629C0391DDA4BFB51ACEB236413AB39AE26F9467ED82C14A","ok","42418176"
"nlohmann-2.0.0","e213c56f29a06d286edb48c6db9a7f05cd573bb2","Avocado-glb","Avocado","glb","load","57","1057","2","21924.7","8110040","0","0","","ok","42418176"
"nlohmann-2.0.0","e213c56f29a06d286edb48c6db9a7f05cd573bb2","Avocado-glb","Avocado","glb","load","58","1058","1","23790.7","8110040","0","0","","ok","42463232"
"nlohmann-2.0.0","e213c56f29a06d286edb48c6db9a7f05cd573bb2","Box-gltf","Box","gltf","roundtrip","58","1058","1","7305.9","3546","1618","2","3C980C11AF22743E70D6A34755F3856A488C494AF170A9B64090B03052649936","ok","42463232"
"nlohmann-2.0.0","e213c56f29a06d286edb48c6db9a7f05cd573bb2","Box-glb","Box","glb","export","58","1058","1","739.2","1664","1632","1","92E24B450EDF96029BFD157879B2E8D534DF9399E42C1E65980324EF585CF4C1","ok","42463232"
"nlohmann-2.0.0","e213c56f29a06d286edb48c6db9a7f05cd573bb2","Avocado-glb","Avocado","glb","roundtrip","58","1058","1","78925.1","8110040","8110104","1","C813BA5B22D1EAAA78AECE97500EB82FD483EF1AFC4C3B5494F0C45F40C6B307","ok","42463232"
"nlohmann-2.0.0","e213c56f29a06d286edb48c6db9a7f05cd573bb2","Box-gltf","Box","gltf","export","58","1058","1","1060.1","3546","1618","2","3C980C11AF22743E70D6A34755F3856A488C494AF170A9B64090B03052649936","ok","42463232"
"nlohmann-2.0.0","e213c56f29a06d286edb48c6db9a7f05cd573bb2","Avocado-gltf","Avocado","gltf","roundtrip","58","1058","1","29052.4","8110895","8109904","5","577BE81BE38882B7629C0391DDA4BFB51ACEB236413AB39AE26F9467ED82C14A","ok","42463232"
"nlohmann-2.0.0","e213c56f29a06d286edb48c6db9a7f05cd573bb2","Avocado-gltf","Avocado","gltf","load","58","1058","1","23019.3","8110895","0","0","","ok","42463232"
"nlohmann-2.0.0","e213c56f29a06d286edb48c6db9a7f05cd573bb2","Box-gltf","Box","gltf","load","58","1058","1","58846","3546","0","0","","ok","42463232"
"nlohmann-2.0.0","e213c56f29a06d286edb48c6db9a7f05cd573bb2","Avocado-glb","Avocado","glb","export","58","1058","1","101820.7","8110040","8110104","1","C813BA5B22D1EAAA78AECE97500EB82FD483EF1AFC4C3B5494F0C45F40C6B307","ok","42463232"
"nlohmann-2.0.0","e213c56f29a06d286edb48c6db9a7f05cd573bb2","Box-glb","Box","glb","roundtrip","58","1058","1","6865.2","1664","1632","1","92E24B450EDF96029BFD157879B2E8D534DF9399E42C1E65980324EF585CF4C1","ok","42463232"
"nlohmann-2.0.0","e213c56f29a06d286edb48c6db9a7f05cd573bb2","Box-glb","Box","glb","load","58","1058","1","5716.4","1664","0","0","","ok","42463232"
"nlohmann-2.0.0","e213c56f29a06d286edb48c6db9a7f05cd573bb2","Avocado-gltf","Avocado","gltf","export","58","1058","1","4934.9","8110895","8109904","5","577BE81BE38882B7629C0391DDA4BFB51ACEB236413AB39AE26F9467ED82C14A","ok","42463232"
"nlohmann-2.0.0","e213c56f29a06d286edb48c6db9a7f05cd573bb2","Box-glb","Box","glb","export","59","1059","2","654.3","1664","1632","1","92E24B450EDF96029BFD157879B2E8D534DF9399E42C1E65980324EF585CF4C1","ok","42508288"
"nlohmann-2.0.0","e213c56f29a06d286edb48c6db9a7f05cd573bb2","Box-glb","Box","glb","load","59","1059","2","7979.8","1664","0","0","","ok","42508288"
"nlohmann-2.0.0","e213c56f29a06d286edb48c6db9a7f05cd573bb2","Avocado-gltf","Avocado","gltf","roundtrip","59","1059","2","36681.9","8110895","8109904","5","577BE81BE38882B7629C0391DDA4BFB51ACEB236413AB39AE26F9467ED82C14A","ok","42508288"
"nlohmann-2.0.0","e213c56f29a06d286edb48c6db9a7f05cd573bb2","Avocado-gltf","Avocado","gltf","export","59","1059","2","61910.1","8110895","8109904","5","577BE81BE38882B7629C0391DDA4BFB51ACEB236413AB39AE26F9467ED82C14A","ok","42508288"
"nlohmann-2.0.0","e213c56f29a06d286edb48c6db9a7f05cd573bb2","Box-gltf","Box","gltf","export","59","1059","2","1642.7","3546","1618","2","3C980C11AF22743E70D6A34755F3856A488C494AF170A9B64090B03052649936","ok","42508288"
"nlohmann-2.0.0","e213c56f29a06d286edb48c6db9a7f05cd573bb2","Box-gltf","Box","gltf","roundtrip","59","1059","2","7277","3546","1618","2","3C980C11AF22743E70D6A34755F3856A488C494AF170A9B64090B03052649936","ok","42508288"
"nlohmann-2.0.0","e213c56f29a06d286edb48c6db9a7f05cd573bb2","Avocado-gltf","Avocado","gltf","load","59","1059","2","74404.3","8110895","0","0","","ok","42508288"
"nlohmann-2.0.0","e213c56f29a06d286edb48c6db9a7f05cd573bb2","Box-glb","Box","glb","roundtrip","59","1059","2","5803.3","1664","1632","1","92E24B450EDF96029BFD157879B2E8D534DF9399E42C1E65980324EF585CF4C1","ok","42508288"
"nlohmann-2.0.0","e213c56f29a06d286edb48c6db9a7f05cd573bb2","Avocado-glb","Avocado","glb","export","59","1059","2","45841.2","8110040","8110104","1","C813BA5B22D1EAAA78AECE97500EB82FD483EF1AFC4C3B5494F0C45F40C6B307","ok","42508288"
"nlohmann-2.0.0","e213c56f29a06d286edb48c6db9a7f05cd573bb2","Box-gltf","Box","gltf","load","59","1059","2","6479.4","3546","0","0","","ok","42508288"
"nlohmann-2.0.0","e213c56f29a06d286edb48c6db9a7f05cd573bb2","Avocado-glb","Avocado","glb","roundtrip","59","1059","2","75718.5","8110040","8110104","1","C813BA5B22D1EAAA78AECE97500EB82FD483EF1AFC4C3B5494F0C45F40C6B307","ok","42508288"
"nlohmann-2.0.0","e213c56f29a06d286edb48c6db9a7f05cd573bb2","Avocado-glb","Avocado","glb","load","59","1059","2","22136.7","8110040","0","0","","ok","42508288"
"nlohmann-2.0.0","e213c56f29a06d286edb48c6db9a7f05cd573bb2","Avocado-gltf","Avocado","gltf","load","60","1060","1","18723.2","8110895","0","0","","ok","42405888"
"nlohmann-2.0.0","e213c56f29a06d286edb48c6db9a7f05cd573bb2","Box-gltf","Box","gltf","roundtrip","60","1060","1","6329.1","3546","1618","2","3C980C11AF22743E70D6A34755F3856A488C494AF170A9B64090B03052649936","ok","42405888"
"nlohmann-2.0.0","e213c56f29a06d286edb48c6db9a7f05cd573bb2","Box-gltf","Box","gltf","load","60","1060","1","6682.6","3546","0","0","","ok","42405888"
"nlohmann-2.0.0","e213c56f29a06d286edb48c6db9a7f05cd573bb2","Box-glb","Box","glb","load","60","1060","1","5625.3","1664","0","0","","ok","42405888"
"nlohmann-2.0.0","e213c56f29a06d286edb48c6db9a7f05cd573bb2","Box-glb","Box","glb","export","60","1060","1","804.2","1664","1632","1","92E24B450EDF96029BFD157879B2E8D534DF9399E42C1E65980324EF585CF4C1","ok","42405888"
"nlohmann-2.0.0","e213c56f29a06d286edb48c6db9a7f05cd573bb2","Box-glb","Box","glb","roundtrip","60","1060","1","6351.2","1664","1632","1","92E24B450EDF96029BFD157879B2E8D534DF9399E42C1E65980324EF585CF4C1","ok","42405888"
"nlohmann-2.0.0","e213c56f29a06d286edb48c6db9a7f05cd573bb2","Avocado-gltf","Avocado","gltf","roundtrip","60","1060","1","80154.7","8110895","8109904","5","577BE81BE38882B7629C0391DDA4BFB51ACEB236413AB39AE26F9467ED82C14A","ok","42405888"
"nlohmann-2.0.0","e213c56f29a06d286edb48c6db9a7f05cd573bb2","Avocado-gltf","Avocado","gltf","export","60","1060","1","56460.3","8110895","8109904","5","577BE81BE38882B7629C0391DDA4BFB51ACEB236413AB39AE26F9467ED82C14A","ok","42405888"
"nlohmann-2.0.0","e213c56f29a06d286edb48c6db9a7f05cd573bb2","Avocado-glb","Avocado","glb","load","60","1060","1","21932.1","8110040","0","0","","ok","42405888"
"nlohmann-2.0.0","e213c56f29a06d286edb48c6db9a7f05cd573bb2","Box-gltf","Box","gltf","export","60","1060","1","770.5","3546","1618","2","3C980C11AF22743E70D6A34755F3856A488C494AF170A9B64090B03052649936","ok","42405888"
"nlohmann-2.0.0","e213c56f29a06d286edb48c6db9a7f05cd573bb2","Avocado-glb","Avocado","glb","roundtrip","60","1060","1","76693.2","8110040","8110104","1","C813BA5B22D1EAAA78AECE97500EB82FD483EF1AFC4C3B5494F0C45F40C6B307","ok","42405888"
"nlohmann-2.0.0","e213c56f29a06d286edb48c6db9a7f05cd573bb2","Avocado-glb","Avocado","glb","export","60","1060","1","47074.4","8110040","8110104","1","C813BA5B22D1EAAA78AECE97500EB82FD483EF1AFC4C3B5494F0C45F40C6B307","ok","42405888"
"nlohmann-2.0.0","e213c56f29a06d286edb48c6db9a7f05cd573bb2","Avocado-gltf","Avocado","gltf","roundtrip","61","1061","2","23830.6","8110895","8109904","5","577BE81BE38882B7629C0391DDA4BFB51ACEB236413AB39AE26F9467ED82C14A","ok","42496000"
"nlohmann-2.0.0","e213c56f29a06d286edb48c6db9a7f05cd573bb2","Avocado-gltf","Avocado","gltf","export","61","1061","2","5727.2","8110895","8109904","5","577BE81BE38882B7629C0391DDA4BFB51ACEB236413AB39AE26F9467ED82C14A","ok","42496000"
"nlohmann-2.0.0","e213c56f29a06d286edb48c6db9a7f05cd573bb2","Avocado-glb","Avocado","glb","export","61","1061","2","101331","8110040","8110104","1","C813BA5B22D1EAAA78AECE97500EB82FD483EF1AFC4C3B5494F0C45F40C6B307","ok","42496000"
"nlohmann-2.0.0","e213c56f29a06d286edb48c6db9a7f05cd573bb2","Box-gltf","Box","gltf","export","61","1061","2","800.4","3546","1618","2","3C980C11AF22743E70D6A34755F3856A488C494AF170A9B64090B03052649936","ok","42496000"
"nlohmann-2.0.0","e213c56f29a06d286edb48c6db9a7f05cd573bb2","Box-glb","Box","glb","roundtrip","61","1061","2","5344.8","1664","1632","1","92E24B450EDF96029BFD157879B2E8D534DF9399E42C1E65980324EF585CF4C1","ok","42496000"
"nlohmann-2.0.0","e213c56f29a06d286edb48c6db9a7f05cd573bb2","Avocado-glb","Avocado","glb","load","61","1061","2","22169.4","8110040","0","0","","ok","42496000"
"nlohmann-2.0.0","e213c56f29a06d286edb48c6db9a7f05cd573bb2","Box-glb","Box","glb","load","61","1061","2","4924.5","1664","0","0","","ok","42496000"
"nlohmann-2.0.0","e213c56f29a06d286edb48c6db9a7f05cd573bb2","Avocado-gltf","Avocado","gltf","load","61","1061","2","17327.6","8110895","0","0","","ok","42496000"
"nlohmann-2.0.0","e213c56f29a06d286edb48c6db9a7f05cd573bb2","Box-glb","Box","glb","export","61","1061","2","585.3","1664","1632","1","92E24B450EDF96029BFD157879B2E8D534DF9399E42C1E65980324EF585CF4C1","ok","42496000"
"nlohmann-2.0.0","e213c56f29a06d286edb48c6db9a7f05cd573bb2","Avocado-glb","Avocado","glb","roundtrip","61","1061","2","67666.1","8110040","8110104","1","C813BA5B22D1EAAA78AECE97500EB82FD483EF1AFC4C3B5494F0C45F40C6B307","ok","42496000"
"nlohmann-2.0.0","e213c56f29a06d286edb48c6db9a7f05cd573bb2","Box-gltf","Box","gltf","load","61","1061","2","5796.9","3546","0","0","","ok","42496000"
"nlohmann-2.0.0","e213c56f29a06d286edb48c6db9a7f05cd573bb2","Box-gltf","Box","gltf","roundtrip","61","1061","2","6202.4","3546","1618","2","3C980C11AF22743E70D6A34755F3856A488C494AF170A9B64090B03052649936","ok","42496000"
"nlohmann-2.0.0","e213c56f29a06d286edb48c6db9a7f05cd573bb2","Avocado-glb","Avocado","glb","export","62","1062","1","47127.3","8110040","8110104","1","C813BA5B22D1EAAA78AECE97500EB82FD483EF1AFC4C3B5494F0C45F40C6B307","ok","42381312"
"nlohmann-2.0.0","e213c56f29a06d286edb48c6db9a7f05cd573bb2","Avocado-gltf","Avocado","gltf","roundtrip","62","1062","1","31158.8","8110895","8109904","5","577BE81BE38882B7629C0391DDA4BFB51ACEB236413AB39AE26F9467ED82C14A","ok","42381312"
"nlohmann-2.0.0","e213c56f29a06d286edb48c6db9a7f05cd573bb2","Box-glb","Box","glb","load","62","1062","1","5708.6","1664","0","0","","ok","42381312"
"nlohmann-2.0.0","e213c56f29a06d286edb48c6db9a7f05cd573bb2","Avocado-gltf","Avocado","gltf","load","62","1062","1","72180.6","8110895","0","0","","ok","42381312"
"nlohmann-2.0.0","e213c56f29a06d286edb48c6db9a7f05cd573bb2","Box-gltf","Box","gltf","roundtrip","62","1062","1","6193.5","3546","1618","2","3C980C11AF22743E70D6A34755F3856A488C494AF170A9B64090B03052649936","ok","42381312"
"nlohmann-2.0.0","e213c56f29a06d286edb48c6db9a7f05cd573bb2","Box-gltf","Box","gltf","export","62","1062","1","1151.8","3546","1618","2","3C980C11AF22743E70D6A34755F3856A488C494AF170A9B64090B03052649936","ok","42381312"
"nlohmann-2.0.0","e213c56f29a06d286edb48c6db9a7f05cd573bb2","Box-gltf","Box","gltf","load","62","1062","1","5846.6","3546","0","0","","ok","42381312"
"nlohmann-2.0.0","e213c56f29a06d286edb48c6db9a7f05cd573bb2","Avocado-glb","Avocado","glb","roundtrip","62","1062","1","125398.7","8110040","8110104","1","C813BA5B22D1EAAA78AECE97500EB82FD483EF1AFC4C3B5494F0C45F40C6B307","ok","42381312"
"nlohmann-2.0.0","e213c56f29a06d286edb48c6db9a7f05cd573bb2","Avocado-gltf","Avocado","gltf","export","62","1062","1","4962.8","8110895","8109904","5","577BE81BE38882B7629C0391DDA4BFB51ACEB236413AB39AE26F9467ED82C14A","ok","42381312"
"nlohmann-2.0.0","e213c56f29a06d286edb48c6db9a7f05cd573bb2","Avocado-glb","Avocado","glb","load","62","1062","1","22034.4","8110040","0","0","","ok","42381312"
"nlohmann-2.0.0","e213c56f29a06d286edb48c6db9a7f05cd573bb2","Box-glb","Box","glb","export","62","1062","1","588","1664","1632","1","92E24B450EDF96029BFD157879B2E8D534DF9399E42C1E65980324EF585CF4C1","ok","42381312"
"nlohmann-2.0.0","e213c56f29a06d286edb48c6db9a7f05cd573bb2","Box-glb","Box","glb","roundtrip","62","1062","1","5350.5","1664","1632","1","92E24B450EDF96029BFD157879B2E8D534DF9399E42C1E65980324EF585CF4C1","ok","42381312"
"nlohmann-2.0.0","e213c56f29a06d286edb48c6db9a7f05cd573bb2","Box-gltf","Box","gltf","load","63","1063","2","6144.1","3546","0","0","","ok","42377216"
"nlohmann-2.0.0","e213c56f29a06d286edb48c6db9a7f05cd573bb2","Avocado-gltf","Avocado","gltf","roundtrip","63","1063","2","28590.1","8110895","8109904","5","577BE81BE38882B7629C0391DDA4BFB51ACEB236413AB39AE26F9467ED82C14A","ok","42377216"
"nlohmann-2.0.0","e213c56f29a06d286edb48c6db9a7f05cd573bb2","Avocado-gltf","Avocado","gltf","load","63","1063","2","20507.4","8110895","0","0","","ok","42377216"
"nlohmann-2.0.0","e213c56f29a06d286edb48c6db9a7f05cd573bb2","Avocado-glb","Avocado","glb","export","63","1063","2","107178.1","8110040","8110104","1","C813BA5B22D1EAAA78AECE97500EB82FD483EF1AFC4C3B5494F0C45F40C6B307","ok","42377216"
"nlohmann-2.0.0","e213c56f29a06d286edb48c6db9a7f05cd573bb2","Box-glb","Box","glb","roundtrip","63","1063","2","5623.9","1664","1632","1","92E24B450EDF96029BFD157879B2E8D534DF9399E42C1E65980324EF585CF4C1","ok","42377216"
"nlohmann-2.0.0","e213c56f29a06d286edb48c6db9a7f05cd573bb2","Box-gltf","Box","gltf","export","63","1063","2","770.6","3546","1618","2","3C980C11AF22743E70D6A34755F3856A488C494AF170A9B64090B03052649936","ok","42377216"
"nlohmann-2.0.0","e213c56f29a06d286edb48c6db9a7f05cd573bb2","Box-gltf","Box","gltf","roundtrip","63","1063","2","5768.5","3546","1618","2","3C980C11AF22743E70D6A34755F3856A488C494AF170A9B64090B03052649936","ok","42377216"
"nlohmann-2.0.0","e213c56f29a06d286edb48c6db9a7f05cd573bb2","Avocado-glb","Avocado","glb","roundtrip","63","1063","2","69907.3","8110040","8110104","1","C813BA5B22D1EAAA78AECE97500EB82FD483EF1AFC4C3B5494F0C45F40C6B307","ok","42377216"
"nlohmann-2.0.0","e213c56f29a06d286edb48c6db9a7f05cd573bb2","Avocado-gltf","Avocado","gltf","export","63","1063","2","4695.7","8110895","8109904","5","577BE81BE38882B7629C0391DDA4BFB51ACEB236413AB39AE26F9467ED82C14A","ok","42377216"
"nlohmann-2.0.0","e213c56f29a06d286edb48c6db9a7f05cd573bb2","Avocado-glb","Avocado","glb","load","63","1063","2","21645.3","8110040","0","0","","ok","42377216"
"nlohmann-2.0.0","e213c56f29a06d286edb48c6db9a7f05cd573bb2","Box-glb","Box","glb","export","63","1063","2","561.4","1664","1632","1","92E24B450EDF96029BFD157879B2E8D534DF9399E42C1E65980324EF585CF4C1","ok","42377216"
"nlohmann-2.0.0","e213c56f29a06d286edb48c6db9a7f05cd573bb2","Box-glb","Box","glb","load","63","1063","2","4657.6","1664","0","0","","ok","42377216"
"nlohmann-2.0.0","e213c56f29a06d286edb48c6db9a7f05cd573bb2","Avocado-glb","Avocado","glb","export","64","1064","1","48771","8110040","8110104","1","C813BA5B22D1EAAA78AECE97500EB82FD483EF1AFC4C3B5494F0C45F40C6B307","ok","42405888"
"nlohmann-2.0.0","e213c56f29a06d286edb48c6db9a7f05cd573bb2","Box-gltf","Box","gltf","roundtrip","64","1064","1","6101.9","3546","1618","2","3C980C11AF22743E70D6A34755F3856A488C494AF170A9B64090B03052649936","ok","42405888"
"nlohmann-2.0.0","e213c56f29a06d286edb48c6db9a7f05cd573bb2","Avocado-gltf","Avocado","gltf","load","64","1064","1","17810.8","8110895","0","0","","ok","42405888"
"nlohmann-2.0.0","e213c56f29a06d286edb48c6db9a7f05cd573bb2","Box-gltf","Box","gltf","export","64","1064","1","791","3546","1618","2","3C980C11AF22743E70D6A34755F3856A488C494AF170A9B64090B03052649936","ok","42405888"
"nlohmann-2.0.0","e213c56f29a06d286edb48c6db9a7f05cd573bb2","Box-gltf","Box","gltf","load","64","1064","1","6313.8","3546","0","0","","ok","42405888"
"nlohmann-2.0.0","e213c56f29a06d286edb48c6db9a7f05cd573bb2","Box-glb","Box","glb","load","64","1064","1","5767.2","1664","0","0","","ok","42405888"
"nlohmann-2.0.0","e213c56f29a06d286edb48c6db9a7f05cd573bb2","Avocado-glb","Avocado","glb","load","64","1064","1","27001","8110040","0","0","","ok","42405888"
"nlohmann-2.0.0","e213c56f29a06d286edb48c6db9a7f05cd573bb2","Avocado-gltf","Avocado","gltf","export","64","1064","1","4989.6","8110895","8109904","5","577BE81BE38882B7629C0391DDA4BFB51ACEB236413AB39AE26F9467ED82C14A","ok","42405888"
"nlohmann-2.0.0","e213c56f29a06d286edb48c6db9a7f05cd573bb2","Box-glb","Box","glb","export","64","1064","1","635.8","1664","1632","1","92E24B450EDF96029BFD157879B2E8D534DF9399E42C1E65980324EF585CF4C1","ok","42405888"
"nlohmann-2.0.0","e213c56f29a06d286edb48c6db9a7f05cd573bb2","Avocado-glb","Avocado","glb","roundtrip","64","1064","1","130013","8110040","8110104","1","C813BA5B22D1EAAA78AECE97500EB82FD483EF1AFC4C3B5494F0C45F40C6B307","ok","42405888"
"nlohmann-2.0.0","e213c56f29a06d286edb48c6db9a7f05cd573bb2","Box-glb","Box","glb","roundtrip","64","1064","1","5531.8","1664","1632","1","92E24B450EDF96029BFD157879B2E8D534DF9399E42C1E65980324EF585CF4C1","ok","42405888"
"nlohmann-2.0.0","e213c56f29a06d286edb48c6db9a7f05cd573bb2","Avocado-gltf","Avocado","gltf","roundtrip","64","1064","1","24358.9","8110895","8109904","5","577BE81BE38882B7629C0391DDA4BFB51ACEB236413AB39AE26F9467ED82C14A","ok","42405888"
"nlohmann-2.0.0","e213c56f29a06d286edb48c6db9a7f05cd573bb2","Box-gltf","Box","gltf","export","65","1065","2","813.2","3546","1618","2","3C980C11AF22743E70D6A34755F3856A488C494AF170A9B64090B03052649936","ok","43212800"
"nlohmann-2.0.0","e213c56f29a06d286edb48c6db9a7f05cd573bb2","Avocado-glb","Avocado","glb","export","65","1065","2","46872.8","8110040","8110104","1","C813BA5B22D1EAAA78AECE97500EB82FD483EF1AFC4C3B5494F0C45F40C6B307","ok","43212800"
"nlohmann-2.0.0","e213c56f29a06d286edb48c6db9a7f05cd573bb2","Box-gltf","Box","gltf","roundtrip","65","1065","2","6839.4","3546","1618","2","3C980C11AF22743E70D6A34755F3856A488C494AF170A9B64090B03052649936","ok","43212800"
"nlohmann-2.0.0","e213c56f29a06d286edb48c6db9a7f05cd573bb2","Avocado-gltf","Avocado","gltf","load","65","1065","2","18691","8110895","0","0","","ok","43212800"
"nlohmann-2.0.0","e213c56f29a06d286edb48c6db9a7f05cd573bb2","Avocado-glb","Avocado","glb","roundtrip","65","1065","2","141150.6","8110040","8110104","1","C813BA5B22D1EAAA78AECE97500EB82FD483EF1AFC4C3B5494F0C45F40C6B307","ok","43212800"
"nlohmann-2.0.0","e213c56f29a06d286edb48c6db9a7f05cd573bb2","Avocado-gltf","Avocado","gltf","roundtrip","65","1065","2","21998.8","8110895","8109904","5","577BE81BE38882B7629C0391DDA4BFB51ACEB236413AB39AE26F9467ED82C14A","ok","43212800"
"nlohmann-2.0.0","e213c56f29a06d286edb48c6db9a7f05cd573bb2","Avocado-glb","Avocado","glb","load","65","1065","2","21686.7","8110040","0","0","","ok","43212800"
"nlohmann-2.0.0","e213c56f29a06d286edb48c6db9a7f05cd573bb2","Box-glb","Box","glb","export","65","1065","2","620.2","1664","1632","1","92E24B450EDF96029BFD157879B2E8D534DF9399E42C1E65980324EF585CF4C1","ok","43212800"
"nlohmann-2.0.0","e213c56f29a06d286edb48c6db9a7f05cd573bb2","Box-gltf","Box","gltf","load","65","1065","2","4856.2","3546","0","0","","ok","43212800"
"nlohmann-2.0.0","e213c56f29a06d286edb48c6db9a7f05cd573bb2","Avocado-gltf","Avocado","gltf","export","65","1065","2","4746.8","8110895","8109904","5","577BE81BE38882B7629C0391DDA4BFB51ACEB236413AB39AE26F9467ED82C14A","ok","43212800"
"nlohmann-2.0.0","e213c56f29a06d286edb48c6db9a7f05cd573bb2","Box-glb","Box","glb","roundtrip","65","1065","2","5441.4","1664","1632","1","92E24B450EDF96029BFD157879B2E8D534DF9399E42C1E65980324EF585CF4C1","ok","43212800"
"nlohmann-2.0.0","e213c56f29a06d286edb48c6db9a7f05cd573bb2","Box-glb","Box","glb","load","65","1065","2","4730.7","1664","0","0","","ok","43212800"
"nlohmann-2.0.0","e213c56f29a06d286edb48c6db9a7f05cd573bb2","Box-gltf","Box","gltf","roundtrip","66","1066","1","7550.8","3546","1618","2","3C980C11AF22743E70D6A34755F3856A488C494AF170A9B64090B03052649936","ok","42414080"
"nlohmann-2.0.0","e213c56f29a06d286edb48c6db9a7f05cd573bb2","Avocado-gltf","Avocado","gltf","roundtrip","66","1066","1","23590.2","8110895","8109904","5","577BE81BE38882B7629C0391DDA4BFB51ACEB236413AB39AE26F9467ED82C14A","ok","42414080"
"nlohmann-2.0.0","e213c56f29a06d286edb48c6db9a7f05cd573bb2","Avocado-glb","Avocado","glb","roundtrip","66","1066","1","132017.8","8110040","8110104","1","C813BA5B22D1EAAA78AECE97500EB82FD483EF1AFC4C3B5494F0C45F40C6B307","ok","42414080"
"nlohmann-2.0.0","e213c56f29a06d286edb48c6db9a7f05cd573bb2","Avocado-gltf","Avocado","gltf","export","66","1066","1","4917","8110895","8109904","5","577BE81BE38882B7629C0391DDA4BFB51ACEB236413AB39AE26F9467ED82C14A","ok","42414080"
"nlohmann-2.0.0","e213c56f29a06d286edb48c6db9a7f05cd573bb2","Avocado-gltf","Avocado","gltf","load","66","1066","1","17265.3","8110895","0","0","","ok","42414080"
"nlohmann-2.0.0","e213c56f29a06d286edb48c6db9a7f05cd573bb2","Box-glb","Box","glb","roundtrip","66","1066","1","5415.6","1664","1632","1","92E24B450EDF96029BFD157879B2E8D534DF9399E42C1E65980324EF585CF4C1","ok","42414080"
"nlohmann-2.0.0","e213c56f29a06d286edb48c6db9a7f05cd573bb2","Box-gltf","Box","gltf","export","66","1066","1","938.5","3546","1618","2","3C980C11AF22743E70D6A34755F3856A488C494AF170A9B64090B03052649936","ok","42414080"
"nlohmann-2.0.0","e213c56f29a06d286edb48c6db9a7f05cd573bb2","Box-glb","Box","glb","load","66","1066","1","7986","1664","0","0","","ok","42414080"
"nlohmann-2.0.0","e213c56f29a06d286edb48c6db9a7f05cd573bb2","Box-glb","Box","glb","export","66","1066","1","810.4","1664","1632","1","92E24B450EDF96029BFD157879B2E8D534DF9399E42C1E65980324EF585CF4C1","ok","42414080"
"nlohmann-2.0.0","e213c56f29a06d286edb48c6db9a7f05cd573bb2","Avocado-glb","Avocado","glb","export","66","1066","1","47451.7","8110040","8110104","1","C813BA5B22D1EAAA78AECE97500EB82FD483EF1AFC4C3B5494F0C45F40C6B307","ok","42414080"
"nlohmann-2.0.0","e213c56f29a06d286edb48c6db9a7f05cd573bb2","Avocado-glb","Avocado","glb","load","66","1066","1","23693.1","8110040","0","0","","ok","42414080"
"nlohmann-2.0.0","e213c56f29a06d286edb48c6db9a7f05cd573bb2","Box-gltf","Box","gltf","load","66","1066","1","5127.4","3546","0","0","","ok","42414080"
"nlohmann-2.0.0","e213c56f29a06d286edb48c6db9a7f05cd573bb2","Box-glb","Box","glb","roundtrip","67","1067","2","6631.4","1664","1632","1","92E24B450EDF96029BFD157879B2E8D534DF9399E42C1E65980324EF585CF4C1","ok","42409984"
"nlohmann-2.0.0","e213c56f29a06d286edb48c6db9a7f05cd573bb2","Avocado-glb","Avocado","glb","load","67","1067","2","27474.9","8110040","0","0","","ok","42409984"
"nlohmann-2.0.0","e213c56f29a06d286edb48c6db9a7f05cd573bb2","Box-gltf","Box","gltf","roundtrip","67","1067","2","7806.5","3546","1618","2","3C980C11AF22743E70D6A34755F3856A488C494AF170A9B64090B03052649936","ok","42409984"
"nlohmann-2.0.0","e213c56f29a06d286edb48c6db9a7f05cd573bb2","Box-glb","Box","glb","load","67","1067","2","5616.7","1664","0","0","","ok","42409984"
"nlohmann-2.0.0","e213c56f29a06d286edb48c6db9a7f05cd573bb2","Avocado-glb","Avocado","glb","roundtrip","67","1067","2","68229.5","8110040","8110104","1","C813BA5B22D1EAAA78AECE97500EB82FD483EF1AFC4C3B5494F0C45F40C6B307","ok","42409984"
"nlohmann-2.0.0","e213c56f29a06d286edb48c6db9a7f05cd573bb2","Avocado-gltf","Avocado","gltf","roundtrip","67","1067","2","23114","8110895","8109904","5","577BE81BE38882B7629C0391DDA4BFB51ACEB236413AB39AE26F9467ED82C14A","ok","42409984"
"nlohmann-2.0.0","e213c56f29a06d286edb48c6db9a7f05cd573bb2","Avocado-gltf","Avocado","gltf","export","67","1067","2","6250.7","8110895","8109904","5","577BE81BE38882B7629C0391DDA4BFB51ACEB236413AB39AE26F9467ED82C14A","ok","42409984"
"nlohmann-2.0.0","e213c56f29a06d286edb48c6db9a7f05cd573bb2","Avocado-glb","Avocado","glb","export","67","1067","2","112667.9","8110040","8110104","1","C813BA5B22D1EAAA78AECE97500EB82FD483EF1AFC4C3B5494F0C45F40C6B307","ok","42409984"
"nlohmann-2.0.0","e213c56f29a06d286edb48c6db9a7f05cd573bb2","Box-gltf","Box","gltf","load","67","1067","2","5152.8","3546","0","0","","ok","42409984"
"nlohmann-2.0.0","e213c56f29a06d286edb48c6db9a7f05cd573bb2","Box-gltf","Box","gltf","export","67","1067","2","859.1","3546","1618","2","3C980C11AF22743E70D6A34755F3856A488C494AF170A9B64090B03052649936","ok","42409984"
"nlohmann-2.0.0","e213c56f29a06d286edb48c6db9a7f05cd573bb2","Box-glb","Box","glb","export","67","1067","2","522.1","1664","1632","1","92E24B450EDF96029BFD157879B2E8D534DF9399E42C1E65980324EF585CF4C1","ok","42409984"
"nlohmann-2.0.0","e213c56f29a06d286edb48c6db9a7f05cd573bb2","Avocado-gltf","Avocado","gltf","load","67","1067","2","17143.4","8110895","0","0","","ok","42409984"
"nlohmann-2.0.0","e213c56f29a06d286edb48c6db9a7f05cd573bb2","Avocado-gltf","Avocado","gltf","roundtrip","68","1068","1","22929.8","8110895","8109904","5","577BE81BE38882B7629C0391DDA4BFB51ACEB236413AB39AE26F9467ED82C14A","ok","42360832"
"nlohmann-2.0.0","e213c56f29a06d286edb48c6db9a7f05cd573bb2","Box-glb","Box","glb","roundtrip","68","1068","1","7380.2","1664","1632","1","92E24B450EDF96029BFD157879B2E8D534DF9399E42C1E65980324EF585CF4C1","ok","42360832"
"nlohmann-2.0.0","e213c56f29a06d286edb48c6db9a7f05cd573bb2","Box-glb","Box","glb","export","68","1068","1","817.2","1664","1632","1","92E24B450EDF96029BFD157879B2E8D534DF9399E42C1E65980324EF585CF4C1","ok","42360832"
"nlohmann-2.0.0","e213c56f29a06d286edb48c6db9a7f05cd573bb2","Avocado-glb","Avocado","glb","export","68","1068","1","106755.6","8110040","8110104","1","C813BA5B22D1EAAA78AECE97500EB82FD483EF1AFC4C3B5494F0C45F40C6B307","ok","42360832"
"nlohmann-2.0.0","e213c56f29a06d286edb48c6db9a7f05cd573bb2","Box-gltf","Box","gltf","load","68","1068","1","5423.3","3546","0","0","","ok","42360832"
"nlohmann-2.0.0","e213c56f29a06d286edb48c6db9a7f05cd573bb2","Avocado-gltf","Avocado","gltf","load","68","1068","1","17559.5","8110895","0","0","","ok","42360832"
"nlohmann-2.0.0","e213c56f29a06d286edb48c6db9a7f05cd573bb2","Avocado-glb","Avocado","glb","roundtrip","68","1068","1","68627.2","8110040","8110104","1","C813BA5B22D1EAAA78AECE97500EB82FD483EF1AFC4C3B5494F0C45F40C6B307","ok","42360832"
"nlohmann-2.0.0","e213c56f29a06d286edb48c6db9a7f05cd573bb2","Box-gltf","Box","gltf","roundtrip","68","1068","1","6130.8","3546","1618","2","3C980C11AF22743E70D6A34755F3856A488C494AF170A9B64090B03052649936","ok","42360832"
"nlohmann-2.0.0","e213c56f29a06d286edb48c6db9a7f05cd573bb2","Avocado-glb","Avocado","glb","load","68","1068","1","22258.2","8110040","0","0","","ok","42360832"
"nlohmann-2.0.0","e213c56f29a06d286edb48c6db9a7f05cd573bb2","Box-gltf","Box","gltf","export","68","1068","1","829.9","3546","1618","2","3C980C11AF22743E70D6A34755F3856A488C494AF170A9B64090B03052649936","ok","42360832"
"nlohmann-2.0.0","e213c56f29a06d286edb48c6db9a7f05cd573bb2","Avocado-gltf","Avocado","gltf","export","68","1068","1","4747.3","8110895","8109904","5","577BE81BE38882B7629C0391DDA4BFB51ACEB236413AB39AE26F9467ED82C14A","ok","42360832"
"nlohmann-2.0.0","e213c56f29a06d286edb48c6db9a7f05cd573bb2","Box-glb","Box","glb","load","68","1068","1","4980.9","1664","0","0","","ok","42360832"
"nlohmann-2.0.0","e213c56f29a06d286edb48c6db9a7f05cd573bb2","Avocado-gltf","Avocado","gltf","export","69","1069","2","5279.4","8110895","8109904","5","577BE81BE38882B7629C0391DDA4BFB51ACEB236413AB39AE26F9467ED82C14A","ok","42450944"
"nlohmann-2.0.0","e213c56f29a06d286edb48c6db9a7f05cd573bb2","Box-glb","Box","glb","load","69","1069","2","5709.6","1664","0","0","","ok","42450944"
"nlohmann-2.0.0","e213c56f29a06d286edb48c6db9a7f05cd573bb2","Avocado-gltf","Avocado","gltf","load","69","1069","2","22953.5","8110895","0","0","","ok","42450944"
"nlohmann-2.0.0","e213c56f29a06d286edb48c6db9a7f05cd573bb2","Avocado-gltf","Avocado","gltf","roundtrip","69","1069","2","84421.7","8110895","8109904","5","577BE81BE38882B7629C0391DDA4BFB51ACEB236413AB39AE26F9467ED82C14A","ok","42450944"
"nlohmann-2.0.0","e213c56f29a06d286edb48c6db9a7f05cd573bb2","Avocado-glb","Avocado","glb","load","69","1069","2","82477.2","8110040","0","0","","ok","42450944"
"nlohmann-2.0.0","e213c56f29a06d286edb48c6db9a7f05cd573bb2","Box-gltf","Box","gltf","load","69","1069","2","5139.4","3546","0","0","","ok","42450944"
"nlohmann-2.0.0","e213c56f29a06d286edb48c6db9a7f05cd573bb2","Avocado-glb","Avocado","glb","roundtrip","69","1069","2","67343.6","8110040","8110104","1","C813BA5B22D1EAAA78AECE97500EB82FD483EF1AFC4C3B5494F0C45F40C6B307","ok","42450944"
"nlohmann-2.0.0","e213c56f29a06d286edb48c6db9a7f05cd573bb2","Avocado-glb","Avocado","glb","export","69","1069","2","45424.5","8110040","8110104","1","C813BA5B22D1EAAA78AECE97500EB82FD483EF1AFC4C3B5494F0C45F40C6B307","ok","42450944"
"nlohmann-2.0.0","e213c56f29a06d286edb48c6db9a7f05cd573bb2","Box-glb","Box","glb","export","69","1069","2","685.9","1664","1632","1","92E24B450EDF96029BFD157879B2E8D534DF9399E42C1E65980324EF585CF4C1","ok","42450944"
"nlohmann-2.0.0","e213c56f29a06d286edb48c6db9a7f05cd573bb2","Box-glb","Box","glb","roundtrip","69","1069","2","5163.2","1664","1632","1","92E24B450EDF96029BFD157879B2E8D534DF9399E42C1E65980324EF585CF4C1","ok","42450944"
"nlohmann-2.0.0","e213c56f29a06d286edb48c6db9a7f05cd573bb2","Box-gltf","Box","gltf","roundtrip","69","1069","2","5790.4","3546","1618","2","3C980C11AF22743E70D6A34755F3856A488C494AF170A9B64090B03052649936","ok","42450944"
"nlohmann-2.0.0","e213c56f29a06d286edb48c6db9a7f05cd573bb2","Box-gltf","Box","gltf","export","69","1069","2","744.3","3546","1618","2","3C980C11AF22743E70D6A34755F3856A488C494AF170A9B64090B03052649936","ok","42450944"
"nlohmann-2.0.0","e213c56f29a06d286edb48c6db9a7f05cd573bb2","Avocado-glb","Avocado","glb","load","70","1070","1","24508.4","8110040","0","0","","ok","42455040"
"nlohmann-2.0.0","e213c56f29a06d286edb48c6db9a7f05cd573bb2","Box-glb","Box","glb","load","70","1070","1","5021.3","1664","0","0","","ok","42455040"
"nlohmann-2.0.0","e213c56f29a06d286edb48c6db9a7f05cd573bb2","Avocado-glb","Avocado","glb","roundtrip","70","1070","1","72115.8","8110040","8110104","1","C813BA5B22D1EAAA78AECE97500EB82FD483EF1AFC4C3B5494F0C45F40C6B307","ok","42455040"
"nlohmann-2.0.0","e213c56f29a06d286edb48c6db9a7f05cd573bb2","Avocado-gltf","Avocado","gltf","roundtrip","70","1070","1","23176.5","8110895","8109904","5","577BE81BE38882B7629C0391DDA4BFB51ACEB236413AB39AE26F9467ED82C14A","ok","42455040"
"nlohmann-2.0.0","e213c56f29a06d286edb48c6db9a7f05cd573bb2","Avocado-gltf","Avocado","gltf","export","70","1070","1","6728.9","8110895","8109904","5","577BE81BE38882B7629C0391DDA4BFB51ACEB236413AB39AE26F9467ED82C14A","ok","42455040"
"nlohmann-2.0.0","e213c56f29a06d286edb48c6db9a7f05cd573bb2","Box-gltf","Box","gltf","export","70","1070","1","881.9","3546","1618","2","3C980C11AF22743E70D6A34755F3856A488C494AF170A9B64090B03052649936","ok","42455040"
"nlohmann-2.0.0","e213c56f29a06d286edb48c6db9a7f05cd573bb2","Avocado-gltf","Avocado","gltf","load","70","1070","1","20193.1","8110895","0","0","","ok","42455040"
"nlohmann-2.0.0","e213c56f29a06d286edb48c6db9a7f05cd573bb2","Avocado-glb","Avocado","glb","export","70","1070","1","47237.7","8110040","8110104","1","C813BA5B22D1EAAA78AECE97500EB82FD483EF1AFC4C3B5494F0C45F40C6B307","ok","42455040"
"nlohmann-2.0.0","e213c56f29a06d286edb48c6db9a7f05cd573bb2","Box-gltf","Box","gltf","roundtrip","70","1070","1","6370.8","3546","1618","2","3C980C11AF22743E70D6A34755F3856A488C494AF170A9B64090B03052649936","ok","42455040"
"nlohmann-2.0.0","e213c56f29a06d286edb48c6db9a7f05cd573bb2","Box-gltf","Box","gltf","load","70","1070","1","4868","3546","0","0","","ok","42455040"
"nlohmann-2.0.0","e213c56f29a06d286edb48c6db9a7f05cd573bb2","Box-glb","Box","glb","export","70","1070","1","583.1","1664","1632","1","92E24B450EDF96029BFD157879B2E8D534DF9399E42C1E65980324EF585CF4C1","ok","42455040"
"nlohmann-2.0.0","e213c56f29a06d286edb48c6db9a7f05cd573bb2","Box-glb","Box","glb","roundtrip","70","1070","1","5562.1","1664","1632","1","92E24B450EDF96029BFD157879B2E8D534DF9399E42C1E65980324EF585CF4C1","ok","42455040"
"nlohmann-2.0.0","e213c56f29a06d286edb48c6db9a7f05cd573bb2","Box-glb","Box","glb","load","71","1071","2","7189.8","1664","0","0","","ok","42364928"
"nlohmann-2.0.0","e213c56f29a06d286edb48c6db9a7f05cd573bb2","Avocado-glb","Avocado","glb","export","71","1071","2","45967.8","8110040","8110104","1","C813BA5B22D1EAAA78AECE97500EB82FD483EF1AFC4C3B5494F0C45F40C6B307","ok","42364928"
"nlohmann-2.0.0","e213c56f29a06d286edb48c6db9a7f05cd573bb2","Avocado-gltf","Avocado","gltf","export","71","1071","2","5461.9","8110895","8109904","5","577BE81BE38882B7629C0391DDA4BFB51ACEB236413AB39AE26F9467ED82C14A","ok","42364928"
"nlohmann-2.0.0","e213c56f29a06d286edb48c6db9a7f05cd573bb2","Avocado-glb","Avocado","glb","roundtrip","71","1071","2","145241.6","8110040","8110104","1","C813BA5B22D1EAAA78AECE97500EB82FD483EF1AFC4C3B5494F0C45F40C6B307","ok","42364928"
"nlohmann-2.0.0","e213c56f29a06d286edb48c6db9a7f05cd573bb2","Avocado-gltf","Avocado","gltf","roundtrip","71","1071","2","24940.1","8110895","8109904","5","577BE81BE38882B7629C0391DDA4BFB51ACEB236413AB39AE26F9467ED82C14A","ok","42364928"
"nlohmann-2.0.0","e213c56f29a06d286edb48c6db9a7f05cd573bb2","Box-glb","Box","glb","export","71","1071","2","606.7","1664","1632","1","92E24B450EDF96029BFD157879B2E8D534DF9399E42C1E65980324EF585CF4C1","ok","42364928"
"nlohmann-2.0.0","e213c56f29a06d286edb48c6db9a7f05cd573bb2","Box-glb","Box","glb","roundtrip","71","1071","2","5210.8","1664","1632","1","92E24B450EDF96029BFD157879B2E8D534DF9399E42C1E65980324EF585CF4C1","ok","42364928"
"nlohmann-2.0.0","e213c56f29a06d286edb48c6db9a7f05cd573bb2","Box-gltf","Box","gltf","load","71","1071","2","5068.3","3546","0","0","","ok","42364928"
"nlohmann-2.0.0","e213c56f29a06d286edb48c6db9a7f05cd573bb2","Box-gltf","Box","gltf","export","71","1071","2","739.5","3546","1618","2","3C980C11AF22743E70D6A34755F3856A488C494AF170A9B64090B03052649936","ok","42364928"
"nlohmann-2.0.0","e213c56f29a06d286edb48c6db9a7f05cd573bb2","Avocado-glb","Avocado","glb","load","71","1071","2","21978.2","8110040","0","0","","ok","42364928"
"nlohmann-2.0.0","e213c56f29a06d286edb48c6db9a7f05cd573bb2","Avocado-gltf","Avocado","gltf","load","71","1071","2","18271.7","8110895","0","0","","ok","42364928"
"nlohmann-2.0.0","e213c56f29a06d286edb48c6db9a7f05cd573bb2","Box-gltf","Box","gltf","roundtrip","71","1071","2","6012.2","3546","1618","2","3C980C11AF22743E70D6A34755F3856A488C494AF170A9B64090B03052649936","ok","42364928"
"nlohmann-2.0.0","e213c56f29a06d286edb48c6db9a7f05cd573bb2","Avocado-gltf","Avocado","gltf","export","72","1072","1","5188.6","8110895","8109904","5","577BE81BE38882B7629C0391DDA4BFB51ACEB236413AB39AE26F9467ED82C14A","ok","42405888"
"nlohmann-2.0.0","e213c56f29a06d286edb48c6db9a7f05cd573bb2","Box-gltf","Box","gltf","load","72","1072","1","6523.3","3546","0","0","","ok","42405888"
"nlohmann-2.0.0","e213c56f29a06d286edb48c6db9a7f05cd573bb2","Box-glb","Box","glb","roundtrip","72","1072","1","6988","1664","1632","1","92E24B450EDF96029BFD157879B2E8D534DF9399E42C1E65980324EF585CF4C1","ok","42405888"
"nlohmann-2.0.0","e213c56f29a06d286edb48c6db9a7f05cd573bb2","Box-glb","Box","glb","load","72","1072","1","5919.2","1664","0","0","","ok","42405888"
"nlohmann-2.0.0","e213c56f29a06d286edb48c6db9a7f05cd573bb2","Box-glb","Box","glb","export","72","1072","1","677.6","1664","1632","1","92E24B450EDF96029BFD157879B2E8D534DF9399E42C1E65980324EF585CF4C1","ok","42405888"
"nlohmann-2.0.0","e213c56f29a06d286edb48c6db9a7f05cd573bb2","Box-gltf","Box","gltf","roundtrip","72","1072","1","6199.9","3546","1618","2","3C980C11AF22743E70D6A34755F3856A488C494AF170A9B64090B03052649936","ok","42405888"
"nlohmann-2.0.0","e213c56f29a06d286edb48c6db9a7f05cd573bb2","Avocado-glb","Avocado","glb","roundtrip","72","1072","1","131258.4","8110040","8110104","1","C813BA5B22D1EAAA78AECE97500EB82FD483EF1AFC4C3B5494F0C45F40C6B307","ok","42405888"
"nlohmann-2.0.0","e213c56f29a06d286edb48c6db9a7f05cd573bb2","Avocado-glb","Avocado","glb","export","72","1072","1","48220.4","8110040","8110104","1","C813BA5B22D1EAAA78AECE97500EB82FD483EF1AFC4C3B5494F0C45F40C6B307","ok","42405888"
"nlohmann-2.0.0","e213c56f29a06d286edb48c6db9a7f05cd573bb2","Avocado-glb","Avocado","glb","load","72","1072","1","23068.8","8110040","0","0","","ok","42405888"
"nlohmann-2.0.0","e213c56f29a06d286edb48c6db9a7f05cd573bb2","Avocado-gltf","Avocado","gltf","load","72","1072","1","19622.5","8110895","0","0","","ok","42405888"
"nlohmann-2.0.0","e213c56f29a06d286edb48c6db9a7f05cd573bb2","Box-gltf","Box","gltf","export","72","1072","1","725.6","3546","1618","2","3C980C11AF22743E70D6A34755F3856A488C494AF170A9B64090B03052649936","ok","42405888"
"nlohmann-2.0.0","e213c56f29a06d286edb48c6db9a7f05cd573bb2","Avocado-gltf","Avocado","gltf","roundtrip","72","1072","1","21878.1","8110895","8109904","5","577BE81BE38882B7629C0391DDA4BFB51ACEB236413AB39AE26F9467ED82C14A","ok","42405888"
"nlohmann-2.0.0","e213c56f29a06d286edb48c6db9a7f05cd573bb2","Avocado-glb","Avocado","glb","export","73","1073","2","50398.6","8110040","8110104","1","C813BA5B22D1EAAA78AECE97500EB82FD483EF1AFC4C3B5494F0C45F40C6B307","ok","42463232"
"nlohmann-2.0.0","e213c56f29a06d286edb48c6db9a7f05cd573bb2","Box-glb","Box","glb","load","73","1073","2","4949.4","1664","0","0","","ok","42463232"
"nlohmann-2.0.0","e213c56f29a06d286edb48c6db9a7f05cd573bb2","Avocado-gltf","Avocado","gltf","load","73","1073","2","17678","8110895","0","0","","ok","42463232"
"nlohmann-2.0.0","e213c56f29a06d286edb48c6db9a7f05cd573bb2","Box-gltf","Box","gltf","load","73","1073","2","5219.3","3546","0","0","","ok","42463232"
"nlohmann-2.0.0","e213c56f29a06d286edb48c6db9a7f05cd573bb2","Box-glb","Box","glb","export","73","1073","2","756.9","1664","1632","1","92E24B450EDF96029BFD157879B2E8D534DF9399E42C1E65980324EF585CF4C1","ok","42463232"
"nlohmann-2.0.0","e213c56f29a06d286edb48c6db9a7f05cd573bb2","Box-gltf","Box","gltf","export","73","1073","2","1350.4","3546","1618","2","3C980C11AF22743E70D6A34755F3856A488C494AF170A9B64090B03052649936","ok","42463232"
"nlohmann-2.0.0","e213c56f29a06d286edb48c6db9a7f05cd573bb2","Avocado-gltf","Avocado","gltf","export","73","1073","2","57555.7","8110895","8109904","5","577BE81BE38882B7629C0391DDA4BFB51ACEB236413AB39AE26F9467ED82C14A","ok","42463232"
"nlohmann-2.0.0","e213c56f29a06d286edb48c6db9a7f05cd573bb2","Avocado-glb","Avocado","glb","load","73","1073","2","28835.4","8110040","0","0","","ok","42463232"
"nlohmann-2.0.0","e213c56f29a06d286edb48c6db9a7f05cd573bb2","Box-glb","Box","glb","roundtrip","73","1073","2","6293.8","1664","1632","1","92E24B450EDF96029BFD157879B2E8D534DF9399E42C1E65980324EF585CF4C1","ok","42463232"
"nlohmann-2.0.0","e213c56f29a06d286edb48c6db9a7f05cd573bb2","Avocado-glb","Avocado","glb","roundtrip","73","1073","2","67922.9","8110040","8110104","1","C813BA5B22D1EAAA78AECE97500EB82FD483EF1AFC4C3B5494F0C45F40C6B307","ok","42463232"
"nlohmann-2.0.0","e213c56f29a06d286edb48c6db9a7f05cd573bb2","Avocado-gltf","Avocado","gltf","roundtrip","73","1073","2","22435.1","8110895","8109904","5","577BE81BE38882B7629C0391DDA4BFB51ACEB236413AB39AE26F9467ED82C14A","ok","42463232"
"nlohmann-2.0.0","e213c56f29a06d286edb48c6db9a7f05cd573bb2","Box-gltf","Box","gltf","roundtrip","73","1073","2","5669.4","3546","1618","2","3C980C11AF22743E70D6A34755F3856A488C494AF170A9B64090B03052649936","ok","42463232"
"nlohmann-2.0.0","e213c56f29a06d286edb48c6db9a7f05cd573bb2","Avocado-gltf","Avocado","gltf","roundtrip","74","1074","1","24803.4","8110895","8109904","5","577BE81BE38882B7629C0391DDA4BFB51ACEB236413AB39AE26F9467ED82C14A","ok","42414080"
"nlohmann-2.0.0","e213c56f29a06d286edb48c6db9a7f05cd573bb2","Box-gltf","Box","gltf","export","74","1074","1","939.6","3546","1618","2","3C980C11AF22743E70D6A34755F3856A488C494AF170A9B64090B03052649936","ok","42414080"
"nlohmann-2.0.0","e213c56f29a06d286edb48c6db9a7f05cd573bb2","Avocado-glb","Avocado","glb","roundtrip","74","1074","1","181304.6","8110040","8110104","1","C813BA5B22D1EAAA78AECE97500EB82FD483EF1AFC4C3B5494F0C45F40C6B307","ok","42414080"
"nlohmann-2.0.0","e213c56f29a06d286edb48c6db9a7f05cd573bb2","Box-glb","Box","glb","export","74","1074","1","641.8","1664","1632","1","92E24B450EDF96029BFD157879B2E8D534DF9399E42C1E65980324EF585CF4C1","ok","42414080"
"nlohmann-2.0.0","e213c56f29a06d286edb48c6db9a7f05cd573bb2","Box-glb","Box","glb","roundtrip","74","1074","1","5517.8","1664","1632","1","92E24B450EDF96029BFD157879B2E8D534DF9399E42C1E65980324EF585CF4C1","ok","42414080"
"nlohmann-2.0.0","e213c56f29a06d286edb48c6db9a7f05cd573bb2","Avocado-glb","Avocado","glb","export","74","1074","1","52880.3","8110040","8110104","1","C813BA5B22D1EAAA78AECE97500EB82FD483EF1AFC4C3B5494F0C45F40C6B307","ok","42414080"
"nlohmann-2.0.0","e213c56f29a06d286edb48c6db9a7f05cd573bb2","Avocado-gltf","Avocado","gltf","export","74","1074","1","4871.1","8110895","8109904","5","577BE81BE38882B7629C0391DDA4BFB51ACEB236413AB39AE26F9467ED82C14A","ok","42414080"
"nlohmann-2.0.0","e213c56f29a06d286edb48c6db9a7f05cd573bb2","Box-gltf","Box","gltf","roundtrip","74","1074","1","6025.6","3546","1618","2","3C980C11AF22743E70D6A34755F3856A488C494AF170A9B64090B03052649936","ok","42414080"
"nlohmann-2.0.0","e213c56f29a06d286edb48c6db9a7f05cd573bb2","Avocado-gltf","Avocado","gltf","load","74","1074","1","16912.9","8110895","0","0","","ok","42414080"
"nlohmann-2.0.0","e213c56f29a06d286edb48c6db9a7f05cd573bb2","Box-glb","Box","glb","load","74","1074","1","4733.1","1664","0","0","","ok","42414080"
"nlohmann-2.0.0","e213c56f29a06d286edb48c6db9a7f05cd573bb2","Box-gltf","Box","gltf","load","74","1074","1","5127.3","3546","0","0","","ok","42414080"
"nlohmann-2.0.0","e213c56f29a06d286edb48c6db9a7f05cd573bb2","Avocado-glb","Avocado","glb","load","74","1074","1","21551.2","8110040","0","0","","ok","42414080"
"nlohmann-2.0.0","e213c56f29a06d286edb48c6db9a7f05cd573bb2","Avocado-gltf","Avocado","gltf","roundtrip","75","1075","2","22819.2","8110895","8109904","5","577BE81BE38882B7629C0391DDA4BFB51ACEB236413AB39AE26F9467ED82C14A","ok","42389504"
"nlohmann-2.0.0","e213c56f29a06d286edb48c6db9a7f05cd573bb2","Box-glb","Box","glb","roundtrip","75","1075","2","6650.3","1664","1632","1","92E24B450EDF96029BFD157879B2E8D534DF9399E42C1E65980324EF585CF4C1","ok","42389504"
"nlohmann-2.0.0","e213c56f29a06d286edb48c6db9a7f05cd573bb2","Box-gltf","Box","gltf","export","75","1075","2","1075.1","3546","1618","2","3C980C11AF22743E70D6A34755F3856A488C494AF170A9B64090B03052649936","ok","42389504"
"nlohmann-2.0.0","e213c56f29a06d286edb48c6db9a7f05cd573bb2","Avocado-gltf","Avocado","gltf","load","75","1075","2","73289.5","8110895","0","0","","ok","42389504"
"nlohmann-2.0.0","e213c56f29a06d286edb48c6db9a7f05cd573bb2","Box-gltf","Box","gltf","roundtrip","75","1075","2","7630.4","3546","1618","2","3C980C11AF22743E70D6A34755F3856A488C494AF170A9B64090B03052649936","ok","42389504"
"nlohmann-2.0.0","e213c56f29a06d286edb48c6db9a7f05cd573bb2","Avocado-gltf","Avocado","gltf","export","75","1075","2","5891.9","8110895","8109904","5","577BE81BE38882B7629C0391DDA4BFB51ACEB236413AB39AE26F9467ED82C14A","ok","42389504"
"nlohmann-2.0.0","e213c56f29a06d286edb48c6db9a7f05cd573bb2","Box-glb","Box","glb","load","75","1075","2","73066.2","1664","0","0","","ok","42389504"
"nlohmann-2.0.0","e213c56f29a06d286edb48c6db9a7f05cd573bb2","Avocado-glb","Avocado","glb","roundtrip","75","1075","2","67759.9","8110040","8110104","1","C813BA5B22D1EAAA78AECE97500EB82FD483EF1AFC4C3B5494F0C45F40C6B307","ok","42389504"
"nlohmann-2.0.0","e213c56f29a06d286edb48c6db9a7f05cd573bb2","Avocado-glb","Avocado","glb","export","75","1075","2","45873.8","8110040","8110104","1","C813BA5B22D1EAAA78AECE97500EB82FD483EF1AFC4C3B5494F0C45F40C6B307","ok","42389504"
"nlohmann-2.0.0","e213c56f29a06d286edb48c6db9a7f05cd573bb2","Box-gltf","Box","gltf","load","75","1075","2","5245.3","3546","0","0","","ok","42389504"
"nlohmann-2.0.0","e213c56f29a06d286edb48c6db9a7f05cd573bb2","Box-glb","Box","glb","export","75","1075","2","636.9","1664","1632","1","92E24B450EDF96029BFD157879B2E8D534DF9399E42C1E65980324EF585CF4C1","ok","42389504"
"nlohmann-2.0.0","e213c56f29a06d286edb48c6db9a7f05cd573bb2","Avocado-glb","Avocado","glb","load","75","1075","2","21856.1","8110040","0","0","","ok","42389504"
"nlohmann-2.0.0","e213c56f29a06d286edb48c6db9a7f05cd573bb2","Box-gltf","Box","gltf","export","76","1076","1","1044.8","3546","1618","2","3C980C11AF22743E70D6A34755F3856A488C494AF170A9B64090B03052649936","ok","42467328"
"nlohmann-2.0.0","e213c56f29a06d286edb48c6db9a7f05cd573bb2","Box-glb","Box","glb","roundtrip","76","1076","1","5370.8","1664","1632","1","92E24B450EDF96029BFD157879B2E8D534DF9399E42C1E65980324EF585CF4C1","ok","42467328"
"nlohmann-2.0.0","e213c56f29a06d286edb48c6db9a7f05cd573bb2","Avocado-glb","Avocado","glb","roundtrip","76","1076","1","71090.2","8110040","8110104","1","C813BA5B22D1EAAA78AECE97500EB82FD483EF1AFC4C3B5494F0C45F40C6B307","ok","42467328"
"nlohmann-2.0.0","e213c56f29a06d286edb48c6db9a7f05cd573bb2","Box-gltf","Box","gltf","load","76","1076","1","5193.9","3546","0","0","","ok","42467328"
"nlohmann-2.0.0","e213c56f29a06d286edb48c6db9a7f05cd573bb2","Box-gltf","Box","gltf","roundtrip","76","1076","1","6034.9","3546","1618","2","3C980C11AF22743E70D6A34755F3856A488C494AF170A9B64090B03052649936","ok","42467328"
"nlohmann-2.0.0","e213c56f29a06d286edb48c6db9a7f05cd573bb2","Avocado-gltf","Avocado","gltf","roundtrip","76","1076","1","22642","8110895","8109904","5","577BE81BE38882B7629C0391DDA4BFB51ACEB236413AB39AE26F9467ED82C14A","ok","42467328"
"nlohmann-2.0.0","e213c56f29a06d286edb48c6db9a7f05cd573bb2","Avocado-glb","Avocado","glb","export","76","1076","1","118741","8110040","8110104","1","C813BA5B22D1EAAA78AECE97500EB82FD483EF1AFC4C3B5494F0C45F40C6B307","ok","42467328"
"nlohmann-2.0.0","e213c56f29a06d286edb48c6db9a7f05cd573bb2","Avocado-gltf","Avocado","gltf","export","76","1076","1","4405.2","8110895","8109904","5","577BE81BE38882B7629C0391DDA4BFB51ACEB236413AB39AE26F9467ED82C14A","ok","42467328"
"nlohmann-2.0.0","e213c56f29a06d286edb48c6db9a7f05cd573bb2","Box-glb","Box","glb","load","76","1076","1","4853","1664","0","0","","ok","42467328"
"nlohmann-2.0.0","e213c56f29a06d286edb48c6db9a7f05cd573bb2","Avocado-glb","Avocado","glb","load","76","1076","1","21487.7","8110040","0","0","","ok","42467328"
"nlohmann-2.0.0","e213c56f29a06d286edb48c6db9a7f05cd573bb2","Avocado-gltf","Avocado","gltf","load","76","1076","1","16900.9","8110895","0","0","","ok","42467328"
"nlohmann-2.0.0","e213c56f29a06d286edb48c6db9a7f05cd573bb2","Box-glb","Box","glb","export","76","1076","1","640.9","1664","1632","1","92E24B450EDF96029BFD157879B2E8D534DF9399E42C1E65980324EF585CF4C1","ok","42467328"
"nlohmann-2.0.0","e213c56f29a06d286edb48c6db9a7f05cd573bb2","Avocado-glb","Avocado","glb","roundtrip","77","1077","2","72461.1","8110040","8110104","1","C813BA5B22D1EAAA78AECE97500EB82FD483EF1AFC4C3B5494F0C45F40C6B307","ok","38440960"
"nlohmann-2.0.0","e213c56f29a06d286edb48c6db9a7f05cd573bb2","Avocado-glb","Avocado","glb","export","77","1077","2","45976","8110040","8110104","1","C813BA5B22D1EAAA78AECE97500EB82FD483EF1AFC4C3B5494F0C45F40C6B307","ok","38440960"
"nlohmann-2.0.0","e213c56f29a06d286edb48c6db9a7f05cd573bb2","Box-glb","Box","glb","roundtrip","77","1077","2","5631.5","1664","1632","1","92E24B450EDF96029BFD157879B2E8D534DF9399E42C1E65980324EF585CF4C1","ok","38440960"
"nlohmann-2.0.0","e213c56f29a06d286edb48c6db9a7f05cd573bb2","Box-gltf","Box","gltf","roundtrip","77","1077","2","6576.1","3546","1618","2","3C980C11AF22743E70D6A34755F3856A488C494AF170A9B64090B03052649936","ok","38440960"
"nlohmann-2.0.0","e213c56f29a06d286edb48c6db9a7f05cd573bb2","Box-glb","Box","glb","load","77","1077","2","4734.8","1664","0","0","","ok","38440960"
"nlohmann-2.0.0","e213c56f29a06d286edb48c6db9a7f05cd573bb2","Avocado-gltf","Avocado","gltf","export","77","1077","2","4689.1","8110895","8109904","5","577BE81BE38882B7629C0391DDA4BFB51ACEB236413AB39AE26F9467ED82C14A","ok","38440960"
"nlohmann-2.0.0","e213c56f29a06d286edb48c6db9a7f05cd573bb2","Box-glb","Box","glb","export","77","1077","2","641.6","1664","1632","1","92E24B450EDF96029BFD157879B2E8D534DF9399E42C1E65980324EF585CF4C1","ok","38440960"
"nlohmann-2.0.0","e213c56f29a06d286edb48c6db9a7f05cd573bb2","Avocado-glb","Avocado","glb","load","77","1077","2","76760.5","8110040","0","0","","ok","38440960"
"nlohmann-2.0.0","e213c56f29a06d286edb48c6db9a7f05cd573bb2","Avocado-gltf","Avocado","gltf","load","77","1077","2","20843.4","8110895","0","0","","ok","38440960"
"nlohmann-2.0.0","e213c56f29a06d286edb48c6db9a7f05cd573bb2","Box-gltf","Box","gltf","export","77","1077","2","892.3","3546","1618","2","3C980C11AF22743E70D6A34755F3856A488C494AF170A9B64090B03052649936","ok","38440960"
"nlohmann-2.0.0","e213c56f29a06d286edb48c6db9a7f05cd573bb2","Box-gltf","Box","gltf","load","77","1077","2","6233.3","3546","0","0","","ok","38440960"
"nlohmann-2.0.0","e213c56f29a06d286edb48c6db9a7f05cd573bb2","Avocado-gltf","Avocado","gltf","roundtrip","77","1077","2","73160.5","8110895","8109904","5","577BE81BE38882B7629C0391DDA4BFB51ACEB236413AB39AE26F9467ED82C14A","ok","38440960"
"nlohmann-2.0.0","e213c56f29a06d286edb48c6db9a7f05cd573bb2","Avocado-gltf","Avocado","gltf","load","78","1078","1","20803","8110895","0","0","","ok","42409984"
"nlohmann-2.0.0","e213c56f29a06d286edb48c6db9a7f05cd573bb2","Box-glb","Box","glb","export","78","1078","1","709.5","1664","1632","1","92E24B450EDF96029BFD157879B2E8D534DF9399E42C1E65980324EF585CF4C1","ok","42409984"
"nlohmann-2.0.0","e213c56f29a06d286edb48c6db9a7f05cd573bb2","Avocado-glb","Avocado","glb","load","78","1078","1","25737.9","8110040","0","0","","ok","42409984"
"nlohmann-2.0.0","e213c56f29a06d286edb48c6db9a7f05cd573bb2","Box-glb","Box","glb","load","78","1078","1","5898.2","1664","0","0","","ok","42409984"
"nlohmann-2.0.0","e213c56f29a06d286edb48c6db9a7f05cd573bb2","Avocado-gltf","Avocado","gltf","roundtrip","78","1078","1","73773.1","8110895","8109904","5","577BE81BE38882B7629C0391DDA4BFB51ACEB236413AB39AE26F9467ED82C14A","ok","42409984"
"nlohmann-2.0.0","e213c56f29a06d286edb48c6db9a7f05cd573bb2","Box-gltf","Box","gltf","load","78","1078","1","10042.8","3546","0","0","","ok","42409984"
"nlohmann-2.0.0","e213c56f29a06d286edb48c6db9a7f05cd573bb2","Box-glb","Box","glb","roundtrip","78","1078","1","6396.6","1664","1632","1","92E24B450EDF96029BFD157879B2E8D534DF9399E42C1E65980324EF585CF4C1","ok","42409984"
"nlohmann-2.0.0","e213c56f29a06d286edb48c6db9a7f05cd573bb2","Box-gltf","Box","gltf","roundtrip","78","1078","1","59392.7","3546","1618","2","3C980C11AF22743E70D6A34755F3856A488C494AF170A9B64090B03052649936","ok","42409984"
"nlohmann-2.0.0","e213c56f29a06d286edb48c6db9a7f05cd573bb2","Avocado-glb","Avocado","glb","roundtrip","78","1078","1","70132.8","8110040","8110104","1","C813BA5B22D1EAAA78AECE97500EB82FD483EF1AFC4C3B5494F0C45F40C6B307","ok","42409984"
"nlohmann-2.0.0","e213c56f29a06d286edb48c6db9a7f05cd573bb2","Avocado-gltf","Avocado","gltf","export","78","1078","1","5374.3","8110895","8109904","5","577BE81BE38882B7629C0391DDA4BFB51ACEB236413AB39AE26F9467ED82C14A","ok","42409984"
"nlohmann-2.0.0","e213c56f29a06d286edb48c6db9a7f05cd573bb2","Avocado-glb","Avocado","glb","export","78","1078","1","46934.9","8110040","8110104","1","C813BA5B22D1EAAA78AECE97500EB82FD483EF1AFC4C3B5494F0C45F40C6B307","ok","42409984"
"nlohmann-2.0.0","e213c56f29a06d286edb48c6db9a7f05cd573bb2","Box-gltf","Box","gltf","export","78","1078","1","782.2","3546","1618","2","3C980C11AF22743E70D6A34755F3856A488C494AF170A9B64090B03052649936","ok","42409984"
"nlohmann-2.0.0","e213c56f29a06d286edb48c6db9a7f05cd573bb2","Avocado-glb","Avocado","glb","roundtrip","79","1079","2","69233.4","8110040","8110104","1","C813BA5B22D1EAAA78AECE97500EB82FD483EF1AFC4C3B5494F0C45F40C6B307","ok","42385408"
"nlohmann-2.0.0","e213c56f29a06d286edb48c6db9a7f05cd573bb2","Avocado-glb","Avocado","glb","load","79","1079","2","21944","8110040","0","0","","ok","42385408"
"nlohmann-2.0.0","e213c56f29a06d286edb48c6db9a7f05cd573bb2","Avocado-gltf","Avocado","gltf","load","79","1079","2","21813.6","8110895","0","0","","ok","42385408"
"nlohmann-2.0.0","e213c56f29a06d286edb48c6db9a7f05cd573bb2","Box-glb","Box","glb","roundtrip","79","1079","2","7317.4","1664","1632","1","92E24B450EDF96029BFD157879B2E8D534DF9399E42C1E65980324EF585CF4C1","ok","42385408"
"nlohmann-2.0.0","e213c56f29a06d286edb48c6db9a7f05cd573bb2","Box-glb","Box","glb","export","79","1079","2","736","1664","1632","1","92E24B450EDF96029BFD157879B2E8D534DF9399E42C1E65980324EF585CF4C1","ok","42385408"
"nlohmann-2.0.0","e213c56f29a06d286edb48c6db9a7f05cd573bb2","Avocado-glb","Avocado","glb","export","79","1079","2","109598.9","8110040","8110104","1","C813BA5B22D1EAAA78AECE97500EB82FD483EF1AFC4C3B5494F0C45F40C6B307","ok","42385408"
"nlohmann-2.0.0","e213c56f29a06d286edb48c6db9a7f05cd573bb2","Box-glb","Box","glb","load","79","1079","2","4931","1664","0","0","","ok","42385408"
"nlohmann-2.0.0","e213c56f29a06d286edb48c6db9a7f05cd573bb2","Avocado-gltf","Avocado","gltf","export","79","1079","2","4460.8","8110895","8109904","5","577BE81BE38882B7629C0391DDA4BFB51ACEB236413AB39AE26F9467ED82C14A","ok","42385408"
"nlohmann-2.0.0","e213c56f29a06d286edb48c6db9a7f05cd573bb2","Box-gltf","Box","gltf","export","79","1079","2","851.6","3546","1618","2","3C980C11AF22743E70D6A34755F3856A488C494AF170A9B64090B03052649936","ok","42385408"
"nlohmann-2.0.0","e213c56f29a06d286edb48c6db9a7f05cd573bb2","Box-gltf","Box","gltf","roundtrip","79","1079","2","5817.3","3546","1618","2","3C980C11AF22743E70D6A34755F3856A488C494AF170A9B64090B03052649936","ok","42385408"
"nlohmann-2.0.0","e213c56f29a06d286edb48c6db9a7f05cd573bb2","Avocado-gltf","Avocado","gltf","roundtrip","79","1079","2","21974.1","8110895","8109904","5","577BE81BE38882B7629C0391DDA4BFB51ACEB236413AB39AE26F9467ED82C14A","ok","42385408"
"nlohmann-2.0.0","e213c56f29a06d286edb48c6db9a7f05cd573bb2","Box-gltf","Box","gltf","load","79","1079","2","5194.6","3546","0","0","","ok","42385408"
"nlohmann-2.0.0","e213c56f29a06d286edb48c6db9a7f05cd573bb2","Avocado-gltf","Avocado","gltf","roundtrip","80","1080","1","23876.2","8110895","8109904","5","577BE81BE38882B7629C0391DDA4BFB51ACEB236413AB39AE26F9467ED82C14A","ok","42418176"
"nlohmann-2.0.0","e213c56f29a06d286edb48c6db9a7f05cd573bb2","Box-gltf","Box","gltf","roundtrip","80","1080","1","6936.1","3546","1618","2","3C980C11AF22743E70D6A34755F3856A488C494AF170A9B64090B03052649936","ok","42418176"
"nlohmann-2.0.0","e213c56f29a06d286edb48c6db9a7f05cd573bb2","Box-glb","Box","glb","export","80","1080","1","639","1664","1632","1","92E24B450EDF96029BFD157879B2E8D534DF9399E42C1E65980324EF585CF4C1","ok","42418176"
"nlohmann-2.0.0","e213c56f29a06d286edb48c6db9a7f05cd573bb2","Box-gltf","Box","gltf","export","80","1080","1","978.6","3546","1618","2","3C980C11AF22743E70D6A34755F3856A488C494AF170A9B64090B03052649936","ok","42418176"
"nlohmann-2.0.0","e213c56f29a06d286edb48c6db9a7f05cd573bb2","Avocado-gltf","Avocado","gltf","load","80","1080","1","19961.9","8110895","0","0","","ok","42418176"
"nlohmann-2.0.0","e213c56f29a06d286edb48c6db9a7f05cd573bb2","Box-gltf","Box","gltf","load","80","1080","1","6038.5","3546","0","0","","ok","42418176"
"nlohmann-2.0.0","e213c56f29a06d286edb48c6db9a7f05cd573bb2","Box-glb","Box","glb","load","80","1080","1","5584.5","1664","0","0","","ok","42418176"
"nlohmann-2.0.0","e213c56f29a06d286edb48c6db9a7f05cd573bb2","Avocado-gltf","Avocado","gltf","export","80","1080","1","4705.6","8110895","8109904","5","577BE81BE38882B7629C0391DDA4BFB51ACEB236413AB39AE26F9467ED82C14A","ok","42418176"
"nlohmann-2.0.0","e213c56f29a06d286edb48c6db9a7f05cd573bb2","Avocado-glb","Avocado","glb","roundtrip","80","1080","1","74634.5","8110040","8110104","1","C813BA5B22D1EAAA78AECE97500EB82FD483EF1AFC4C3B5494F0C45F40C6B307","ok","42418176"
"nlohmann-2.0.0","e213c56f29a06d286edb48c6db9a7f05cd573bb2","Avocado-glb","Avocado","glb","load","80","1080","1","22120.6","8110040","0","0","","ok","42418176"
"nlohmann-2.0.0","e213c56f29a06d286edb48c6db9a7f05cd573bb2","Avocado-glb","Avocado","glb","export","80","1080","1","48949.1","8110040","8110104","1","C813BA5B22D1EAAA78AECE97500EB82FD483EF1AFC4C3B5494F0C45F40C6B307","ok","42418176"
"nlohmann-2.0.0","e213c56f29a06d286edb48c6db9a7f05cd573bb2","Box-glb","Box","glb","roundtrip","80","1080","1","5524.2","1664","1632","1","92E24B450EDF96029BFD157879B2E8D534DF9399E42C1E65980324EF585CF4C1","ok","42418176"
"nlohmann-2.0.0","e213c56f29a06d286edb48c6db9a7f05cd573bb2","Avocado-glb","Avocado","glb","roundtrip","81","1081","2","69150.4","8110040","8110104","1","C813BA5B22D1EAAA78AECE97500EB82FD483EF1AFC4C3B5494F0C45F40C6B307","ok","42364928"
"nlohmann-2.0.0","e213c56f29a06d286edb48c6db9a7f05cd573bb2","Box-glb","Box","glb","load","81","1081","2","5053.8","1664","0","0","","ok","42364928"
"nlohmann-2.0.0","e213c56f29a06d286edb48c6db9a7f05cd573bb2","Avocado-gltf","Avocado","gltf","load","81","1081","2","17938.5","8110895","0","0","","ok","42364928"
"nlohmann-2.0.0","e213c56f29a06d286edb48c6db9a7f05cd573bb2","Box-glb","Box","glb","roundtrip","81","1081","2","5820.8","1664","1632","1","92E24B450EDF96029BFD157879B2E8D534DF9399E42C1E65980324EF585CF4C1","ok","42364928"
"nlohmann-2.0.0","e213c56f29a06d286edb48c6db9a7f05cd573bb2","Box-gltf","Box","gltf","roundtrip","81","1081","2","6977.8","3546","1618","2","3C980C11AF22743E70D6A34755F3856A488C494AF170A9B64090B03052649936","ok","42364928"
"nlohmann-2.0.0","e213c56f29a06d286edb48c6db9a7f05cd573bb2","Avocado-glb","Avocado","glb","export","81","1081","2","108124.4","8110040","8110104","1","C813BA5B22D1EAAA78AECE97500EB82FD483EF1AFC4C3B5494F0C45F40C6B307","ok","42364928"
"nlohmann-2.0.0","e213c56f29a06d286edb48c6db9a7f05cd573bb2","Avocado-gltf","Avocado","gltf","roundtrip","81","1081","2","21850.1","8110895","8109904","5","577BE81BE38882B7629C0391DDA4BFB51ACEB236413AB39AE26F9467ED82C14A","ok","42364928"
"nlohmann-2.0.0","e213c56f29a06d286edb48c6db9a7f05cd573bb2","Box-gltf","Box","gltf","export","81","1081","2","839.9","3546","1618","2","3C980C11AF22743E70D6A34755F3856A488C494AF170A9B64090B03052649936","ok","42364928"
"nlohmann-2.0.0","e213c56f29a06d286edb48c6db9a7f05cd573bb2","Box-glb","Box","glb","export","81","1081","2","631.8","1664","1632","1","92E24B450EDF96029BFD157879B2E8D534DF9399E42C1E65980324EF585CF4C1","ok","42364928"
"nlohmann-2.0.0","e213c56f29a06d286edb48c6db9a7f05cd573bb2","Avocado-gltf","Avocado","gltf","export","81","1081","2","4655.5","8110895","8109904","5","577BE81BE38882B7629C0391DDA4BFB51ACEB236413AB39AE26F9467ED82C14A","ok","42364928"
"nlohmann-2.0.0","e213c56f29a06d286edb48c6db9a7f05cd573bb2","Box-gltf","Box","gltf","load","81","1081","2","5125.5","3546","0","0","","ok","42364928"
"nlohmann-2.0.0","e213c56f29a06d286edb48c6db9a7f05cd573bb2","Avocado-glb","Avocado","glb","load","81","1081","2","22110.4","8110040","0","0","","ok","42364928"
"nlohmann-2.0.0","e213c56f29a06d286edb48c6db9a7f05cd573bb2","Box-gltf","Box","gltf","load","82","1082","1","6665.2","3546","0","0","","ok","38555648"
"nlohmann-2.0.0","e213c56f29a06d286edb48c6db9a7f05cd573bb2","Avocado-glb","Avocado","glb","export","82","1082","1","47296.4","8110040","8110104","1","C813BA5B22D1EAAA78AECE97500EB82FD483EF1AFC4C3B5494F0C45F40C6B307","ok","38555648"
"nlohmann-2.0.0","e213c56f29a06d286edb48c6db9a7f05cd573bb2","Box-glb","Box","glb","export","82","1082","1","602.5","1664","1632","1","92E24B450EDF96029BFD157879B2E8D534DF9399E42C1E65980324EF585CF4C1","ok","38555648"
"nlohmann-2.0.0","e213c56f29a06d286edb48c6db9a7f05cd573bb2","Box-glb","Box","glb","load","82","1082","1","4803","1664","0","0","","ok","38555648"
"nlohmann-2.0.0","e213c56f29a06d286edb48c6db9a7f05cd573bb2","Box-gltf","Box","gltf","roundtrip","82","1082","1","5802.5","3546","1618","2","3C980C11AF22743E70D6A34755F3856A488C494AF170A9B64090B03052649936","ok","38555648"
"nlohmann-2.0.0","e213c56f29a06d286edb48c6db9a7f05cd573bb2","Box-glb","Box","glb","roundtrip","82","1082","1","5339.8","1664","1632","1","92E24B450EDF96029BFD157879B2E8D534DF9399E42C1E65980324EF585CF4C1","ok","38555648"
"nlohmann-2.0.0","e213c56f29a06d286edb48c6db9a7f05cd573bb2","Avocado-glb","Avocado","glb","roundtrip","82","1082","1","69182","8110040","8110104","1","C813BA5B22D1EAAA78AECE97500EB82FD483EF1AFC4C3B5494F0C45F40C6B307","ok","38555648"
"nlohmann-2.0.0","e213c56f29a06d286edb48c6db9a7f05cd573bb2","Avocado-gltf","Avocado","gltf","load","82","1082","1","17905.8","8110895","0","0","","ok","38555648"
"nlohmann-2.0.0","e213c56f29a06d286edb48c6db9a7f05cd573bb2","Avocado-glb","Avocado","glb","load","82","1082","1","26208","8110040","0","0","","ok","38555648"
"nlohmann-2.0.0","e213c56f29a06d286edb48c6db9a7f05cd573bb2","Avocado-gltf","Avocado","gltf","export","82","1082","1","6580.7","8110895","8109904","5","577BE81BE38882B7629C0391DDA4BFB51ACEB236413AB39AE26F9467ED82C14A","ok","38555648"
"nlohmann-2.0.0","e213c56f29a06d286edb48c6db9a7f05cd573bb2","Avocado-gltf","Avocado","gltf","roundtrip","82","1082","1","29859.9","8110895","8109904","5","577BE81BE38882B7629C0391DDA4BFB51ACEB236413AB39AE26F9467ED82C14A","ok","38555648"
"nlohmann-2.0.0","e213c56f29a06d286edb48c6db9a7f05cd573bb2","Box-gltf","Box","gltf","export","82","1082","1","805","3546","1618","2","3C980C11AF22743E70D6A34755F3856A488C494AF170A9B64090B03052649936","ok","38555648"
"nlohmann-2.0.0","e213c56f29a06d286edb48c6db9a7f05cd573bb2","Avocado-glb","Avocado","glb","export","83","1083","2","49133.4","8110040","8110104","1","C813BA5B22D1EAAA78AECE97500EB82FD483EF1AFC4C3B5494F0C45F40C6B307","ok","38514688"
"nlohmann-2.0.0","e213c56f29a06d286edb48c6db9a7f05cd573bb2","Box-gltf","Box","gltf","roundtrip","83","1083","2","5817.2","3546","1618","2","3C980C11AF22743E70D6A34755F3856A488C494AF170A9B64090B03052649936","ok","38514688"
"nlohmann-2.0.0","e213c56f29a06d286edb48c6db9a7f05cd573bb2","Box-gltf","Box","gltf","export","83","1083","2","776.8","3546","1618","2","3C980C11AF22743E70D6A34755F3856A488C494AF170A9B64090B03052649936","ok","38514688"
"nlohmann-2.0.0","e213c56f29a06d286edb48c6db9a7f05cd573bb2","Avocado-glb","Avocado","glb","load","83","1083","2","21861.2","8110040","0","0","","ok","38514688"
"nlohmann-2.0.0","e213c56f29a06d286edb48c6db9a7f05cd573bb2","Box-glb","Box","glb","load","83","1083","2","5048.1","1664","0","0","","ok","38514688"
"nlohmann-2.0.0","e213c56f29a06d286edb48c6db9a7f05cd573bb2","Box-glb","Box","glb","roundtrip","83","1083","2","8822.1","1664","1632","1","92E24B450EDF96029BFD157879B2E8D534DF9399E42C1E65980324EF585CF4C1","ok","38514688"
"nlohmann-2.0.0","e213c56f29a06d286edb48c6db9a7f05cd573bb2","Avocado-glb","Avocado","glb","roundtrip","83","1083","2","73949.6","8110040","8110104","1","C813BA5B22D1EAAA78AECE97500EB82FD483EF1AFC4C3B5494F0C45F40C6B307","ok","38514688"
"nlohmann-2.0.0","e213c56f29a06d286edb48c6db9a7f05cd573bb2","Box-glb","Box","glb","export","83","1083","2","607.7","1664","1632","1","92E24B450EDF96029BFD157879B2E8D534DF9399E42C1E65980324EF585CF4C1","ok","38514688"
"nlohmann-2.0.0","e213c56f29a06d286edb48c6db9a7f05cd573bb2","Avocado-gltf","Avocado","gltf","export","83","1083","2","5046.1","8110895","8109904","5","577BE81BE38882B7629C0391DDA4BFB51ACEB236413AB39AE26F9467ED82C14A","ok","38514688"
"nlohmann-2.0.0","e213c56f29a06d286edb48c6db9a7f05cd573bb2","Avocado-gltf","Avocado","gltf","roundtrip","83","1083","2","25333.9","8110895","8109904","5","577BE81BE38882B7629C0391DDA4BFB51ACEB236413AB39AE26F9467ED82C14A","ok","38514688"
"nlohmann-2.0.0","e213c56f29a06d286edb48c6db9a7f05cd573bb2","Avocado-gltf","Avocado","gltf","load","83","1083","2","19607.5","8110895","0","0","","ok","38514688"
"nlohmann-2.0.0","e213c56f29a06d286edb48c6db9a7f05cd573bb2","Box-gltf","Box","gltf","load","83","1083","2","6037.7","3546","0","0","","ok","38514688"
"nlohmann-2.0.0","e213c56f29a06d286edb48c6db9a7f05cd573bb2","Avocado-glb","Avocado","glb","load","84","1084","1","22680.6","8110040","0","0","","ok","42393600"
"nlohmann-2.0.0","e213c56f29a06d286edb48c6db9a7f05cd573bb2","Avocado-gltf","Avocado","gltf","export","84","1084","1","5181.2","8110895","8109904","5","577BE81BE38882B7629C0391DDA4BFB51ACEB236413AB39AE26F9467ED82C14A","ok","42393600"
"nlohmann-2.0.0","e213c56f29a06d286edb48c6db9a7f05cd573bb2","Box-gltf","Box","gltf","roundtrip","84","1084","1","7703.5","3546","1618","2","3C980C11AF22743E70D6A34755F3856A488C494AF170A9B64090B03052649936","ok","42393600"
"nlohmann-2.0.0","e213c56f29a06d286edb48c6db9a7f05cd573bb2","Avocado-glb","Avocado","glb","roundtrip","84","1084","1","181973.9","8110040","8110104","1","C813BA5B22D1EAAA78AECE97500EB82FD483EF1AFC4C3B5494F0C45F40C6B307","ok","42393600"
"nlohmann-2.0.0","e213c56f29a06d286edb48c6db9a7f05cd573bb2","Box-glb","Box","glb","export","84","1084","1","639.5","1664","1632","1","92E24B450EDF96029BFD157879B2E8D534DF9399E42C1E65980324EF585CF4C1","ok","42393600"
"nlohmann-2.0.0","e213c56f29a06d286edb48c6db9a7f05cd573bb2","Box-glb","Box","glb","load","84","1084","1","4938.4","1664","0","0","","ok","42393600"
"nlohmann-2.0.0","e213c56f29a06d286edb48c6db9a7f05cd573bb2","Box-glb","Box","glb","roundtrip","84","1084","1","5655.9","1664","1632","1","92E24B450EDF96029BFD157879B2E8D534DF9399E42C1E65980324EF585CF4C1","ok","42393600"
"nlohmann-2.0.0","e213c56f29a06d286edb48c6db9a7f05cd573bb2","Avocado-gltf","Avocado","gltf","load","84","1084","1","17944.7","8110895","0","0","","ok","42393600"
"nlohmann-2.0.0","e213c56f29a06d286edb48c6db9a7f05cd573bb2","Avocado-gltf","Avocado","gltf","roundtrip","84","1084","1","22033.7","8110895","8109904","5","577BE81BE38882B7629C0391DDA4BFB51ACEB236413AB39AE26F9467ED82C14A","ok","42393600"
"nlohmann-2.0.0","e213c56f29a06d286edb48c6db9a7f05cd573bb2","Box-gltf","Box","gltf","export","84","1084","1","988.3","3546","1618","2","3C980C11AF22743E70D6A34755F3856A488C494AF170A9B64090B03052649936","ok","42393600"
"nlohmann-2.0.0","e213c56f29a06d286edb48c6db9a7f05cd573bb2","Box-gltf","Box","gltf","load","84","1084","1","6686.1","3546","0","0","","ok","42393600"
"nlohmann-2.0.0","e213c56f29a06d286edb48c6db9a7f05cd573bb2","Avocado-glb","Avocado","glb","export","84","1084","1","45936.7","8110040","8110104","1","C813BA5B22D1EAAA78AECE97500EB82FD483EF1AFC4C3B5494F0C45F40C6B307","ok","42393600"
"nlohmann-2.0.0","e213c56f29a06d286edb48c6db9a7f05cd573bb2","Box-glb","Box","glb","load","85","1085","2","8200.1","1664","0","0","","ok","42381312"
"nlohmann-2.0.0","e213c56f29a06d286edb48c6db9a7f05cd573bb2","Box-gltf","Box","gltf","load","85","1085","2","6161.5","3546","0","0","","ok","42381312"
"nlohmann-2.0.0","e213c56f29a06d286edb48c6db9a7f05cd573bb2","Box-gltf","Box","gltf","export","85","1085","2","1055.3","3546","1618","2","3C980C11AF22743E70D6A34755F3856A488C494AF170A9B64090B03052649936","ok","42381312"
"nlohmann-2.0.0","e213c56f29a06d286edb48c6db9a7f05cd573bb2","Avocado-glb","Avocado","glb","export","85","1085","2","47516.2","8110040","8110104","1","C813BA5B22D1EAAA78AECE97500EB82FD483EF1AFC4C3B5494F0C45F40C6B307","ok","42381312"
"nlohmann-2.0.0","e213c56f29a06d286edb48c6db9a7f05cd573bb2","Avocado-gltf","Avocado","gltf","roundtrip","85","1085","2","23799.5","8110895","8109904","5","577BE81BE38882B7629C0391DDA4BFB51ACEB236413AB39AE26F9467ED82C14A","ok","42381312"
"nlohmann-2.0.0","e213c56f29a06d286edb48c6db9a7f05cd573bb2","Avocado-gltf","Avocado","gltf","export","85","1085","2","5687.5","8110895","8109904","5","577BE81BE38882B7629C0391DDA4BFB51ACEB236413AB39AE26F9467ED82C14A","ok","42381312"
"nlohmann-2.0.0","e213c56f29a06d286edb48c6db9a7f05cd573bb2","Avocado-glb","Avocado","glb","load","85","1085","2","25880.7","8110040","0","0","","ok","42381312"
"nlohmann-2.0.0","e213c56f29a06d286edb48c6db9a7f05cd573bb2","Avocado-gltf","Avocado","gltf","load","85","1085","2","75309.7","8110895","0","0","","ok","42381312"
"nlohmann-2.0.0","e213c56f29a06d286edb48c6db9a7f05cd573bb2","Avocado-glb","Avocado","glb","roundtrip","85","1085","2","68344.2","8110040","8110104","1","C813BA5B22D1EAAA78AECE97500EB82FD483EF1AFC4C3B5494F0C45F40C6B307","ok","42381312"
"nlohmann-2.0.0","e213c56f29a06d286edb48c6db9a7f05cd573bb2","Box-gltf","Box","gltf","roundtrip","85","1085","2","5945.7","3546","1618","2","3C980C11AF22743E70D6A34755F3856A488C494AF170A9B64090B03052649936","ok","42381312"
"nlohmann-2.0.0","e213c56f29a06d286edb48c6db9a7f05cd573bb2","Box-glb","Box","glb","export","85","1085","2","616.9","1664","1632","1","92E24B450EDF96029BFD157879B2E8D534DF9399E42C1E65980324EF585CF4C1","ok","42381312"
"nlohmann-2.0.0","e213c56f29a06d286edb48c6db9a7f05cd573bb2","Box-glb","Box","glb","roundtrip","85","1085","2","5361.8","1664","1632","1","92E24B450EDF96029BFD157879B2E8D534DF9399E42C1E65980324EF585CF4C1","ok","42381312"
"nlohmann-2.0.0","e213c56f29a06d286edb48c6db9a7f05cd573bb2","Avocado-gltf","Avocado","gltf","roundtrip","86","1086","1","26313.4","8110895","8109904","5","577BE81BE38882B7629C0391DDA4BFB51ACEB236413AB39AE26F9467ED82C14A","ok","42352640"
"nlohmann-2.0.0","e213c56f29a06d286edb48c6db9a7f05cd573bb2","Box-gltf","Box","gltf","export","86","1086","1","1155.9","3546","1618","2","3C980C11AF22743E70D6A34755F3856A488C494AF170A9B64090B03052649936","ok","42352640"
"nlohmann-2.0.0","e213c56f29a06d286edb48c6db9a7f05cd573bb2","Avocado-glb","Avocado","glb","export","86","1086","1","55138.9","8110040","8110104","1","C813BA5B22D1EAAA78AECE97500EB82FD483EF1AFC4C3B5494F0C45F40C6B307","ok","42352640"
"nlohmann-2.0.0","e213c56f29a06d286edb48c6db9a7f05cd573bb2","Avocado-glb","Avocado","glb","roundtrip","86","1086","1","67119.8","8110040","8110104","1","C813BA5B22D1EAAA78AECE97500EB82FD483EF1AFC4C3B5494F0C45F40C6B307","ok","42352640"
"nlohmann-2.0.0","e213c56f29a06d286edb48c6db9a7f05cd573bb2","Box-glb","Box","glb","load","86","1086","1","6491","1664","0","0","","ok","42352640"
"nlohmann-2.0.0","e213c56f29a06d286edb48c6db9a7f05cd573bb2","Avocado-gltf","Avocado","gltf","load","86","1086","1","19125.8","8110895","0","0","","ok","42352640"
"nlohmann-2.0.0","e213c56f29a06d286edb48c6db9a7f05cd573bb2","Box-gltf","Box","gltf","load","86","1086","1","5032.9","3546","0","0","","ok","42352640"
"nlohmann-2.0.0","e213c56f29a06d286edb48c6db9a7f05cd573bb2","Box-gltf","Box","gltf","roundtrip","86","1086","1","5741.6","3546","1618","2","3C980C11AF22743E70D6A34755F3856A488C494AF170A9B64090B03052649936","ok","42352640"
"nlohmann-2.0.0","e213c56f29a06d286edb48c6db9a7f05cd573bb2","Avocado-gltf","Avocado","gltf","export","86","1086","1","4501.6","8110895","8109904","5","577BE81BE38882B7629C0391DDA4BFB51ACEB236413AB39AE26F9467ED82C14A","ok","42352640"
"nlohmann-2.0.0","e213c56f29a06d286edb48c6db9a7f05cd573bb2","Avocado-glb","Avocado","glb","load","86","1086","1","23657.5","8110040","0","0","","ok","42352640"
"nlohmann-2.0.0","e213c56f29a06d286edb48c6db9a7f05cd573bb2","Box-glb","Box","glb","export","86","1086","1","578.5","1664","1632","1","92E24B450EDF96029BFD157879B2E8D534DF9399E42C1E65980324EF585CF4C1","ok","42352640"
"nlohmann-2.0.0","e213c56f29a06d286edb48c6db9a7f05cd573bb2","Box-glb","Box","glb","roundtrip","86","1086","1","5535.1","1664","1632","1","92E24B450EDF96029BFD157879B2E8D534DF9399E42C1E65980324EF585CF4C1","ok","42352640"
"nlohmann-2.0.0","e213c56f29a06d286edb48c6db9a7f05cd573bb2","Box-gltf","Box","gltf","load","87","1087","2","6087.7","3546","0","0","","ok","42405888"
"nlohmann-2.0.0","e213c56f29a06d286edb48c6db9a7f05cd573bb2","Avocado-glb","Avocado","glb","export","87","1087","2","48091.6","8110040","8110104","1","C813BA5B22D1EAAA78AECE97500EB82FD483EF1AFC4C3B5494F0C45F40C6B307","ok","42405888"
"nlohmann-2.0.0","e213c56f29a06d286edb48c6db9a7f05cd573bb2","Avocado-gltf","Avocado","gltf","export","87","1087","2","4862.8","8110895","8109904","5","577BE81BE38882B7629C0391DDA4BFB51ACEB236413AB39AE26F9467ED82C14A","ok","42405888"
"nlohmann-2.0.0","e213c56f29a06d286edb48c6db9a7f05cd573bb2","Box-gltf","Box","gltf","export","87","1087","2","857.8","3546","1618","2","3C980C11AF22743E70D6A34755F3856A488C494AF170A9B64090B03052649936","ok","42405888"
"nlohmann-2.0.0","e213c56f29a06d286edb48c6db9a7f05cd573bb2","Box-glb","Box","glb","load","87","1087","2","5678.9","1664","0","0","","ok","42405888"
"nlohmann-2.0.0","e213c56f29a06d286edb48c6db9a7f05cd573bb2","Avocado-glb","Avocado","glb","load","87","1087","2","75015.6","8110040","0","0","","ok","42405888"
"nlohmann-2.0.0","e213c56f29a06d286edb48c6db9a7f05cd573bb2","Box-glb","Box","glb","roundtrip","87","1087","2","6297.5","1664","1632","1","92E24B450EDF96029BFD157879B2E8D534DF9399E42C1E65980324EF585CF4C1","ok","42405888"
"nlohmann-2.0.0","e213c56f29a06d286edb48c6db9a7f05cd573bb2","Avocado-gltf","Avocado","gltf","load","87","1087","2","19805.8","8110895","0","0","","ok","42405888"
"nlohmann-2.0.0","e213c56f29a06d286edb48c6db9a7f05cd573bb2","Avocado-glb","Avocado","glb","roundtrip","87","1087","2","138348.1","8110040","8110104","1","C813BA5B22D1EAAA78AECE97500EB82FD483EF1AFC4C3B5494F0C45F40C6B307","ok","42405888"
"nlohmann-2.0.0","e213c56f29a06d286edb48c6db9a7f05cd573bb2","Avocado-gltf","Avocado","gltf","roundtrip","87","1087","2","22516.7","8110895","8109904","5","577BE81BE38882B7629C0391DDA4BFB51ACEB236413AB39AE26F9467ED82C14A","ok","42405888"
"nlohmann-2.0.0","e213c56f29a06d286edb48c6db9a7f05cd573bb2","Box-gltf","Box","gltf","roundtrip","87","1087","2","5953.7","3546","1618","2","3C980C11AF22743E70D6A34755F3856A488C494AF170A9B64090B03052649936","ok","42405888"
"nlohmann-2.0.0","e213c56f29a06d286edb48c6db9a7f05cd573bb2","Box-glb","Box","glb","export","87","1087","2","584.6","1664","1632","1","92E24B450EDF96029BFD157879B2E8D534DF9399E42C1E65980324EF585CF4C1","ok","42405888"
"nlohmann-2.0.0","e213c56f29a06d286edb48c6db9a7f05cd573bb2","Avocado-glb","Avocado","glb","roundtrip","88","1088","1","72309.2","8110040","8110104","1","C813BA5B22D1EAAA78AECE97500EB82FD483EF1AFC4C3B5494F0C45F40C6B307","ok","38453248"
"nlohmann-2.0.0","e213c56f29a06d286edb48c6db9a7f05cd573bb2","Box-gltf","Box","gltf","roundtrip","88","1088","1","9052.3","3546","1618","2","3C980C11AF22743E70D6A34755F3856A488C494AF170A9B64090B03052649936","ok","38453248"
"nlohmann-2.0.0","e213c56f29a06d286edb48c6db9a7f05cd573bb2","Avocado-glb","Avocado","glb","export","88","1088","1","46820.3","8110040","8110104","1","C813BA5B22D1EAAA78AECE97500EB82FD483EF1AFC4C3B5494F0C45F40C6B307","ok","38453248"
"nlohmann-2.0.0","e213c56f29a06d286edb48c6db9a7f05cd573bb2","Box-gltf","Box","gltf","export","88","1088","1","824.2","3546","1618","2","3C980C11AF22743E70D6A34755F3856A488C494AF170A9B64090B03052649936","ok","38453248"
"nlohmann-2.0.0","e213c56f29a06d286edb48c6db9a7f05cd573bb2","Box-glb","Box","glb","export","88","1088","1","549.1","1664","1632","1","92E24B450EDF96029BFD157879B2E8D534DF9399E42C1E65980324EF585CF4C1","ok","38453248"
"nlohmann-2.0.0","e213c56f29a06d286edb48c6db9a7f05cd573bb2","Box-glb","Box","glb","load","88","1088","1","4984","1664","0","0","","ok","38453248"
"nlohmann-2.0.0","e213c56f29a06d286edb48c6db9a7f05cd573bb2","Avocado-gltf","Avocado","gltf","load","88","1088","1","18483.6","8110895","0","0","","ok","38453248"
"nlohmann-2.0.0","e213c56f29a06d286edb48c6db9a7f05cd573bb2","Box-glb","Box","glb","roundtrip","88","1088","1","5846.8","1664","1632","1","92E24B450EDF96029BFD157879B2E8D534DF9399E42C1E65980324EF585CF4C1","ok","38453248"
"nlohmann-2.0.0","e213c56f29a06d286edb48c6db9a7f05cd573bb2","Avocado-gltf","Avocado","gltf","export","88","1088","1","6010.4","8110895","8109904","5","577BE81BE38882B7629C0391DDA4BFB51ACEB236413AB39AE26F9467ED82C14A","ok","38453248"
"nlohmann-2.0.0","e213c56f29a06d286edb48c6db9a7f05cd573bb2","Avocado-glb","Avocado","glb","load","88","1088","1","25303.2","8110040","0","0","","ok","38453248"
"nlohmann-2.0.0","e213c56f29a06d286edb48c6db9a7f05cd573bb2","Avocado-gltf","Avocado","gltf","roundtrip","88","1088","1","30751.1","8110895","8109904","5","577BE81BE38882B7629C0391DDA4BFB51ACEB236413AB39AE26F9467ED82C14A","ok","38453248"
"nlohmann-2.0.0","e213c56f29a06d286edb48c6db9a7f05cd573bb2","Box-gltf","Box","gltf","load","88","1088","1","5040.6","3546","0","0","","ok","38453248"
"nlohmann-2.0.0","e213c56f29a06d286edb48c6db9a7f05cd573bb2","Box-gltf","Box","gltf","load","89","1089","2","5877.5","3546","0","0","","ok","42422272"
"nlohmann-2.0.0","e213c56f29a06d286edb48c6db9a7f05cd573bb2","Avocado-gltf","Avocado","gltf","roundtrip","89","1089","2","23893.4","8110895","8109904","5","577BE81BE38882B7629C0391DDA4BFB51ACEB236413AB39AE26F9467ED82C14A","ok","42422272"
"nlohmann-2.0.0","e213c56f29a06d286edb48c6db9a7f05cd573bb2","Avocado-glb","Avocado","glb","roundtrip","89","1089","2","139660.8","8110040","8110104","1","C813BA5B22D1EAAA78AECE97500EB82FD483EF1AFC4C3B5494F0C45F40C6B307","ok","42422272"
"nlohmann-2.0.0","e213c56f29a06d286edb48c6db9a7f05cd573bb2","Box-gltf","Box","gltf","roundtrip","89","1089","2","6082.6","3546","1618","2","3C980C11AF22743E70D6A34755F3856A488C494AF170A9B64090B03052649936","ok","42422272"
"nlohmann-2.0.0","e213c56f29a06d286edb48c6db9a7f05cd573bb2","Avocado-glb","Avocado","glb","load","89","1089","2","21580.5","8110040","0","0","","ok","42422272"
"nlohmann-2.0.0","e213c56f29a06d286edb48c6db9a7f05cd573bb2","Box-glb","Box","glb","roundtrip","89","1089","2","5377.1","1664","1632","1","92E24B450EDF96029BFD157879B2E8D534DF9399E42C1E65980324EF585CF4C1","ok","42422272"
"nlohmann-2.0.0","e213c56f29a06d286edb48c6db9a7f05cd573bb2","Box-glb","Box","glb","export","89","1089","2","556.2","1664","1632","1","92E24B450EDF96029BFD157879B2E8D534DF9399E42C1E65980324EF585CF4C1","ok","42422272"
"nlohmann-2.0.0","e213c56f29a06d286edb48c6db9a7f05cd573bb2","Avocado-glb","Avocado","glb","export","89","1089","2","45426.3","8110040","8110104","1","C813BA5B22D1EAAA78AECE97500EB82FD483EF1AFC4C3B5494F0C45F40C6B307","ok","42422272"
"nlohmann-2.0.0","e213c56f29a06d286edb48c6db9a7f05cd573bb2","Box-gltf","Box","gltf","export","89","1089","2","956.7","3546","1618","2","3C980C11AF22743E70D6A34755F3856A488C494AF170A9B64090B03052649936","ok","42422272"
"nlohmann-2.0.0","e213c56f29a06d286edb48c6db9a7f05cd573bb2","Box-glb","Box","glb","load","89","1089","2","4863.2","1664","0","0","","ok","42422272"
"nlohmann-2.0.0","e213c56f29a06d286edb48c6db9a7f05cd573bb2","Avocado-gltf","Avocado","gltf","load","89","1089","2","18371.5","8110895","0","0","","ok","42422272"
"nlohmann-2.0.0","e213c56f29a06d286edb48c6db9a7f05cd573bb2","Avocado-gltf","Avocado","gltf","export","89","1089","2","4541.8","8110895","8109904","5","577BE81BE38882B7629C0391DDA4BFB51ACEB236413AB39AE26F9467ED82C14A","ok","42422272"
"nlohmann-2.0.0","e213c56f29a06d286edb48c6db9a7f05cd573bb2","Box-gltf","Box","gltf","export","90","1090","1","804.5","3546","1618","2","3C980C11AF22743E70D6A34755F3856A488C494AF170A9B64090B03052649936","ok","42491904"
"nlohmann-2.0.0","e213c56f29a06d286edb48c6db9a7f05cd573bb2","Avocado-gltf","Avocado","gltf","roundtrip","90","1090","1","22633.6","8110895","8109904","5","577BE81BE38882B7629C0391DDA4BFB51ACEB236413AB39AE26F9467ED82C14A","ok","42491904"
"nlohmann-2.0.0","e213c56f29a06d286edb48c6db9a7f05cd573bb2","Avocado-gltf","Avocado","gltf","export","90","1090","1","58694.9","8110895","8109904","5","577BE81BE38882B7629C0391DDA4BFB51ACEB236413AB39AE26F9467ED82C14A","ok","42491904"
"nlohmann-2.0.0","e213c56f29a06d286edb48c6db9a7f05cd573bb2","Box-gltf","Box","gltf","load","90","1090","1","6124","3546","0","0","","ok","42491904"
"nlohmann-2.0.0","e213c56f29a06d286edb48c6db9a7f05cd573bb2","Avocado-glb","Avocado","glb","export","90","1090","1","100388.1","8110040","8110104","1","C813BA5B22D1EAAA78AECE97500EB82FD483EF1AFC4C3B5494F0C45F40C6B307","ok","42491904"
"nlohmann-2.0.0","e213c56f29a06d286edb48c6db9a7f05cd573bb2","Avocado-gltf","Avocado","gltf","load","90","1090","1","18675","8110895","0","0","","ok","42491904"
"nlohmann-2.0.0","e213c56f29a06d286edb48c6db9a7f05cd573bb2","Box-glb","Box","glb","export","90","1090","1","543.2","1664","1632","1","92E24B450EDF96029BFD157879B2E8D534DF9399E42C1E65980324EF585CF4C1","ok","42491904"
"nlohmann-2.0.0","e213c56f29a06d286edb48c6db9a7f05cd573bb2","Box-glb","Box","glb","load","90","1090","1","4702.7","1664","0","0","","ok","42491904"
"nlohmann-2.0.0","e213c56f29a06d286edb48c6db9a7f05cd573bb2","Box-gltf","Box","gltf","roundtrip","90","1090","1","5818.1","3546","1618","2","3C980C11AF22743E70D6A34755F3856A488C494AF170A9B64090B03052649936","ok","42491904"
"nlohmann-2.0.0","e213c56f29a06d286edb48c6db9a7f05cd573bb2","Avocado-glb","Avocado","glb","load","90","1090","1","21520.1","8110040","0","0","","ok","42491904"
"nlohmann-2.0.0","e213c56f29a06d286edb48c6db9a7f05cd573bb2","Box-glb","Box","glb","roundtrip","90","1090","1","5510.5","1664","1632","1","92E24B450EDF96029BFD157879B2E8D534DF9399E42C1E65980324EF585CF4C1","ok","42491904"
"nlohmann-2.0.0","e213c56f29a06d286edb48c6db9a7f05cd573bb2","Avocado-glb","Avocado","glb","roundtrip","90","1090","1","69873.3","8110040","8110104","1","C813BA5B22D1EAAA78AECE97500EB82FD483EF1AFC4C3B5494F0C45F40C6B307","ok","42491904"
"nlohmann-2.0.0","e213c56f29a06d286edb48c6db9a7f05cd573bb2","Box-gltf","Box","gltf","load","91","1091","2","5896.6","3546","0","0","","ok","42405888"
"nlohmann-2.0.0","e213c56f29a06d286edb48c6db9a7f05cd573bb2","Avocado-gltf","Avocado","gltf","export","91","1091","2","5150.4","8110895","8109904","5","577BE81BE38882B7629C0391DDA4BFB51ACEB236413AB39AE26F9467ED82C14A","ok","42405888"
"nlohmann-2.0.0","e213c56f29a06d286edb48c6db9a7f05cd573bb2","Avocado-glb","Avocado","glb","export","91","1091","2","119282.3","8110040","8110104","1","C813BA5B22D1EAAA78AECE97500EB82FD483EF1AFC4C3B5494F0C45F40C6B307","ok","42405888"
"nlohmann-2.0.0","e213c56f29a06d286edb48c6db9a7f05cd573bb2","Box-gltf","Box","gltf","export","91","1091","2","931.8","3546","1618","2","3C980C11AF22743E70D6A34755F3856A488C494AF170A9B64090B03052649936","ok","42405888"
"nlohmann-2.0.0","e213c56f29a06d286edb48c6db9a7f05cd573bb2","Box-glb","Box","glb","load","91","1091","2","6626.9","1664","0","0","","ok","42405888"
"nlohmann-2.0.0","e213c56f29a06d286edb48c6db9a7f05cd573bb2","Box-gltf","Box","gltf","roundtrip","91","1091","2","6018.4","3546","1618","2","3C980C11AF22743E70D6A34755F3856A488C494AF170A9B64090B03052649936","ok","42405888"
"nlohmann-2.0.0","e213c56f29a06d286edb48c6db9a7f05cd573bb2","Avocado-gltf","Avocado","gltf","load","91","1091","2","17794.5","8110895","0","0","","ok","42405888"
"nlohmann-2.0.0","e213c56f29a06d286edb48c6db9a7f05cd573bb2","Avocado-glb","Avocado","glb","roundtrip","91","1091","2","108991.6","8110040","8110104","1","C813BA5B22D1EAAA78AECE97500EB82FD483EF1AFC4C3B5494F0C45F40C6B307","ok","42405888"
"nlohmann-2.0.0","e213c56f29a06d286edb48c6db9a7f05cd573bb2","Avocado-glb","Avocado","glb","load","91","1091","2","21653.1","8110040","0","0","","ok","42405888"
"nlohmann-2.0.0","e213c56f29a06d286edb48c6db9a7f05cd573bb2","Box-glb","Box","glb","export","91","1091","2","545.4","1664","1632","1","92E24B450EDF96029BFD157879B2E8D534DF9399E42C1E65980324EF585CF4C1","ok","42405888"
"nlohmann-2.0.0","e213c56f29a06d286edb48c6db9a7f05cd573bb2","Box-glb","Box","glb","roundtrip","91","1091","2","5209.1","1664","1632","1","92E24B450EDF96029BFD157879B2E8D534DF9399E42C1E65980324EF585CF4C1","ok","42405888"
"nlohmann-2.0.0","e213c56f29a06d286edb48c6db9a7f05cd573bb2","Avocado-gltf","Avocado","gltf","roundtrip","91","1091","2","21846.9","8110895","8109904","5","577BE81BE38882B7629C0391DDA4BFB51ACEB236413AB39AE26F9467ED82C14A","ok","42405888"
"nlohmann-2.0.0","e213c56f29a06d286edb48c6db9a7f05cd573bb2","Avocado-gltf","Avocado","gltf","roundtrip","92","1092","1","23128.1","8110895","8109904","5","577BE81BE38882B7629C0391DDA4BFB51ACEB236413AB39AE26F9467ED82C14A","ok","42463232"
"nlohmann-2.0.0","e213c56f29a06d286edb48c6db9a7f05cd573bb2","Avocado-glb","Avocado","glb","roundtrip","92","1092","1","133810.2","8110040","8110104","1","C813BA5B22D1EAAA78AECE97500EB82FD483EF1AFC4C3B5494F0C45F40C6B307","ok","42463232"
"nlohmann-2.0.0","e213c56f29a06d286edb48c6db9a7f05cd573bb2","Box-glb","Box","glb","export","92","1092","1","557.9","1664","1632","1","92E24B450EDF96029BFD157879B2E8D534DF9399E42C1E65980324EF585CF4C1","ok","42463232"
"nlohmann-2.0.0","e213c56f29a06d286edb48c6db9a7f05cd573bb2","Avocado-gltf","Avocado","gltf","load","92","1092","1","17126.4","8110895","0","0","","ok","42463232"
"nlohmann-2.0.0","e213c56f29a06d286edb48c6db9a7f05cd573bb2","Avocado-glb","Avocado","glb","load","92","1092","1","21653.6","8110040","0","0","","ok","42463232"
"nlohmann-2.0.0","e213c56f29a06d286edb48c6db9a7f05cd573bb2","Box-gltf","Box","gltf","load","92","1092","1","5289.8","3546","0","0","","ok","42463232"
"nlohmann-2.0.0","e213c56f29a06d286edb48c6db9a7f05cd573bb2","Box-glb","Box","glb","roundtrip","92","1092","1","5258.4","1664","1632","1","92E24B450EDF96029BFD157879B2E8D534DF9399E42C1E65980324EF585CF4C1","ok","42463232"
"nlohmann-2.0.0","e213c56f29a06d286edb48c6db9a7f05cd573bb2","Avocado-gltf","Avocado","gltf","export","92","1092","1","4734.3","8110895","8109904","5","577BE81BE38882B7629C0391DDA4BFB51ACEB236413AB39AE26F9467ED82C14A","ok","42463232"
"nlohmann-2.0.0","e213c56f29a06d286edb48c6db9a7f05cd573bb2","Avocado-glb","Avocado","glb","export","92","1092","1","47519.6","8110040","8110104","1","C813BA5B22D1EAAA78AECE97500EB82FD483EF1AFC4C3B5494F0C45F40C6B307","ok","42463232"
"nlohmann-2.0.0","e213c56f29a06d286edb48c6db9a7f05cd573bb2","Box-gltf","Box","gltf","roundtrip","92","1092","1","6497","3546","1618","2","3C980C11AF22743E70D6A34755F3856A488C494AF170A9B64090B03052649936","ok","42463232"
"nlohmann-2.0.0","e213c56f29a06d286edb48c6db9a7f05cd573bb2","Box-gltf","Box","gltf","export","92","1092","1","1003.7","3546","1618","2","3C980C11AF22743E70D6A34755F3856A488C494AF170A9B64090B03052649936","ok","42463232"
"nlohmann-2.0.0","e213c56f29a06d286edb48c6db9a7f05cd573bb2","Box-glb","Box","glb","load","92","1092","1","5259.1","1664","0","0","","ok","42463232"
"nlohmann-2.0.0","e213c56f29a06d286edb48c6db9a7f05cd573bb2","Avocado-gltf","Avocado","gltf","roundtrip","93","1093","2","26653","8110895","8109904","5","577BE81BE38882B7629C0391DDA4BFB51ACEB236413AB39AE26F9467ED82C14A","ok","42446848"
"nlohmann-2.0.0","e213c56f29a06d286edb48c6db9a7f05cd573bb2","Box-glb","Box","glb","roundtrip","93","1093","2","6608.5","1664","1632","1","92E24B450EDF96029BFD157879B2E8D534DF9399E42C1E65980324EF585CF4C1","ok","42446848"
"nlohmann-2.0.0","e213c56f29a06d286edb48c6db9a7f05cd573bb2","Box-gltf","Box","gltf","export","93","1093","2","916.1","3546","1618","2","3C980C11AF22743E70D6A34755F3856A488C494AF170A9B64090B03052649936","ok","42446848"
"nlohmann-2.0.0","e213c56f29a06d286edb48c6db9a7f05cd573bb2","Box-glb","Box","glb","export","93","1093","2","673.3","1664","1632","1","92E24B450EDF96029BFD157879B2E8D534DF9399E42C1E65980324EF585CF4C1","ok","42446848"
"nlohmann-2.0.0","e213c56f29a06d286edb48c6db9a7f05cd573bb2","Avocado-gltf","Avocado","gltf","load","93","1093","2","19709.1","8110895","0","0","","ok","42446848"
"nlohmann-2.0.0","e213c56f29a06d286edb48c6db9a7f05cd573bb2","Avocado-gltf","Avocado","gltf","export","93","1093","2","56102.8","8110895","8109904","5","577BE81BE38882B7629C0391DDA4BFB51ACEB236413AB39AE26F9467ED82C14A","ok","42446848"
"nlohmann-2.0.0","e213c56f29a06d286edb48c6db9a7f05cd573bb2","Avocado-glb","Avocado","glb","load","93","1093","2","21920.9","8110040","0","0","","ok","42446848"
"nlohmann-2.0.0","e213c56f29a06d286edb48c6db9a7f05cd573bb2","Avocado-glb","Avocado","glb","roundtrip","93","1093","2","70826.9","8110040","8110104","1","C813BA5B22D1EAAA78AECE97500EB82FD483EF1AFC4C3B5494F0C45F40C6B307","ok","42446848"
"nlohmann-2.0.0","e213c56f29a06d286edb48c6db9a7f05cd573bb2","Box-gltf","Box","gltf","roundtrip","93","1093","2","6021.1","3546","1618","2","3C980C11AF22743E70D6A34755F3856A488C494AF170A9B64090B03052649936","ok","42446848"
"nlohmann-2.0.0","e213c56f29a06d286edb48c6db9a7f05cd573bb2","Avocado-glb","Avocado","glb","export","93","1093","2","49556.3","8110040","8110104","1","C813BA5B22D1EAAA78AECE97500EB82FD483EF1AFC4C3B5494F0C45F40C6B307","ok","42446848"
"nlohmann-2.0.0","e213c56f29a06d286edb48c6db9a7f05cd573bb2","Box-glb","Box","glb","load","93","1093","2","4958.9","1664","0","0","","ok","42446848"
"nlohmann-2.0.0","e213c56f29a06d286edb48c6db9a7f05cd573bb2","Box-gltf","Box","gltf","load","93","1093","2","5416.6","3546","0","0","","ok","42446848"
"nlohmann-2.0.0","e213c56f29a06d286edb48c6db9a7f05cd573bb2","Avocado-gltf","Avocado","gltf","roundtrip","94","1094","1","23325.4","8110895","8109904","5","577BE81BE38882B7629C0391DDA4BFB51ACEB236413AB39AE26F9467ED82C14A","ok","42385408"
"nlohmann-2.0.0","e213c56f29a06d286edb48c6db9a7f05cd573bb2","Box-gltf","Box","gltf","load","94","1094","1","5888.2","3546","0","0","","ok","42385408"
"nlohmann-2.0.0","e213c56f29a06d286edb48c6db9a7f05cd573bb2","Avocado-glb","Avocado","glb","load","94","1094","1","75718.7","8110040","0","0","","ok","42385408"
"nlohmann-2.0.0","e213c56f29a06d286edb48c6db9a7f05cd573bb2","Avocado-gltf","Avocado","gltf","export","94","1094","1","5673.8","8110895","8109904","5","577BE81BE38882B7629C0391DDA4BFB51ACEB236413AB39AE26F9467ED82C14A","ok","42385408"
"nlohmann-2.0.0","e213c56f29a06d286edb48c6db9a7f05cd573bb2","Avocado-glb","Avocado","glb","roundtrip","94","1094","1","125596.2","8110040","8110104","1","C813BA5B22D1EAAA78AECE97500EB82FD483EF1AFC4C3B5494F0C45F40C6B307","ok","42385408"
"nlohmann-2.0.0","e213c56f29a06d286edb48c6db9a7f05cd573bb2","Avocado-gltf","Avocado","gltf","load","94","1094","1","17665","8110895","0","0","","ok","42385408"
"nlohmann-2.0.0","e213c56f29a06d286edb48c6db9a7f05cd573bb2","Avocado-glb","Avocado","glb","export","94","1094","1","45702.2","8110040","8110104","1","C813BA5B22D1EAAA78AECE97500EB82FD483EF1AFC4C3B5494F0C45F40C6B307","ok","42385408"
"nlohmann-2.0.0","e213c56f29a06d286edb48c6db9a7f05cd573bb2","Box-glb","Box","glb","roundtrip","94","1094","1","5659.8","1664","1632","1","92E24B450EDF96029BFD157879B2E8D534DF9399E42C1E65980324EF585CF4C1","ok","42385408"
"nlohmann-2.0.0","e213c56f29a06d286edb48c6db9a7f05cd573bb2","Box-glb","Box","glb","export","94","1094","1","557.4","1664","1632","1","92E24B450EDF96029BFD157879B2E8D534DF9399E42C1E65980324EF585CF4C1","ok","42385408"
"nlohmann-2.0.0","e213c56f29a06d286edb48c6db9a7f05cd573bb2","Box-glb","Box","glb","load","94","1094","1","4668.4","1664","0","0","","ok","42385408"
"nlohmann-2.0.0","e213c56f29a06d286edb48c6db9a7f05cd573bb2","Box-gltf","Box","gltf","roundtrip","94","1094","1","5723","3546","1618","2","3C980C11AF22743E70D6A34755F3856A488C494AF170A9B64090B03052649936","ok","42385408"
"nlohmann-2.0.0","e213c56f29a06d286edb48c6db9a7f05cd573bb2","Box-gltf","Box","gltf","export","94","1094","1","713","3546","1618","2","3C980C11AF22743E70D6A34755F3856A488C494AF170A9B64090B03052649936","ok","42385408"
"nlohmann-2.0.0","e213c56f29a06d286edb48c6db9a7f05cd573bb2","Box-gltf","Box","gltf","load","95","1095","2","6258","3546","0","0","","ok","42414080"
"nlohmann-2.0.0","e213c56f29a06d286edb48c6db9a7f05cd573bb2","Avocado-glb","Avocado","glb","export","95","1095","2","47392.9","8110040","8110104","1","C813BA5B22D1EAAA78AECE97500EB82FD483EF1AFC4C3B5494F0C45F40C6B307","ok","42414080"
"nlohmann-2.0.0","e213c56f29a06d286edb48c6db9a7f05cd573bb2","Box-glb","Box","glb","roundtrip","95","1095","2","6193.8","1664","1632","1","92E24B450EDF96029BFD157879B2E8D534DF9399E42C1E65980324EF585CF4C1","ok","42414080"
"nlohmann-2.0.0","e213c56f29a06d286edb48c6db9a7f05cd573bb2","Avocado-gltf","Avocado","gltf","roundtrip","95","1095","2","24070.3","8110895","8109904","5","577BE81BE38882B7629C0391DDA4BFB51ACEB236413AB39AE26F9467ED82C14A","ok","42414080"
"nlohmann-2.0.0","e213c56f29a06d286edb48c6db9a7f05cd573bb2","Box-gltf","Box","gltf","roundtrip","95","1095","2","7179.6","3546","1618","2","3C980C11AF22743E70D6A34755F3856A488C494AF170A9B64090B03052649936","ok","42414080"
"nlohmann-2.0.0","e213c56f29a06d286edb48c6db9a7f05cd573bb2","Box-gltf","Box","gltf","export","95","1095","2","882.6","3546","1618","2","3C980C11AF22743E70D6A34755F3856A488C494AF170A9B64090B03052649936","ok","42414080"
"nlohmann-2.0.0","e213c56f29a06d286edb48c6db9a7f05cd573bb2","Box-glb","Box","glb","load","95","1095","2","55295.8","1664","0","0","","ok","42414080"
"nlohmann-2.0.0","e213c56f29a06d286edb48c6db9a7f05cd573bb2","Avocado-glb","Avocado","glb","roundtrip","95","1095","2","136051.2","8110040","8110104","1","C813BA5B22D1EAAA78AECE97500EB82FD483EF1AFC4C3B5494F0C45F40C6B307","ok","42414080"
"nlohmann-2.0.0","e213c56f29a06d286edb48c6db9a7f05cd573bb2","Avocado-gltf","Avocado","gltf","load","95","1095","2","20391.6","8110895","0","0","","ok","42414080"
"nlohmann-2.0.0","e213c56f29a06d286edb48c6db9a7f05cd573bb2","Box-glb","Box","glb","export","95","1095","2","752","1664","1632","1","92E24B450EDF96029BFD157879B2E8D534DF9399E42C1E65980324EF585CF4C1","ok","42414080"
"nlohmann-2.0.0","e213c56f29a06d286edb48c6db9a7f05cd573bb2","Avocado-gltf","Avocado","gltf","export","95","1095","2","4565.7","8110895","8109904","5","577BE81BE38882B7629C0391DDA4BFB51ACEB236413AB39AE26F9467ED82C14A","ok","42414080"
"nlohmann-2.0.0","e213c56f29a06d286edb48c6db9a7f05cd573bb2","Avocado-glb","Avocado","glb","load","95","1095","2","24008.7","8110040","0","0","","ok","42414080"
"nlohmann-2.0.0","e213c56f29a06d286edb48c6db9a7f05cd573bb2","Avocado-glb","Avocado","glb","roundtrip","96","1096","1","69693.9","8110040","8110104","1","C813BA5B22D1EAAA78AECE97500EB82FD483EF1AFC4C3B5494F0C45F40C6B307","ok","43225088"
"nlohmann-2.0.0","e213c56f29a06d286edb48c6db9a7f05cd573bb2","Box-gltf","Box","gltf","roundtrip","96","1096","1","6409.1","3546","1618","2","3C980C11AF22743E70D6A34755F3856A488C494AF170A9B64090B03052649936","ok","43225088"
"nlohmann-2.0.0","e213c56f29a06d286edb48c6db9a7f05cd573bb2","Avocado-gltf","Avocado","gltf","load","96","1096","1","18722.9","8110895","0","0","","ok","43225088"
"nlohmann-2.0.0","e213c56f29a06d286edb48c6db9a7f05cd573bb2","Box-glb","Box","glb","roundtrip","96","1096","1","6052.7","1664","1632","1","92E24B450EDF96029BFD157879B2E8D534DF9399E42C1E65980324EF585CF4C1","ok","43225088"
"nlohmann-2.0.0","e213c56f29a06d286edb48c6db9a7f05cd573bb2","Avocado-glb","Avocado","glb","export","96","1096","1","103648.4","8110040","8110104","1","C813BA5B22D1EAAA78AECE97500EB82FD483EF1AFC4C3B5494F0C45F40C6B307","ok","43225088"
"nlohmann-2.0.0","e213c56f29a06d286edb48c6db9a7f05cd573bb2","Avocado-gltf","Avocado","gltf","roundtrip","96","1096","1","22348.7","8110895","8109904","5","577BE81BE38882B7629C0391DDA4BFB51ACEB236413AB39AE26F9467ED82C14A","ok","43225088"
"nlohmann-2.0.0","e213c56f29a06d286edb48c6db9a7f05cd573bb2","Box-glb","Box","glb","load","96","1096","1","6916.3","1664","0","0","","ok","43225088"
"nlohmann-2.0.0","e213c56f29a06d286edb48c6db9a7f05cd573bb2","Box-gltf","Box","gltf","export","96","1096","1","921.7","3546","1618","2","3C980C11AF22743E70D6A34755F3856A488C494AF170A9B64090B03052649936","ok","43225088"
"nlohmann-2.0.0","e213c56f29a06d286edb48c6db9a7f05cd573bb2","Box-glb","Box","glb","export","96","1096","1","741.5","1664","1632","1","92E24B450EDF96029BFD157879B2E8D534DF9399E42C1E65980324EF585CF4C1","ok","43225088"
"nlohmann-2.0.0","e213c56f29a06d286edb48c6db9a7f05cd573bb2","Avocado-glb","Avocado","glb","load","96","1096","1","21749.7","8110040","0","0","","ok","43225088"
"nlohmann-2.0.0","e213c56f29a06d286edb48c6db9a7f05cd573bb2","Box-gltf","Box","gltf","load","96","1096","1","5034","3546","0","0","","ok","43225088"
"nlohmann-2.0.0","e213c56f29a06d286edb48c6db9a7f05cd573bb2","Avocado-gltf","Avocado","gltf","export","96","1096","1","4716.6","8110895","8109904","5","577BE81BE38882B7629C0391DDA4BFB51ACEB236413AB39AE26F9467ED82C14A","ok","43225088"
"nlohmann-2.0.0","e213c56f29a06d286edb48c6db9a7f05cd573bb2","Box-gltf","Box","gltf","load","97","1097","2","8907","3546","0","0","","ok","42483712"
"nlohmann-2.0.0","e213c56f29a06d286edb48c6db9a7f05cd573bb2","Avocado-gltf","Avocado","gltf","export","97","1097","2","5984.3","8110895","8109904","5","577BE81BE38882B7629C0391DDA4BFB51ACEB236413AB39AE26F9467ED82C14A","ok","42483712"
"nlohmann-2.0.0","e213c56f29a06d286edb48c6db9a7f05cd573bb2","Box-glb","Box","glb","load","97","1097","2","6021.6","1664","0","0","","ok","42483712"
"nlohmann-2.0.0","e213c56f29a06d286edb48c6db9a7f05cd573bb2","Box-glb","Box","glb","export","97","1097","2","838.3","1664","1632","1","92E24B450EDF96029BFD157879B2E8D534DF9399E42C1E65980324EF585CF4C1","ok","42483712"
"nlohmann-2.0.0","e213c56f29a06d286edb48c6db9a7f05cd573bb2","Avocado-gltf","Avocado","gltf","load","97","1097","2","73416.9","8110895","0","0","","ok","42483712"
"nlohmann-2.0.0","e213c56f29a06d286edb48c6db9a7f05cd573bb2","Box-gltf","Box","gltf","export","97","1097","2","915.5","3546","1618","2","3C980C11AF22743E70D6A34755F3856A488C494AF170A9B64090B03052649936","ok","42483712"
"nlohmann-2.0.0","e213c56f29a06d286edb48c6db9a7f05cd573bb2","Avocado-glb","Avocado","glb","roundtrip","97","1097","2","129707","8110040","8110104","1","C813BA5B22D1EAAA78AECE97500EB82FD483EF1AFC4C3B5494F0C45F40C6B307","ok","42483712"
"nlohmann-2.0.0","e213c56f29a06d286edb48c6db9a7f05cd573bb2","Box-glb","Box","glb","roundtrip","97","1097","2","6025.3","1664","1632","1","92E24B450EDF96029BFD157879B2E8D534DF9399E42C1E65980324EF585CF4C1","ok","42483712"
"nlohmann-2.0.0","e213c56f29a06d286edb48c6db9a7f05cd573bb2","Avocado-gltf","Avocado","gltf","roundtrip","97","1097","2","21580.7","8110895","8109904","5","577BE81BE38882B7629C0391DDA4BFB51ACEB236413AB39AE26F9467ED82C14A","ok","42483712"
"nlohmann-2.0.0","e213c56f29a06d286edb48c6db9a7f05cd573bb2","Avocado-glb","Avocado","glb","export","97","1097","2","47907.2","8110040","8110104","1","C813BA5B22D1EAAA78AECE97500EB82FD483EF1AFC4C3B5494F0C45F40C6B307","ok","42483712"
"nlohmann-2.0.0","e213c56f29a06d286edb48c6db9a7f05cd573bb2","Avocado-glb","Avocado","glb","load","97","1097","2","21746.3","8110040","0","0","","ok","42483712"
"nlohmann-2.0.0","e213c56f29a06d286edb48c6db9a7f05cd573bb2","Box-gltf","Box","gltf","roundtrip","97","1097","2","5762.4","3546","1618","2","3C980C11AF22743E70D6A34755F3856A488C494AF170A9B64090B03052649936","ok","42483712"
"nlohmann-2.0.0","e213c56f29a06d286edb48c6db9a7f05cd573bb2","Box-glb","Box","glb","roundtrip","98","1098","1","8445.4","1664","1632","1","92E24B450EDF96029BFD157879B2E8D534DF9399E42C1E65980324EF585CF4C1","ok","42487808"
"nlohmann-2.0.0","e213c56f29a06d286edb48c6db9a7f05cd573bb2","Box-gltf","Box","gltf","roundtrip","98","1098","1","8627.7","3546","1618","2","3C980C11AF22743E70D6A34755F3856A488C494AF170A9B64090B03052649936","ok","42487808"
"nlohmann-2.0.0","e213c56f29a06d286edb48c6db9a7f05cd573bb2","Avocado-glb","Avocado","glb","export","98","1098","1","48282.5","8110040","8110104","1","C813BA5B22D1EAAA78AECE97500EB82FD483EF1AFC4C3B5494F0C45F40C6B307","ok","42487808"
"nlohmann-2.0.0","e213c56f29a06d286edb48c6db9a7f05cd573bb2","Avocado-gltf","Avocado","gltf","load","98","1098","1","17913.4","8110895","0","0","","ok","42487808"
"nlohmann-2.0.0","e213c56f29a06d286edb48c6db9a7f05cd573bb2","Box-glb","Box","glb","export","98","1098","1","630.5","1664","1632","1","92E24B450EDF96029BFD157879B2E8D534DF9399E42C1E65980324EF585CF4C1","ok","42487808"
"nlohmann-2.0.0","e213c56f29a06d286edb48c6db9a7f05cd573bb2","Box-gltf","Box","gltf","export","98","1098","1","872.6","3546","1618","2","3C980C11AF22743E70D6A34755F3856A488C494AF170A9B64090B03052649936","ok","42487808"
"nlohmann-2.0.0","e213c56f29a06d286edb48c6db9a7f05cd573bb2","Avocado-gltf","Avocado","gltf","roundtrip","98","1098","1","26023","8110895","8109904","5","577BE81BE38882B7629C0391DDA4BFB51ACEB236413AB39AE26F9467ED82C14A","ok","42487808"
"nlohmann-2.0.0","e213c56f29a06d286edb48c6db9a7f05cd573bb2","Avocado-glb","Avocado","glb","load","98","1098","1","25697.5","8110040","0","0","","ok","42487808"
"nlohmann-2.0.0","e213c56f29a06d286edb48c6db9a7f05cd573bb2","Box-glb","Box","glb","load","98","1098","1","5599.1","1664","0","0","","ok","42487808"
"nlohmann-2.0.0","e213c56f29a06d286edb48c6db9a7f05cd573bb2","Box-gltf","Box","gltf","load","98","1098","1","6001","3546","0","0","","ok","42487808"
"nlohmann-2.0.0","e213c56f29a06d286edb48c6db9a7f05cd573bb2","Avocado-gltf","Avocado","gltf","export","98","1098","1","4450.6","8110895","8109904","5","577BE81BE38882B7629C0391DDA4BFB51ACEB236413AB39AE26F9467ED82C14A","ok","42487808"
"nlohmann-2.0.0","e213c56f29a06d286edb48c6db9a7f05cd573bb2","Avocado-glb","Avocado","glb","roundtrip","98","1098","1","74629.9","8110040","8110104","1","C813BA5B22D1EAAA78AECE97500EB82FD483EF1AFC4C3B5494F0C45F40C6B307","ok","42487808"
"nlohmann-2.0.0","e213c56f29a06d286edb48c6db9a7f05cd573bb2","Avocado-gltf","Avocado","gltf","export","99","1099","2","4917.8","8110895","8109904","5","577BE81BE38882B7629C0391DDA4BFB51ACEB236413AB39AE26F9467ED82C14A","ok","42487808"
"nlohmann-2.0.0","e213c56f29a06d286edb48c6db9a7f05cd573bb2","Box-glb","Box","glb","load","99","1099","2","5733.8","1664","0","0","","ok","42487808"
"nlohmann-2.0.0","e213c56f29a06d286edb48c6db9a7f05cd573bb2","Avocado-gltf","Avocado","gltf","load","99","1099","2","20587.6","8110895","0","0","","ok","42487808"
"nlohmann-2.0.0","e213c56f29a06d286edb48c6db9a7f05cd573bb2","Box-gltf","Box","gltf","roundtrip","99","1099","2","7367.4","3546","1618","2","3C980C11AF22743E70D6A34755F3856A488C494AF170A9B64090B03052649936","ok","42487808"
"nlohmann-2.0.0","e213c56f29a06d286edb48c6db9a7f05cd573bb2","Box-gltf","Box","gltf","load","99","1099","2","6129.4","3546","0","0","","ok","42487808"
"nlohmann-2.0.0","e213c56f29a06d286edb48c6db9a7f05cd573bb2","Avocado-glb","Avocado","glb","load","99","1099","2","25991.5","8110040","0","0","","ok","42487808"
"nlohmann-2.0.0","e213c56f29a06d286edb48c6db9a7f05cd573bb2","Box-glb","Box","glb","export","99","1099","2","820","1664","1632","1","92E24B450EDF96029BFD157879B2E8D534DF9399E42C1E65980324EF585CF4C1","ok","42487808"
"nlohmann-2.0.0","e213c56f29a06d286edb48c6db9a7f05cd573bb2","Avocado-glb","Avocado","glb","roundtrip","99","1099","2","133681.2","8110040","8110104","1","C813BA5B22D1EAAA78AECE97500EB82FD483EF1AFC4C3B5494F0C45F40C6B307","ok","42487808"
"nlohmann-2.0.0","e213c56f29a06d286edb48c6db9a7f05cd573bb2","Box-glb","Box","glb","roundtrip","99","1099","2","5778.6","1664","1632","1","92E24B450EDF96029BFD157879B2E8D534DF9399E42C1E65980324EF585CF4C1","ok","42487808"
"nlohmann-2.0.0","e213c56f29a06d286edb48c6db9a7f05cd573bb2","Box-gltf","Box","gltf","export","99","1099","2","708.4","3546","1618","2","3C980C11AF22743E70D6A34755F3856A488C494AF170A9B64090B03052649936","ok","42487808"
"nlohmann-2.0.0","e213c56f29a06d286edb48c6db9a7f05cd573bb2","Avocado-gltf","Avocado","gltf","roundtrip","99","1099","2","21906.9","8110895","8109904","5","577BE81BE38882B7629C0391DDA4BFB51ACEB236413AB39AE26F9467ED82C14A","ok","42487808"
"nlohmann-2.0.0","e213c56f29a06d286edb48c6db9a7f05cd573bb2","Avocado-glb","Avocado","glb","export","99","1099","2","45913.5","8110040","8110104","1","C813BA5B22D1EAAA78AECE97500EB82FD483EF1AFC4C3B5494F0C45F40C6B307","ok","42487808"
"nlohmann-2.0.0","e213c56f29a06d286edb48c6db9a7f05cd573bb2","Avocado-glb","Avocado","glb","load","100","1100","1","25763.6","8110040","0","0","","ok","42377216"
"nlohmann-2.0.0","e213c56f29a06d286edb48c6db9a7f05cd573bb2","Box-gltf","Box","gltf","roundtrip","100","1100","1","15604.3","3546","1618","2","3C980C11AF22743E70D6A34755F3856A488C494AF170A9B64090B03052649936","ok","42377216"
"nlohmann-2.0.0","e213c56f29a06d286edb48c6db9a7f05cd573bb2","Avocado-gltf","Avocado","gltf","roundtrip","100","1100","1","31406.2","8110895","8109904","5","577BE81BE38882B7629C0391DDA4BFB51ACEB236413AB39AE26F9467ED82C14A","ok","42377216"
"nlohmann-2.0.0","e213c56f29a06d286edb48c6db9a7f05cd573bb2","Box-glb","Box","glb","load","100","1100","1","6704.4","1664","0","0","","ok","42377216"
"nlohmann-2.0.0","e213c56f29a06d286edb48c6db9a7f05cd573bb2","Avocado-glb","Avocado","glb","roundtrip","100","1100","1","180954.1","8110040","8110104","1","C813BA5B22D1EAAA78AECE97500EB82FD483EF1AFC4C3B5494F0C45F40C6B307","ok","42377216"
"nlohmann-2.0.0","e213c56f29a06d286edb48c6db9a7f05cd573bb2","Avocado-glb","Avocado","glb","export","100","1100","1","59605.8","8110040","8110104","1","C813BA5B22D1EAAA78AECE97500EB82FD483EF1AFC4C3B5494F0C45F40C6B307","ok","42377216"
"nlohmann-2.0.0","e213c56f29a06d286edb48c6db9a7f05cd573bb2","Avocado-gltf","Avocado","gltf","export","100","1100","1","4433.5","8110895","8109904","5","577BE81BE38882B7629C0391DDA4BFB51ACEB236413AB39AE26F9467ED82C14A","ok","42377216"
"nlohmann-2.0.0","e213c56f29a06d286edb48c6db9a7f05cd573bb2","Box-glb","Box","glb","export","100","1100","1","706.2","1664","1632","1","92E24B450EDF96029BFD157879B2E8D534DF9399E42C1E65980324EF585CF4C1","ok","42377216"
"nlohmann-2.0.0","e213c56f29a06d286edb48c6db9a7f05cd573bb2","Box-gltf","Box","gltf","load","100","1100","1","5159.9","3546","0","0","","ok","42377216"
"nlohmann-2.0.0","e213c56f29a06d286edb48c6db9a7f05cd573bb2","Box-gltf","Box","gltf","export","100","1100","1","671.2","3546","1618","2","3C980C11AF22743E70D6A34755F3856A488C494AF170A9B64090B03052649936","ok","42377216"
"nlohmann-2.0.0","e213c56f29a06d286edb48c6db9a7f05cd573bb2","Box-glb","Box","glb","roundtrip","100","1100","1","5231.5","1664","1632","1","92E24B450EDF96029BFD157879B2E8D534DF9399E42C1E65980324EF585CF4C1","ok","42377216"
"nlohmann-2.0.0","e213c56f29a06d286edb48c6db9a7f05cd573bb2","Avocado-gltf","Avocado","gltf","load","100","1100","1","17499","8110895","0","0","","ok","42377216"
